name,category,subcategory,address,city,country,latitude,longitude,accepts_dogs,accepts_cats,dogs_on_leash_only,outdoor_seating,water_bowl_provided,has_toilets,has_shade,has_dog_area,has_fuel,rating,description,verified,source
Herrather Linde,aire_repos,autoroute,,,France,51.0989165,6.361844,TRUE,FALSE,FALSE,FALSE,FALSE,TRUE,,,FALSE,3.8,Aire de repos.,TRUE,osm
Aire de repos,aire_repos,autoroute,,,France,51.0984385,8.8364308,TRUE,FALSE,FALSE,FALSE,FALSE,FALSE,,,FALSE,3.8,Aire de repos.,TRUE,osm
Aire de repos,aire_repos,autoroute,,,France,51.094574,1.0456657,TRUE,FALSE,FALSE,FALSE,FALSE,,,,FALSE,3.8,Aire de repos.,TRUE,osm
Reusrather Heide Ost,aire_repos,autoroute,,,France,51.0853493,6.9893081,TRUE,FALSE,FALSE,FALSE,FALSE,TRUE,,,FALSE,3.8,Aire de repos.,TRUE,osm
Reusrather Heide West,aire_repos,autoroute,,,France,51.0852614,6.9877889,TRUE,FALSE,FALSE,FALSE,FALSE,TRUE,,,FALSE,3.8,Aire de repos.,TRUE,osm
Dickersberg Nord,aire_repos,autoroute,,,France,51.0808677,9.0910497,TRUE,FALSE,FALSE,FALSE,FALSE,,,,FALSE,3.8,Aire de repos.,TRUE,osm
Dickersberg Süd,aire_repos,autoroute,,,France,51.0804974,9.094636,TRUE,FALSE,FALSE,FALSE,FALSE,,,,FALSE,3.8,Aire de repos.,TRUE,osm
Aire de repos,aire_repos,autoroute,,,France,51.0787157,4.404526,TRUE,FALSE,FALSE,FALSE,FALSE,,,,FALSE,3.8,Aire de repos.,TRUE,osm
Neuenschmiede,aire_repos,autoroute,,,France,51.0783265,7.6966782,TRUE,FALSE,FALSE,FALSE,FALSE,TRUE,,,FALSE,3.8,Aire de repos.,TRUE,osm
Aire de repos,aire_repos,autoroute,,,France,51.0770858,8.3925586,TRUE,FALSE,FALSE,FALSE,FALSE,,,,FALSE,3.8,Aire de repos.,TRUE,osm
Brachtsiepen,aire_repos,autoroute,,,France,51.0744739,7.6967895,TRUE,FALSE,FALSE,FALSE,FALSE,TRUE,,,FALSE,3.8,Aire de repos.,TRUE,osm
Aire de repos,aire_repos,autoroute,,,France,51.0705629,9.3409473,TRUE,FALSE,FALSE,FALSE,FALSE,,,,FALSE,3.8,Aire de repos.,TRUE,osm
Churlwood,aire_repos,autoroute,,,France,51.0611549,0.0203885,TRUE,FALSE,FALSE,FALSE,FALSE,,,,FALSE,3.8,Aire de repos.,TRUE,osm
Aire de repos,aire_repos,autoroute,,,France,51.0603794,9.1859972,TRUE,FALSE,FALSE,FALSE,FALSE,FALSE,,,FALSE,3.8,Aire de repos.,TRUE,osm
Aire de repos,aire_repos,autoroute,,,France,51.058536,4.7472498,TRUE,FALSE,FALSE,FALSE,FALSE,,,,FALSE,3.8,Aire de repos.,TRUE,osm
Aire de Ghyvelde,aire_repos,autoroute,,,France,51.0556916,2.5566249,TRUE,FALSE,FALSE,FALSE,FALSE,FALSE,,,FALSE,3.8,Aire de repos.,TRUE,osm
Aire des Moëres,aire_repos,autoroute,,,France,51.0533406,2.5474911,TRUE,FALSE,FALSE,FALSE,FALSE,,,,FALSE,3.8,Aire de repos.,TRUE,osm
Aire de repos,aire_repos,autoroute,,,France,51.0512541,8.6457512,TRUE,FALSE,FALSE,FALSE,FALSE,FALSE,,,FALSE,3.8,Aire de repos.,TRUE,osm
Kattenschoß,aire_repos,autoroute,,,France,51.0453491,7.7965338,TRUE,FALSE,FALSE,FALSE,FALSE,FALSE,,,FALSE,3.8,Aire de repos.,TRUE,osm
Aire de repos,aire_repos,autoroute,,,France,51.0384286,3.7320967,TRUE,FALSE,FALSE,FALSE,FALSE,,,,FALSE,3.8,Aire de repos.,TRUE,osm
Aire de Téteghem Sud,aire_repos,autoroute,,,France,51.0260341,2.4225674,TRUE,FALSE,FALSE,FALSE,FALSE,TRUE,,,FALSE,3.8,Aire de repos.,TRUE,osm
Esch,aire_repos,autoroute,,,France,51.0252659,6.8503082,TRUE,FALSE,FALSE,FALSE,FALSE,,,,FALSE,3.8,Aire de repos.,TRUE,osm
Weiler,aire_repos,autoroute,,,France,51.0248569,6.8517041,TRUE,FALSE,FALSE,FALSE,FALSE,,,,FALSE,3.8,Aire de repos.,TRUE,osm
In der Böck,aire_repos,autoroute,,,France,51.0175553,6.427626,TRUE,FALSE,FALSE,FALSE,FALSE,TRUE,,,FALSE,3.8,Aire de repos.,TRUE,osm
Königstal,aire_repos,autoroute,,,France,51.0172311,6.4278973,TRUE,FALSE,FALSE,FALSE,FALSE,FALSE,,,FALSE,3.8,Aire de repos.,TRUE,osm
Aire de repos,aire_repos,autoroute,,,France,51.0114256,8.4056133,TRUE,FALSE,FALSE,FALSE,FALSE,,,,FALSE,3.8,Aire de repos.,TRUE,osm
Aire de repos,aire_repos,autoroute,,,France,51.0059528,8.779078,TRUE,FALSE,FALSE,FALSE,FALSE,,,,FALSE,3.8,Aire de repos.,TRUE,osm
Mark,aire_repos,autoroute,,,France,51.0055653,7.8336999,TRUE,FALSE,FALSE,FALSE,FALSE,FALSE,,,FALSE,3.8,Aire de repos.,TRUE,osm
Springe,aire_repos,autoroute,,,France,51.0029021,7.835031,TRUE,FALSE,FALSE,FALSE,FALSE,FALSE,,,FALSE,3.8,Aire de repos.,TRUE,osm
Aire de repos,aire_repos,autoroute,,,France,50.9965306,4.5520844,TRUE,FALSE,FALSE,FALSE,FALSE,,,,FALSE,3.8,Aire de repos.,TRUE,osm
Aire de repos,aire_repos,autoroute,,,France,50.9942775,8.7610435,TRUE,FALSE,FALSE,FALSE,FALSE,,,,FALSE,3.8,Aire de repos.,TRUE,osm
Aire de repos,aire_repos,autoroute,,,France,50.9896682,8.2560153,TRUE,FALSE,FALSE,FALSE,FALSE,,,,FALSE,3.8,Aire de repos.,TRUE,osm
Aire de repos,aire_repos,autoroute,,,France,50.9826201,3.7787113,TRUE,FALSE,FALSE,FALSE,FALSE,,,,FALSE,3.8,Aire de repos.,TRUE,osm
Aire de repos,aire_repos,autoroute,,,France,50.9804271,5.9726338,TRUE,FALSE,FALSE,FALSE,FALSE,,,,FALSE,3.8,Aire de repos.,TRUE,osm
Bellingroth,aire_repos,autoroute,,,France,50.9799122,7.443193,TRUE,FALSE,FALSE,FALSE,FALSE,,,,FALSE,3.8,Aire de repos.,TRUE,osm
Aire de repos,aire_repos,autoroute,,,France,50.9797337,2.0549798,TRUE,FALSE,FALSE,FALSE,FALSE,,,,FALSE,3.8,Aire de repos.,TRUE,osm
Bellingroth,aire_repos,autoroute,,,France,50.9784341,7.4482705,TRUE,FALSE,FALSE,FALSE,FALSE,TRUE,,,FALSE,3.8,Aire de repos.,TRUE,osm
Hömeler Feld,aire_repos,autoroute,,,France,50.9762866,7.5035292,TRUE,FALSE,FALSE,FALSE,FALSE,FALSE,,,FALSE,3.8,Aire de repos.,TRUE,osm
Morkepütz,aire_repos,autoroute,,,France,50.9715759,7.5498958,TRUE,FALSE,FALSE,FALSE,FALSE,TRUE,,,FALSE,3.8,Aire de repos.,TRUE,osm
Aire de repos,aire_repos,autoroute,,,France,50.9688852,4.31607,TRUE,FALSE,FALSE,FALSE,FALSE,,,,FALSE,3.8,Aire de repos.,TRUE,osm
Hasbacher Höhe,aire_repos,autoroute,,,France,50.9658947,7.6923525,TRUE,FALSE,FALSE,FALSE,FALSE,TRUE,,,FALSE,3.8,Aire de repos.,TRUE,osm
Brüner Höhe,aire_repos,autoroute,,,France,50.9628125,7.8459074,TRUE,FALSE,FALSE,FALSE,FALSE,TRUE,,,FALSE,3.8,Aire de repos.,TRUE,osm
Aire de Saint-Georges sur l'Aa,aire_repos,autoroute,,,France,50.9565087,2.1434602,TRUE,FALSE,FALSE,FALSE,FALSE,,,,FALSE,3.8,Aire de repos.,TRUE,osm
Röttgesberg,aire_repos,autoroute,,,France,50.9520349,7.1998017,TRUE,FALSE,FALSE,FALSE,FALSE,FALSE,,,FALSE,3.8,Aire de repos.,TRUE,osm
Aire de repos,aire_repos,autoroute,,,France,50.9513177,5.7232534,TRUE,FALSE,FALSE,FALSE,FALSE,TRUE,,,FALSE,3.8,Aire de repos.,TRUE,osm
Großmicke,aire_repos,autoroute,,,France,50.9498188,7.8614771,TRUE,FALSE,FALSE,FALSE,FALSE,FALSE,,,FALSE,3.8,Aire de repos.,TRUE,osm
Lustheide - Nord,aire_repos,autoroute,,,France,50.9466826,7.1135667,TRUE,FALSE,FALSE,FALSE,FALSE,TRUE,,,FALSE,3.8,Aire de repos.,TRUE,osm
Lustheide,aire_repos,autoroute,,,France,50.946258,7.1135236,TRUE,FALSE,FALSE,FALSE,FALSE,TRUE,,,FALSE,3.8,Aire de repos.,TRUE,osm
Fuchsrain,aire_repos,autoroute,,,France,50.9450122,9.5310386,TRUE,FALSE,FALSE,FALSE,FALSE,TRUE,,,FALSE,3.8,Aire de repos.,TRUE,osm
Unterm Hipperich,aire_repos,autoroute,,,France,50.9443841,7.876459,TRUE,FALSE,FALSE,FALSE,FALSE,FALSE,,,FALSE,3.8,Aire de repos.,TRUE,osm
Aire de repos,aire_repos,autoroute,,,France,50.9398602,6.9629253,TRUE,FALSE,FALSE,FALSE,FALSE,FALSE,,,FALSE,3.8,Aire de repos.,TRUE,osm
Am Pommer,aire_repos,autoroute,,,France,50.9397795,9.5408005,TRUE,FALSE,FALSE,FALSE,FALSE,TRUE,,,FALSE,3.8,Aire de repos.,TRUE,osm
Peutie,aire_repos,autoroute,,,France,50.9375127,4.4749459,TRUE,FALSE,FALSE,FALSE,FALSE,FALSE,,,FALSE,3.8,Aire de repos.,TRUE,osm
Peutie,aire_repos,autoroute,,,France,50.9370424,4.4762385,TRUE,FALSE,FALSE,FALSE,FALSE,,,,FALSE,3.8,Aire de repos.,TRUE,osm
Löffelberg,aire_repos,autoroute,,,France,50.9336625,7.8827051,TRUE,FALSE,FALSE,FALSE,FALSE,TRUE,,,FALSE,3.8,Aire de repos.,TRUE,osm
Aire d'Offekerque,aire_repos,autoroute,,,France,50.9323391,2.0025286,TRUE,FALSE,FALSE,FALSE,FALSE,FALSE,,,FALSE,3.8,Aire de repos.,TRUE,osm
Aire de repos,aire_repos,autoroute,,,France,50.9176877,9.0526555,TRUE,FALSE,FALSE,FALSE,FALSE,,,,FALSE,3.8,Aire de repos.,TRUE,osm
Aire de repos,aire_repos,autoroute,,,France,50.9108881,8.9643842,TRUE,FALSE,FALSE,FALSE,FALSE,FALSE,,,FALSE,3.8,Aire de repos.,TRUE,osm
Kruishoutem Antwerpen - Frankrijk,aire_repos,autoroute,,,France,50.8960874,3.4748104,TRUE,FALSE,FALSE,FALSE,FALSE,,,,FALSE,3.8,Aire de repos.,TRUE,osm
Kruisberg,aire_repos,autoroute,,,France,50.8960374,5.7507773,TRUE,FALSE,FALSE,FALSE,FALSE,FALSE,,,FALSE,3.8,Aire de repos.,TRUE,osm
Krautseifen,aire_repos,autoroute,,,France,50.8922215,7.9271565,TRUE,FALSE,FALSE,FALSE,FALSE,FALSE,,,FALSE,3.8,Aire de repos.,TRUE,osm
Am Lindenberg,aire_repos,autoroute,,,France,50.8915644,7.9269146,TRUE,FALSE,FALSE,FALSE,FALSE,FALSE,,,FALSE,3.8,Aire de repos.,TRUE,osm
Aire de repos,aire_repos,autoroute,,,France,50.8844536,8.0195518,TRUE,FALSE,FALSE,FALSE,FALSE,FALSE,,,FALSE,3.8,Aire de repos.,TRUE,osm
Aire de repos,aire_repos,autoroute,,,France,50.8805358,0.598166,TRUE,FALSE,FALSE,FALSE,FALSE,,,,FALSE,3.8,Aire de repos.,TRUE,osm
Aire de repos,aire_repos,autoroute,,,France,50.8772355,8.455849,TRUE,FALSE,FALSE,FALSE,FALSE,FALSE,,,FALSE,3.8,Aire de repos.,TRUE,osm
Aire de repos,aire_repos,autoroute,,,France,50.873269,4.611785,TRUE,FALSE,FALSE,FALSE,FALSE,,,,FALSE,3.8,Aire de repos.,TRUE,osm
Parking Everberg-Noord,aire_repos,autoroute,,,France,50.8699153,4.5452763,TRUE,FALSE,FALSE,FALSE,FALSE,,,,FALSE,3.8,Aire de repos.,TRUE,osm
Parking Everberg-Zuid,aire_repos,autoroute,,,France,50.8687349,4.5451815,TRUE,FALSE,FALSE,FALSE,FALSE,,,,FALSE,3.8,Aire de repos.,TRUE,osm
Aire de repos,aire_repos,autoroute,,,France,50.8644407,8.427022,TRUE,FALSE,FALSE,FALSE,FALSE,FALSE,,,FALSE,3.8,Aire de repos.,TRUE,osm
Aire de repos,aire_repos,autoroute,,,France,50.8618543,7.8484671,TRUE,FALSE,FALSE,FALSE,FALSE,,,,FALSE,3.8,Aire de repos.,TRUE,osm
Aire de Nortkerque,aire_repos,autoroute,,,France,50.8611913,2.021755,TRUE,FALSE,FALSE,FALSE,FALSE,,,,FALSE,3.8,Aire de repos.,TRUE,osm
Sülztal,aire_repos,autoroute,,,France,50.860457,7.2121147,TRUE,FALSE,FALSE,FALSE,TRUE,TRUE,,,FALSE,3.8,Aire de repos.,TRUE,osm
Aire de repos,aire_repos,autoroute,,,France,50.8562551,4.4650089,TRUE,FALSE,FALSE,FALSE,FALSE,FALSE,,,FALSE,3.8,Aire de repos.,TRUE,osm
Aire de Zutkerque,aire_repos,autoroute,,,France,50.8472216,2.0321128,TRUE,FALSE,FALSE,FALSE,FALSE,,,,FALSE,3.8,Aire de repos.,TRUE,osm
Aire de repos,aire_repos,autoroute,,,France,50.8428978,8.3915712,TRUE,FALSE,FALSE,FALSE,FALSE,FALSE,,,FALSE,3.8,Aire de repos.,TRUE,osm
Aire de repos,aire_repos,autoroute,,,France,50.8418475,8.7810306,TRUE,FALSE,FALSE,FALSE,FALSE,TRUE,,,FALSE,3.8,Aire de repos.,TRUE,osm
Aire de repos,aire_repos,autoroute,,,France,50.8374018,7.446219,TRUE,FALSE,FALSE,FALSE,FALSE,,,,FALSE,3.8,Aire de repos.,TRUE,osm
Rur-Scholle,aire_repos,autoroute,,,France,50.8365325,6.4229757,TRUE,FALSE,FALSE,FALSE,FALSE,TRUE,,,FALSE,3.8,Aire de repos.,TRUE,osm
Rur-Scholle,aire_repos,autoroute,,,France,50.8344086,6.4240644,TRUE,FALSE,FALSE,FALSE,FALSE,,,,FALSE,3.8,Aire de repos.,TRUE,osm
Grensovergang Heerlen Autoweg,aire_repos,autoroute,,,France,50.8194757,6.024287,TRUE,FALSE,FALSE,FALSE,FALSE,,,,FALSE,3.8,Aire de repos.,TRUE,osm
Honsem,aire_repos,autoroute,,,France,50.8190324,4.8453919,TRUE,FALSE,FALSE,FALSE,FALSE,,,,FALSE,3.8,Aire de repos.,TRUE,osm
Aire de repos,aire_repos,autoroute,,,France,50.8174633,8.7739597,TRUE,FALSE,FALSE,FALSE,FALSE,FALSE,,,FALSE,3.8,Aire de repos.,TRUE,osm
Aire de repos,aire_repos,autoroute,,,France,50.8089976,8.8246204,TRUE,FALSE,FALSE,FALSE,FALSE,FALSE,,,FALSE,3.8,Aire de repos.,TRUE,osm
Aire de repos,aire_repos,autoroute,,,France,50.8067898,7.2416688,TRUE,FALSE,FALSE,FALSE,FALSE,FALSE,,,FALSE,3.8,Aire de repos.,TRUE,osm
Aire de repos,aire_repos,autoroute,,,France,50.8065883,7.2483832,TRUE,FALSE,FALSE,FALSE,FALSE,,,,FALSE,3.8,Aire de repos.,TRUE,osm
Aire de repos,aire_repos,autoroute,,,France,50.8022854,8.7758536,TRUE,FALSE,FALSE,FALSE,FALSE,TRUE,,,FALSE,3.8,Aire de repos.,TRUE,osm
Barnholz,aire_repos,autoroute,,,France,50.8012878,9.4990283,TRUE,FALSE,FALSE,FALSE,FALSE,FALSE,,,FALSE,3.8,Aire de repos.,TRUE,osm
Aire de repos,aire_repos,autoroute,,,France,50.7995868,8.7688302,TRUE,FALSE,FALSE,FALSE,FALSE,TRUE,,,FALSE,3.8,Aire de repos.,TRUE,osm
Aire de repos,aire_repos,autoroute,,,France,50.7947211,7.274755,TRUE,FALSE,FALSE,FALSE,FALSE,FALSE,,,FALSE,3.8,Aire de repos.,TRUE,osm
Rimberg,aire_repos,autoroute,,,France,50.7925805,9.4728384,TRUE,FALSE,FALSE,FALSE,FALSE,TRUE,,,FALSE,3.8,Aire de repos.,TRUE,osm
Am alten Hau,aire_repos,autoroute,,,France,50.78714,6.8446579,TRUE,FALSE,FALSE,FALSE,FALSE,TRUE,,,FALSE,3.8,Aire de repos.,TRUE,osm
Am alten Hau,aire_repos,autoroute,,,France,50.7866603,6.8452033,TRUE,FALSE,FALSE,FALSE,FALSE,TRUE,,,FALSE,3.8,Aire de repos.,TRUE,osm
Aire de repos,aire_repos,autoroute,,,France,50.7862468,-2.0263514,TRUE,FALSE,FALSE,FALSE,FALSE,FALSE,,,FALSE,3.8,Aire de repos.,TRUE,osm
Strampen,aire_repos,autoroute,,,France,50.7835224,9.5564837,TRUE,FALSE,FALSE,FALSE,FALSE,FALSE,,,FALSE,3.8,Aire de repos.,TRUE,osm
Aire de repos,aire_repos,autoroute,,,France,50.7828563,3.9349239,TRUE,FALSE,FALSE,FALSE,FALSE,,,,FALSE,3.8,Aire de repos.,TRUE,osm
Aire de repos,aire_repos,autoroute,,,France,50.7827935,7.2263038,TRUE,FALSE,FALSE,FALSE,FALSE,,,,FALSE,3.8,Aire de repos.,TRUE,osm
Aire de repos,aire_repos,autoroute,,,France,50.7813139,6.0800578,TRUE,FALSE,FALSE,FALSE,FALSE,FALSE,,,FALSE,3.8,Aire de repos.,TRUE,osm
Aire de repos,aire_repos,autoroute,,,France,50.7755897,7.3049719,TRUE,FALSE,FALSE,FALSE,FALSE,,,,FALSE,3.8,Aire de repos.,TRUE,osm
Aire de repos,aire_repos,autoroute,,,France,50.7727919,2.2406055,TRUE,FALSE,FALSE,FALSE,FALSE,,,,FALSE,3.8,Aire de repos.,TRUE,osm
Aire de repos,aire_repos,autoroute,,,France,50.7712618,6.3150207,TRUE,FALSE,FALSE,FALSE,FALSE,FALSE,,,FALSE,3.8,Aire de repos.,TRUE,osm
Aire de repos,aire_repos,autoroute,,,France,50.7686514,7.3479141,TRUE,FALSE,FALSE,FALSE,FALSE,,,,FALSE,3.8,Aire de repos.,TRUE,osm
Aire de repos,aire_repos,autoroute,,,France,50.7661599,2.2623817,TRUE,FALSE,FALSE,FALSE,FALSE,,,,FALSE,3.8,Aire de repos.,TRUE,osm
Aire de repos,aire_repos,autoroute,,,France,50.7605441,7.4337397,TRUE,FALSE,FALSE,FALSE,FALSE,,,,FALSE,3.8,Aire de repos.,TRUE,osm
Am Borbelholz,aire_repos,autoroute,,,France,50.7601386,8.1706748,TRUE,FALSE,FALSE,FALSE,FALSE,FALSE,,,FALSE,3.8,Aire de repos.,TRUE,osm
Eifa,aire_repos,autoroute,,,France,50.7570343,9.3517766,TRUE,FALSE,FALSE,FALSE,FALSE,TRUE,,,FALSE,3.8,Aire de repos.,TRUE,osm
Aire de Hélécine,aire_repos,autoroute,,,France,50.7527199,4.95319,TRUE,FALSE,FALSE,FALSE,FALSE,,,,FALSE,3.8,Aire de repos.,TRUE,osm
Park und Raststelle,aire_repos,autoroute,,,France,50.7505647,7.4340795,TRUE,FALSE,FALSE,FALSE,FALSE,FALSE,,,FALSE,3.8,Aire de repos.,TRUE,osm
Aire de repos,aire_repos,autoroute,,,France,50.749269,-3.4022722,TRUE,FALSE,FALSE,FALSE,FALSE,FALSE,,,FALSE,3.8,Aire de repos.,TRUE,osm
Aire de repos,aire_repos,autoroute,,,France,50.7491274,-1.7308809,TRUE,FALSE,FALSE,FALSE,FALSE,,,,FALSE,3.8,Aire de repos.,TRUE,osm
Diebachsgraben,aire_repos,autoroute,,,France,50.7479594,9.0328675,TRUE,FALSE,FALSE,FALSE,FALSE,,,,FALSE,3.8,Aire de repos.,TRUE,osm
Auf dem Bon,aire_repos,autoroute,,,France,50.7461099,8.2323987,TRUE,FALSE,FALSE,FALSE,FALSE,TRUE,,,FALSE,3.8,Aire de repos.,TRUE,osm
Aire de repos,aire_repos,autoroute,,,France,50.7459282,-3.4108713,TRUE,FALSE,FALSE,FALSE,FALSE,FALSE,,,FALSE,3.8,Aire de repos.,TRUE,osm
Schlierberg,aire_repos,autoroute,,,France,50.7446806,8.2346731,TRUE,FALSE,FALSE,FALSE,FALSE,TRUE,,,FALSE,3.8,Aire de repos.,TRUE,osm
Oberste Heide,aire_repos,autoroute,,,France,50.7417684,6.7994491,TRUE,FALSE,FALSE,FALSE,FALSE,TRUE,,,FALSE,3.8,Aire de repos.,TRUE,osm
Aire de repos,aire_repos,autoroute,,,France,50.7412506,3.5575062,TRUE,FALSE,FALSE,FALSE,FALSE,,,,FALSE,3.8,Aire de repos.,TRUE,osm
Aire de Slins,aire_repos,autoroute,,,France,50.7410048,5.5769406,TRUE,FALSE,FALSE,FALSE,FALSE,,,,FALSE,3.8,Aire de repos.,TRUE,osm
Aire de repos,aire_repos,autoroute,,,France,50.7409296,-3.9315605,TRUE,FALSE,FALSE,FALSE,FALSE,FALSE,,,FALSE,3.8,Aire de repos.,TRUE,osm
Aire de repos,aire_repos,autoroute,,,France,50.739122,-3.9076138,TRUE,FALSE,FALSE,FALSE,FALSE,FALSE,,,FALSE,3.8,Aire de repos.,TRUE,osm
Aire de repos,aire_repos,autoroute,,,France,50.7388876,0.2480827,TRUE,FALSE,FALSE,FALSE,FALSE,FALSE,,,FALSE,3.8,Aire de repos.,TRUE,osm
Am blauen Stein,aire_repos,autoroute,,,France,50.7367397,6.8738143,TRUE,FALSE,FALSE,FALSE,FALSE,TRUE,,,FALSE,3.8,Aire de repos.,TRUE,osm
Karl Höhner Platz,aire_repos,autoroute,,,France,50.7357685,7.3075759,TRUE,FALSE,FALSE,TRUE,FALSE,,,,FALSE,3.8,Aire de repos.,TRUE,osm
Aire de repos,aire_repos,autoroute,,,France,50.732095,-2.4015417,TRUE,FALSE,FALSE,FALSE,FALSE,,,,FALSE,3.8,Aire de repos.,TRUE,osm
Aire de repos,aire_repos,autoroute,,,France,50.7290039,-3.4174624,TRUE,FALSE,FALSE,FALSE,FALSE,FALSE,,,FALSE,3.8,Aire de repos.,TRUE,osm
Aire de repos,aire_repos,autoroute,,,France,50.7287975,-3.4124682,TRUE,FALSE,FALSE,FALSE,FALSE,,,,FALSE,3.8,Aire de repos.,TRUE,osm
Aire de repos,aire_repos,autoroute,,,France,50.7268869,-2.7780648,TRUE,FALSE,FALSE,FALSE,FALSE,,,,FALSE,3.8,Aire de repos.,TRUE,osm
Aire de Setques-Nord,aire_repos,autoroute,,,France,50.7204958,2.1708044,TRUE,FALSE,FALSE,FALSE,FALSE,,,,FALSE,3.8,Aire de repos.,TRUE,osm
Aire de Setques-Sud,aire_repos,autoroute,,,France,50.7180539,2.173843,TRUE,FALSE,FALSE,FALSE,FALSE,,,,FALSE,3.8,Aire de repos.,TRUE,osm
Aire de repos,aire_repos,autoroute,,,France,50.7178567,-4.0377731,TRUE,FALSE,FALSE,FALSE,FALSE,FALSE,,,FALSE,3.8,Aire de repos.,TRUE,osm
Dottenberg,aire_repos,autoroute,,,France,50.7155934,9.1126686,TRUE,FALSE,FALSE,FALSE,FALSE,TRUE,,,FALSE,3.8,Aire de repos.,TRUE,osm
Krachgarten,aire_repos,autoroute,,,France,50.7140875,9.1067956,TRUE,FALSE,FALSE,FALSE,FALSE,FALSE,,,FALSE,3.8,Aire de repos.,TRUE,osm
Aire de Steenwerck,aire_repos,autoroute,,,France,50.7040025,2.7883395,TRUE,FALSE,FALSE,FALSE,FALSE,,,,FALSE,3.8,Aire de repos.,TRUE,osm
Aire de Oreye,aire_repos,autoroute,,,France,50.70341,5.3203107,TRUE,FALSE,FALSE,FALSE,FALSE,,,,FALSE,3.8,Aire de repos.,TRUE,osm
Aire de repos,aire_repos,autoroute,,,France,50.6995941,8.4287872,TRUE,FALSE,FALSE,FALSE,FALSE,FALSE,,,FALSE,3.8,Aire de repos.,TRUE,osm
Rustzone Halle,aire_repos,autoroute,,,France,50.6977329,4.2843659,TRUE,FALSE,FALSE,FALSE,FALSE,,,,FALSE,3.8,Aire de repos.,TRUE,osm
Aire de repos,aire_repos,autoroute,,,France,50.6949382,6.2992825,TRUE,FALSE,FALSE,FALSE,FALSE,,,,FALSE,3.8,Aire de repos.,TRUE,osm
Aire de Steenwerck,aire_repos,autoroute,,,France,50.6940684,2.8090166,TRUE,FALSE,FALSE,FALSE,FALSE,FALSE,,,FALSE,3.8,Aire de repos.,TRUE,osm
Aire de repos,aire_repos,autoroute,,,France,50.6928199,7.0029728,TRUE,FALSE,FALSE,FALSE,FALSE,,,,FALSE,3.8,Aire de repos.,TRUE,osm
Aire de repos,aire_repos,autoroute,,,France,50.6879814,1.6422059,TRUE,FALSE,FALSE,FALSE,FALSE,,,,FALSE,3.8,Aire de repos.,TRUE,osm
Aire de Crisnée,aire_repos,autoroute,,,France,50.6877762,5.4132432,TRUE,FALSE,FALSE,FALSE,FALSE,,,,FALSE,3.8,Aire de repos.,TRUE,osm
Aire de Crisnée,aire_repos,autoroute,,,France,50.6877272,5.4178971,TRUE,FALSE,FALSE,FALSE,FALSE,FALSE,,,FALSE,3.8,Aire de repos.,TRUE,osm
Parkplatz Schützenhaus,aire_repos,autoroute,,,France,50.6820054,7.6198115,TRUE,FALSE,FALSE,FALSE,FALSE,,,,FALSE,3.8,Aire de repos.,TRUE,osm
Aire de repos,aire_repos,autoroute,,,France,50.6790752,4.4125757,TRUE,FALSE,FALSE,FALSE,FALSE,,,,FALSE,3.8,Aire de repos.,TRUE,osm
Aire de repos,aire_repos,autoroute,,,France,50.6788052,9.5995834,TRUE,FALSE,FALSE,FALSE,FALSE,,,,FALSE,3.8,Aire de repos.,TRUE,osm
Logebachtal,aire_repos,autoroute,,,France,50.6752162,7.2961298,TRUE,FALSE,FALSE,FALSE,FALSE,TRUE,,,FALSE,3.8,Aire de repos.,TRUE,osm
Logebachtal,aire_repos,autoroute,,,France,50.6743089,7.2957335,TRUE,FALSE,FALSE,FALSE,FALSE,TRUE,,,FALSE,3.8,Aire de repos.,TRUE,osm
Aire de repos,aire_repos,autoroute,,,France,50.6728085,1.6587386,TRUE,FALSE,FALSE,FALSE,FALSE,,,,FALSE,3.8,Aire de repos.,TRUE,osm
Aire de repos,aire_repos,autoroute,,,France,50.6666131,7.9870414,TRUE,FALSE,FALSE,FALSE,FALSE,FALSE,,,FALSE,3.8,Aire de repos.,TRUE,osm
Aire de repos,aire_repos,autoroute,,,France,50.6561134,6.3960322,TRUE,FALSE,FALSE,FALSE,FALSE,,,,FALSE,3.8,Aire de repos.,TRUE,osm
Aire de repos,aire_repos,autoroute,,,France,50.6545938,4.4128151,TRUE,FALSE,FALSE,FALSE,FALSE,FALSE,,,FALSE,3.8,Aire de repos.,TRUE,osm
Aire de Nil-Saint-Martin,aire_repos,autoroute,,,France,50.6525299,4.6932816,TRUE,FALSE,FALSE,FALSE,FALSE,FALSE,,,FALSE,3.8,Aire de repos.,TRUE,osm
Aire de repos,aire_repos,autoroute,,,France,50.6473662,3.4505536,TRUE,FALSE,FALSE,FALSE,FALSE,,,,FALSE,3.8,Aire de repos.,TRUE,osm
Aire de Haut Vent,aire_repos,autoroute,,,France,50.646974,5.9088854,TRUE,FALSE,FALSE,FALSE,FALSE,,,,FALSE,3.8,Aire de repos.,TRUE,osm
Aire de repos,aire_repos,autoroute,,,France,50.6463107,7.952121,TRUE,FALSE,FALSE,FALSE,FALSE,,,,FALSE,3.8,Aire de repos.,TRUE,osm
Aire de Glain,aire_repos,autoroute,,,France,50.6453271,5.5417375,TRUE,FALSE,FALSE,FALSE,FALSE,,,,FALSE,3.8,Aire de repos.,TRUE,osm
Aire de Melen,aire_repos,autoroute,,,France,50.6410719,5.7308248,TRUE,FALSE,FALSE,FALSE,FALSE,,,,FALSE,3.8,Aire de repos.,TRUE,osm
Aire de repos,aire_repos,autoroute,,,France,50.6383842,3.681003,TRUE,FALSE,FALSE,FALSE,FALSE,,,,FALSE,3.8,Aire de repos.,TRUE,osm
Aire de repos,aire_repos,autoroute,,,France,50.637098,7.3583416,TRUE,FALSE,FALSE,FALSE,FALSE,FALSE,,,FALSE,3.8,Aire de repos.,TRUE,osm
Aire de Hautregard,aire_repos,autoroute,,,France,50.6349714,5.8146045,TRUE,FALSE,FALSE,FALSE,FALSE,,,,FALSE,3.8,Aire de repos.,TRUE,osm
Aire de Villefleur,aire_repos,autoroute,,,France,50.6288445,2.2976026,TRUE,FALSE,FALSE,FALSE,FALSE,,,,FALSE,3.8,Aire de repos.,TRUE,osm
Aire du Grand Riez,aire_repos,autoroute,,,France,50.6284382,2.2969573,TRUE,FALSE,FALSE,FALSE,FALSE,,,,FALSE,3.8,Aire de repos.,TRUE,osm
Aire de repos,aire_repos,autoroute,,,France,50.62676,6.0855981,TRUE,FALSE,FALSE,FALSE,FALSE,FALSE,,,FALSE,3.8,Aire de repos.,TRUE,osm
Aire de repos,aire_repos,autoroute,,,France,50.6246943,4.4347965,TRUE,FALSE,FALSE,FALSE,FALSE,,,,FALSE,3.8,Aire de repos.,TRUE,osm
Aire de repos,aire_repos,autoroute,,,France,50.622415,8.4547574,TRUE,FALSE,FALSE,FALSE,FALSE,FALSE,,,FALSE,3.8,Aire de repos.,TRUE,osm
Gleiberger Land,aire_repos,autoroute,,,France,50.6198551,8.6708573,TRUE,FALSE,FALSE,FALSE,FALSE,TRUE,,,FALSE,3.8,Aire de repos.,TRUE,osm
Silbersee,aire_repos,autoroute,,,France,50.6195387,8.6718978,TRUE,FALSE,FALSE,FALSE,FALSE,TRUE,,,FALSE,3.8,Aire de repos.,TRUE,osm
Aire de repos,aire_repos,autoroute,,,France,50.6172347,-3.5901325,TRUE,FALSE,FALSE,FALSE,FALSE,,,,FALSE,3.8,Aire de repos.,TRUE,osm
Pfaffenbach,aire_repos,autoroute,,,France,50.6156544,7.4184986,TRUE,FALSE,FALSE,FALSE,FALSE,TRUE,,,FALSE,3.8,Aire de repos.,TRUE,osm
Aire de Hozémont,aire_repos,autoroute,,,France,50.6155882,5.3966993,TRUE,FALSE,FALSE,FALSE,FALSE,,,,FALSE,3.8,Aire de repos.,TRUE,osm
Aire de repos,aire_repos,autoroute,,,France,50.6150131,-2.0672646,TRUE,FALSE,FALSE,FALSE,FALSE,FALSE,,,FALSE,3.8,Aire de repos.,TRUE,osm
Lemper Berg,aire_repos,autoroute,,,France,50.612796,8.4139417,TRUE,FALSE,FALSE,FALSE,FALSE,FALSE,,,FALSE,3.8,Aire de repos.,TRUE,osm
Aire de repos,aire_repos,autoroute,,,France,50.6111249,8.4221235,TRUE,FALSE,FALSE,FALSE,FALSE,,,,FALSE,3.8,Aire de repos.,TRUE,osm
Grüner Winkel,aire_repos,autoroute,,,France,50.6084398,6.7103244,TRUE,FALSE,FALSE,FALSE,FALSE,TRUE,,,FALSE,3.8,Aire de repos.,TRUE,osm
Aire de repos,aire_repos,autoroute,,,France,50.6078599,-3.6031278,TRUE,FALSE,FALSE,FALSE,FALSE,,,,FALSE,3.8,Aire de repos.,TRUE,osm
Aire de Lamain,aire_repos,autoroute,,,France,50.6043824,3.273978,TRUE,FALSE,FALSE,FALSE,FALSE,,,,FALSE,3.8,Aire de repos.,TRUE,osm
Aire de repos,aire_repos,autoroute,,,France,50.6043771,-3.6096241,TRUE,FALSE,FALSE,FALSE,FALSE,,,,FALSE,3.8,Aire de repos.,TRUE,osm
Aire de Camphin-en-Pévèle,aire_repos,autoroute,,,France,50.6035266,3.2752482,TRUE,FALSE,FALSE,FALSE,FALSE,,,,FALSE,3.8,Aire de repos.,TRUE,osm
Aire de Bourgambray,aire_repos,autoroute,,,France,50.5973929,3.4497259,TRUE,FALSE,FALSE,FALSE,FALSE,,,,FALSE,3.8,Aire de repos.,TRUE,osm
Aire de repos,aire_repos,autoroute,,,France,50.5957721,8.3941827,TRUE,FALSE,FALSE,FALSE,FALSE,FALSE,,,FALSE,3.8,Aire de repos.,TRUE,osm
Kochsgrund,aire_repos,autoroute,,,France,50.5917891,8.5177918,TRUE,FALSE,FALSE,FALSE,FALSE,TRUE,,,FALSE,3.8,Aire de repos.,TRUE,osm
Vogelsang,aire_repos,autoroute,,,France,50.5917186,8.5202277,TRUE,FALSE,FALSE,FALSE,FALSE,TRUE,,,FALSE,3.8,Aire de repos.,TRUE,osm
Aire de repos,aire_repos,autoroute,,,France,50.585965,-3.5880844,TRUE,FALSE,FALSE,FALSE,FALSE,,,,FALSE,3.8,Aire de repos.,TRUE,osm
Goldene Meile,aire_repos,autoroute,,,France,50.5813675,7.0600067,TRUE,FALSE,FALSE,FALSE,FALSE,,,,FALSE,3.8,Aire de repos.,TRUE,osm
Aire des Falaises de Widehem Ouest,aire_repos,autoroute,,,France,50.5784179,1.6391795,TRUE,FALSE,FALSE,FALSE,FALSE,,,,FALSE,3.8,Aire de repos.,TRUE,osm
Aire des Falaises de Widehem Est,aire_repos,autoroute,,,France,50.5756677,1.6451208,TRUE,FALSE,FALSE,FALSE,FALSE,,,,FALSE,3.8,Aire de repos.,TRUE,osm
Aire de repos,aire_repos,autoroute,,,France,50.5737457,9.593289,TRUE,FALSE,FALSE,FALSE,FALSE,FALSE,,,FALSE,3.8,Aire de repos.,TRUE,osm
Mühlenberg,aire_repos,autoroute,,,France,50.5731272,7.1343254,TRUE,FALSE,FALSE,FALSE,FALSE,,,,FALSE,3.8,Aire de repos.,TRUE,osm
Aire de repos,aire_repos,autoroute,,,France,50.5727876,-3.5964131,TRUE,FALSE,FALSE,FALSE,FALSE,,,,FALSE,3.8,Aire de repos.,TRUE,osm
Hassel,aire_repos,autoroute,,,France,50.5726422,7.1338194,TRUE,FALSE,FALSE,FALSE,FALSE,FALSE,,,FALSE,3.8,Aire de repos.,TRUE,osm
Aire de repos,aire_repos,autoroute,,,France,50.5692615,2.4665993,TRUE,FALSE,FALSE,FALSE,FALSE,,,,FALSE,3.8,Aire de repos.,TRUE,osm
Aire de repos,aire_repos,autoroute,,,France,50.569107,2.4875935,TRUE,FALSE,FALSE,FALSE,FALSE,,,,FALSE,3.8,Aire de repos.,TRUE,osm
Aire de repos,aire_repos,autoroute,,,France,50.5646545,6.3147893,TRUE,FALSE,FALSE,FALSE,FALSE,FALSE,,,FALSE,3.8,Aire de repos.,TRUE,osm
Aire de repos,aire_repos,autoroute,,,France,50.5641554,7.2447981,TRUE,FALSE,FALSE,FALSE,FALSE,FALSE,,,FALSE,3.8,Aire de repos.,TRUE,osm
Aire de repos,aire_repos,autoroute,,,France,50.5596037,-3.6638378,TRUE,FALSE,FALSE,FALSE,FALSE,FALSE,,,FALSE,3.8,Aire de repos.,TRUE,osm
Aire de Hubaumont,aire_repos,autoroute,,,France,50.5567801,4.279825,TRUE,FALSE,FALSE,FALSE,FALSE,FALSE,,,FALSE,3.8,Aire de repos.,TRUE,osm
Märkerwald,aire_repos,autoroute,,,France,50.5551424,7.5719128,TRUE,FALSE,FALSE,FALSE,FALSE,TRUE,,,FALSE,3.8,Aire de repos.,TRUE,osm
Aire d'Ostin,aire_repos,autoroute,,,France,50.5546238,4.8450705,TRUE,FALSE,FALSE,FALSE,FALSE,FALSE,,,FALSE,3.8,Aire de repos.,TRUE,osm
Aire de repos,aire_repos,autoroute,,,France,50.5527736,-3.6787923,TRUE,FALSE,FALSE,FALSE,FALSE,FALSE,,,FALSE,3.8,Aire de repos.,TRUE,osm
Aire de repos,aire_repos,autoroute,,,France,50.5522047,-4.1095573,TRUE,FALSE,FALSE,FALSE,FALSE,,,,FALSE,3.8,Aire de repos.,TRUE,osm
Aire de repos,aire_repos,autoroute,,,France,50.5472241,7.0009612,TRUE,FALSE,FALSE,FALSE,FALSE,FALSE,,,FALSE,3.8,Aire de repos.,TRUE,osm
Aire de repos,aire_repos,autoroute,,,France,50.5461404,-3.6901085,TRUE,FALSE,FALSE,FALSE,FALSE,FALSE,,,FALSE,3.8,Aire de repos.,TRUE,osm
Aire de Nandy-Gennotte,aire_repos,autoroute,,,France,50.5436665,3.5566943,TRUE,FALSE,FALSE,FALSE,FALSE,FALSE,,,FALSE,3.8,Aire de repos.,TRUE,osm
Aire de repos,aire_repos,autoroute,,,France,50.5423075,-3.7002676,TRUE,FALSE,FALSE,FALSE,FALSE,FALSE,,,FALSE,3.8,Aire de repos.,TRUE,osm
Aire de Polleur,aire_repos,autoroute,,,France,50.5400364,5.8725275,TRUE,FALSE,FALSE,FALSE,FALSE,,,,FALSE,3.8,Aire de repos.,TRUE,osm
Aire de la Grande Bucaille,aire_repos,autoroute,,,France,50.5399505,2.5399417,TRUE,FALSE,FALSE,FALSE,FALSE,,,,FALSE,3.8,Aire de repos.,TRUE,osm
Aire de Couthuin,aire_repos,autoroute,,,France,50.5392887,5.122904,TRUE,FALSE,FALSE,FALSE,FALSE,TRUE,,,FALSE,3.8,Aire de repos.,TRUE,osm
Aire du Réveillon,aire_repos,autoroute,,,France,50.5384917,2.5418832,TRUE,FALSE,FALSE,FALSE,FALSE,,,,FALSE,3.8,Aire de repos.,TRUE,osm
Aire de Bury,aire_repos,autoroute,,,France,50.538323,3.5807469,TRUE,FALSE,FALSE,FALSE,FALSE,FALSE,,,FALSE,3.8,Aire de repos.,TRUE,osm
Aire de repos,aire_repos,autoroute,,,France,50.5381767,-3.7099461,TRUE,FALSE,FALSE,FALSE,FALSE,FALSE,,,FALSE,3.8,Aire de repos.,TRUE,osm
aire de repos,aire_repos,autoroute,,,France,50.5362586,5.6335414,TRUE,FALSE,FALSE,FALSE,FALSE,,,,FALSE,3.8,Aire de repos.,TRUE,osm
Aire de repos,aire_repos,autoroute,,,France,50.5325692,6.4649607,TRUE,FALSE,FALSE,FALSE,FALSE,FALSE,,,FALSE,3.8,Aire de repos.,TRUE,osm
Pfaffenpfad,aire_repos,autoroute,,,France,50.5270926,8.6190099,TRUE,FALSE,FALSE,FALSE,FALSE,TRUE,,,FALSE,3.8,Aire de repos.,TRUE,osm
Limes-Ost,aire_repos,autoroute,,,France,50.520742,8.7571557,TRUE,FALSE,FALSE,FALSE,FALSE,FALSE,,,FALSE,3.8,Aire de repos.,TRUE,osm
Limes-West,aire_repos,autoroute,,,France,50.5206948,8.756143,TRUE,FALSE,FALSE,FALSE,FALSE,TRUE,,,FALSE,3.8,Aire de repos.,TRUE,osm
Aire de Fromiée,aire_repos,autoroute,,,France,50.5196573,4.3966961,TRUE,FALSE,FALSE,FALSE,FALSE,,,,FALSE,3.8,Aire de repos.,TRUE,osm
Aire de repos,aire_repos,autoroute,,,France,50.5189522,6.4548517,TRUE,FALSE,FALSE,FALSE,FALSE,,,,FALSE,3.8,Aire de repos.,TRUE,osm
Aire de repos,aire_repos,autoroute,,,France,50.5162967,6.4611484,TRUE,FALSE,FALSE,FALSE,FALSE,,,,FALSE,3.8,Aire de repos.,TRUE,osm
Aire de repos,aire_repos,autoroute,,,France,50.5142725,-4.2791802,TRUE,FALSE,FALSE,FALSE,FALSE,FALSE,,,FALSE,3.8,Aire de repos.,TRUE,osm
Aire de repos,aire_repos,autoroute,,,France,50.513212,9.2177169,TRUE,FALSE,FALSE,FALSE,FALSE,,,,FALSE,3.8,Aire de repos.,TRUE,osm
Aire de Besonrieux,aire_repos,autoroute,,,France,50.5114043,4.1774467,TRUE,FALSE,FALSE,FALSE,FALSE,FALSE,,,FALSE,3.8,Aire de repos.,TRUE,osm
Aire de repos,aire_repos,autoroute,,,France,50.5105128,6.8806712,TRUE,FALSE,FALSE,FALSE,FALSE,,,,FALSE,3.8,Aire de repos.,TRUE,osm
Aire de repos,aire_repos,autoroute,,,France,50.5095457,8.980752,TRUE,FALSE,FALSE,FALSE,FALSE,,,,FALSE,3.8,Aire de repos.,TRUE,osm
Hardt,aire_repos,autoroute,,,France,50.5083446,8.6783116,TRUE,FALSE,FALSE,FALSE,FALSE,FALSE,,,FALSE,3.8,Aire de repos.,TRUE,osm
Aire de repos,aire_repos,autoroute,,,France,50.5080357,5.9015962,TRUE,FALSE,FALSE,FALSE,FALSE,,,,FALSE,3.8,Aire de repos.,TRUE,osm
Aire de Hulplanche,aire_repos,autoroute,,,France,50.5040353,4.8237453,TRUE,FALSE,FALSE,FALSE,FALSE,,,,FALSE,3.8,Aire de repos.,TRUE,osm
Aire de repos,aire_repos,autoroute,,,France,50.5006135,6.4385787,TRUE,FALSE,FALSE,FALSE,FALSE,FALSE,,,FALSE,3.8,Aire de repos.,TRUE,osm
Aire de repos,aire_repos,autoroute,,,France,50.4967785,-4.316538,TRUE,FALSE,FALSE,FALSE,FALSE,,,,FALSE,3.8,Aire de repos.,TRUE,osm
Engelgau,aire_repos,autoroute,,,France,50.4896633,6.674632,TRUE,FALSE,FALSE,FALSE,FALSE,TRUE,,,FALSE,3.8,Aire de repos.,TRUE,osm
Aire de repos,aire_repos,autoroute,,,France,50.4881682,-4.3279749,TRUE,FALSE,FALSE,FALSE,FALSE,FALSE,,,FALSE,3.8,Aire de repos.,TRUE,osm
Aire de repos,aire_repos,autoroute,,,France,50.4876331,2.6017009,TRUE,FALSE,FALSE,FALSE,FALSE,,,,FALSE,3.8,Aire de repos.,TRUE,osm
Aire de repos,aire_repos,autoroute,,,France,50.4868482,-4.3700727,TRUE,FALSE,FALSE,FALSE,FALSE,FALSE,,,FALSE,3.8,Aire de repos.,TRUE,osm
Kurt Bach Hütte,aire_repos,autoroute,,,France,50.4866394,8.991506,TRUE,FALSE,FALSE,FALSE,FALSE,,,,FALSE,3.8,Aire de repos.,TRUE,osm
Pfahlgraben,aire_repos,autoroute,,,France,50.482913,8.6969255,TRUE,FALSE,FALSE,FALSE,FALSE,FALSE,,,FALSE,3.8,Aire de repos.,TRUE,osm
Aire de repos,aire_repos,autoroute,,,France,50.4818247,2.5980444,TRUE,FALSE,FALSE,FALSE,FALSE,,,,FALSE,3.8,Aire de repos.,TRUE,osm
Aire des Amoudries,aire_repos,autoroute,,,France,50.4755593,4.4830412,TRUE,FALSE,FALSE,FALSE,FALSE,FALSE,,,FALSE,3.8,Aire de repos.,TRUE,osm
Dr. Metzler Brunnen/ Birnche,aire_repos,autoroute,,,France,50.4742976,8.9910219,TRUE,FALSE,FALSE,FALSE,FALSE,FALSE,,,FALSE,3.8,Aire de repos.,TRUE,osm
Aire de repos,aire_repos,autoroute,,,France,50.467496,-4.4314519,TRUE,FALSE,FALSE,FALSE,FALSE,FALSE,,,FALSE,3.8,Aire de repos.,TRUE,osm
Aire de repos,aire_repos,autoroute,,,France,50.4638974,7.2364123,TRUE,FALSE,FALSE,FALSE,FALSE,FALSE,,,FALSE,3.8,Aire de repos.,TRUE,osm
Aire de repos,aire_repos,autoroute,,,France,50.463714,-3.7897311,TRUE,FALSE,FALSE,FALSE,FALSE,FALSE,,,FALSE,3.8,Aire de repos.,TRUE,osm
Aire de repos,aire_repos,autoroute,,,France,50.4607179,8.063366,TRUE,FALSE,FALSE,FALSE,FALSE,FALSE,,,FALSE,3.8,Aire de repos.,TRUE,osm
Aire de Cronchamps,aire_repos,autoroute,,,France,50.4602486,5.9969963,TRUE,FALSE,FALSE,FALSE,FALSE,FALSE,,,FALSE,3.8,Aire de repos.,TRUE,osm
Aire de repos,aire_repos,autoroute,,,France,50.4583179,-4.5503697,TRUE,FALSE,FALSE,FALSE,FALSE,FALSE,,,FALSE,3.8,Aire de repos.,TRUE,osm
Aire de repos,aire_repos,autoroute,,,France,50.4515884,-4.5378444,TRUE,FALSE,FALSE,FALSE,FALSE,FALSE,,,FALSE,3.8,Aire de repos.,TRUE,osm
Aire de Fontaine-l'Évêque,aire_repos,autoroute,,,France,50.4491358,4.317953,TRUE,FALSE,FALSE,FALSE,FALSE,,,,FALSE,3.8,Aire de repos.,TRUE,osm
Aire de repos,aire_repos,autoroute,,,France,50.4477714,5.1456076,TRUE,FALSE,FALSE,FALSE,FALSE,FALSE,,,FALSE,3.8,Aire de repos.,TRUE,osm
Aire de repos,aire_repos,autoroute,,,France,50.4477127,6.4936036,TRUE,FALSE,FALSE,FALSE,FALSE,,,,FALSE,3.8,Aire de repos.,TRUE,osm
Mühlholz,aire_repos,autoroute,,,France,50.4474225,7.6792183,TRUE,FALSE,FALSE,FALSE,FALSE,,,,FALSE,3.8,Aire de repos.,TRUE,osm
Seelbachwiese,aire_repos,autoroute,,,France,50.4461554,7.6880561,TRUE,FALSE,FALSE,FALSE,FALSE,FALSE,,,FALSE,3.8,Aire de repos.,TRUE,osm
Aire de repos,aire_repos,autoroute,,,France,50.4433781,8.5281659,TRUE,FALSE,FALSE,FALSE,FALSE,,,,FALSE,3.8,Aire de repos.,TRUE,osm
Aire de repos,aire_repos,autoroute,,,France,50.4413007,-3.7964098,TRUE,FALSE,FALSE,FALSE,FALSE,FALSE,,,FALSE,3.8,Aire de repos.,TRUE,osm
Stauferburg-West,aire_repos,autoroute,,,France,50.4405677,8.7956888,TRUE,FALSE,FALSE,FALSE,FALSE,TRUE,,,FALSE,3.8,Aire de repos.,TRUE,osm
Stauferburg-Ost,aire_repos,autoroute,,,France,50.4404084,8.7977244,TRUE,FALSE,FALSE,FALSE,FALSE,TRUE,,,FALSE,3.8,Aire de repos.,TRUE,osm
Grenzau,aire_repos,autoroute,,,France,50.4389602,7.6460941,TRUE,FALSE,FALSE,FALSE,FALSE,TRUE,,,FALSE,3.8,Aire de repos.,TRUE,osm
Aire frontalière de Saint-Aybert-Hensies,aire_repos,autoroute,,,France,50.4388132,3.6693963,TRUE,FALSE,FALSE,FALSE,FALSE,,,,FALSE,3.8,Aire de repos.,TRUE,osm
Aire de repos,aire_repos,autoroute,,,France,50.4385163,5.0077856,TRUE,FALSE,FALSE,FALSE,FALSE,,,,FALSE,3.8,Aire de repos.,TRUE,osm
Aire de repos,aire_repos,autoroute,,,France,50.4359454,9.0277684,TRUE,FALSE,FALSE,FALSE,FALSE,,,,FALSE,3.8,Aire de repos.,TRUE,osm
Aire de la Scarpe,aire_repos,autoroute,,,France,50.434421,3.3692201,TRUE,FALSE,FALSE,FALSE,FALSE,,,,FALSE,3.8,Aire de repos.,TRUE,osm
Aire de repos,aire_repos,autoroute,,,France,50.4321682,6.4499011,TRUE,FALSE,FALSE,FALSE,FALSE,,,,FALSE,3.8,Aire de repos.,TRUE,osm
Aire des Enclosis,aire_repos,autoroute,,,France,50.4284979,3.6452586,TRUE,FALSE,FALSE,FALSE,FALSE,FALSE,,,FALSE,3.8,Aire de repos.,TRUE,osm
Aire de repos,aire_repos,autoroute,,,France,50.4274624,-4.5688856,TRUE,FALSE,FALSE,FALSE,FALSE,FALSE,,,FALSE,3.8,Aire de repos.,TRUE,osm
Aire de repos,aire_repos,autoroute,,,France,50.4272684,2.5817637,TRUE,FALSE,FALSE,FALSE,FALSE,,,,FALSE,3.8,Aire de repos.,TRUE,osm
Albrechtshof,aire_repos,autoroute,,,France,50.4268788,7.6236351,TRUE,FALSE,FALSE,FALSE,FALSE,FALSE,,,FALSE,3.8,Aire de repos.,TRUE,osm
Aire de repos,aire_repos,autoroute,,,France,50.4267549,-4.4243159,TRUE,FALSE,FALSE,FALSE,FALSE,,,,FALSE,3.8,Aire de repos.,TRUE,osm
Aire de repos,aire_repos,autoroute,,,France,50.4265874,6.3727778,TRUE,FALSE,FALSE,FALSE,FALSE,FALSE,,,FALSE,3.8,Aire de repos.,TRUE,osm
Aire de repos,aire_repos,autoroute,,,France,50.425144,-3.8115819,TRUE,FALSE,FALSE,FALSE,FALSE,FALSE,,,FALSE,3.8,Aire de repos.,TRUE,osm
Nentershausen,aire_repos,autoroute,,,France,50.4227167,7.9281658,TRUE,FALSE,FALSE,FALSE,FALSE,TRUE,,,FALSE,3.8,Aire de repos.,TRUE,osm
Aire de repos,aire_repos,autoroute,,,France,50.4224336,7.3459753,TRUE,FALSE,FALSE,FALSE,FALSE,,,,FALSE,3.8,Aire de repos.,TRUE,osm
Aire de repos,aire_repos,autoroute,,,France,50.4188244,-3.8309112,TRUE,FALSE,FALSE,FALSE,FALSE,FALSE,,,FALSE,3.8,Aire de repos.,TRUE,osm
"B49, Limburg an der Lahn",aire_repos,autoroute,,,France,50.4186505,8.0819618,TRUE,FALSE,FALSE,FALSE,FALSE,FALSE,,,FALSE,3.8,Aire de repos.,TRUE,osm
Aire de repos,aire_repos,autoroute,,,France,50.4181593,-4.5561451,TRUE,FALSE,FALSE,FALSE,FALSE,FALSE,,,FALSE,3.8,Aire de repos.,TRUE,osm
Aire de repos,aire_repos,autoroute,,,France,50.4179973,6.4372136,TRUE,FALSE,FALSE,FALSE,FALSE,,,,FALSE,3.8,Aire de repos.,TRUE,osm
Aire de repos,aire_repos,autoroute,,,France,50.4174952,8.4996915,TRUE,FALSE,FALSE,FALSE,FALSE,,,,FALSE,3.8,Aire de repos.,TRUE,osm
Aire d'Emblise (Closed),aire_repos,autoroute,,,France,50.4169953,3.6303591,TRUE,FALSE,FALSE,FALSE,FALSE,FALSE,,,FALSE,3.8,Aire de repos.,TRUE,osm
Nonnenberg,aire_repos,autoroute,,,France,50.4165888,7.6104551,TRUE,FALSE,FALSE,FALSE,FALSE,FALSE,,,FALSE,3.8,Aire de repos.,TRUE,osm
Aire de repos,aire_repos,autoroute,,,France,50.4153951,7.433363,TRUE,FALSE,FALSE,FALSE,FALSE,FALSE,,,FALSE,3.8,Aire de repos.,TRUE,osm
Aire de repos,aire_repos,autoroute,,,France,50.41494,7.4332743,TRUE,FALSE,FALSE,FALSE,FALSE,FALSE,,,FALSE,3.8,Aire de repos.,TRUE,osm
Aire de repos,aire_repos,autoroute,,,France,50.4143935,3.7830797,TRUE,FALSE,FALSE,FALSE,FALSE,,,,FALSE,3.8,Aire de repos.,TRUE,osm
Aire de repos,aire_repos,autoroute,,,France,50.4086723,6.4485407,TRUE,FALSE,FALSE,FALSE,FALSE,,,,FALSE,3.8,Aire de repos.,TRUE,osm
Aire de repos,aire_repos,autoroute,,,France,50.4080532,5.1712299,TRUE,FALSE,FALSE,FALSE,FALSE,,,,FALSE,3.8,Aire de repos.,TRUE,osm
Aire de repos,aire_repos,autoroute,,,France,50.4073614,-4.1948819,TRUE,FALSE,FALSE,FALSE,FALSE,FALSE,,,FALSE,3.8,Aire de repos.,TRUE,osm
Auf der Zeg,aire_repos,autoroute,,,France,50.4070179,7.5996857,TRUE,FALSE,FALSE,FALSE,FALSE,FALSE,,,FALSE,3.8,Aire de repos.,TRUE,osm
Aire de repos,aire_repos,autoroute,,,France,50.4065288,2.3651475,TRUE,FALSE,FALSE,FALSE,FALSE,,,,FALSE,3.8,Aire de repos.,TRUE,osm
Aire de repos,aire_repos,autoroute,,,France,50.4064228,2.3648739,TRUE,FALSE,FALSE,FALSE,FALSE,,,,FALSE,3.8,Aire de repos.,TRUE,osm
Aire de repos,aire_repos,autoroute,,,France,50.4027634,-4.1020753,TRUE,FALSE,FALSE,FALSE,FALSE,,,,FALSE,3.8,Aire de repos.,TRUE,osm
Aire de repos,aire_repos,autoroute,,,France,50.4026878,-4.1484552,TRUE,FALSE,FALSE,FALSE,FALSE,FALSE,,,FALSE,3.8,Aire de repos.,TRUE,osm
Aire de repos,aire_repos,autoroute,,,France,50.4002184,6.9209704,TRUE,FALSE,FALSE,FALSE,FALSE,FALSE,,,FALSE,3.8,Aire de repos.,TRUE,osm
Aire de repos,aire_repos,autoroute,,,France,50.4001309,-3.860144,TRUE,FALSE,FALSE,FALSE,FALSE,FALSE,,,FALSE,3.8,Aire de repos.,TRUE,osm
Aire de repos,aire_repos,autoroute,,,France,50.3959739,-4.1135333,TRUE,FALSE,FALSE,FALSE,FALSE,,,,FALSE,3.8,Aire de repos.,TRUE,osm
Aire de repos,aire_repos,autoroute,,,France,50.395888,-4.1214806,TRUE,FALSE,FALSE,FALSE,FALSE,,,,FALSE,3.8,Aire de repos.,TRUE,osm
Krufter Ofen,aire_repos,autoroute,,,France,50.3954137,7.3195004,TRUE,FALSE,FALSE,FALSE,FALSE,FALSE,,,FALSE,3.8,Aire de repos.,TRUE,osm
Am Streitgieren,aire_repos,autoroute,,,France,50.3950225,7.3198275,TRUE,FALSE,FALSE,FALSE,FALSE,FALSE,,,FALSE,3.8,Aire de repos.,TRUE,osm
Aire de repos,aire_repos,autoroute,,,France,50.3939393,4.8339254,TRUE,FALSE,FALSE,FALSE,FALSE,,,,FALSE,3.8,Aire de repos.,TRUE,osm
Aire de repos,aire_repos,autoroute,,,France,50.3915177,-3.8833724,TRUE,FALSE,FALSE,FALSE,FALSE,FALSE,,,FALSE,3.8,Aire de repos.,TRUE,osm
Pellenz,aire_repos,autoroute,,,France,50.3903907,7.368963,TRUE,FALSE,FALSE,FALSE,FALSE,FALSE,,,FALSE,3.8,Aire de repos.,TRUE,osm
Hummerich,aire_repos,autoroute,,,France,50.3901563,7.3679423,TRUE,FALSE,FALSE,FALSE,FALSE,TRUE,,,FALSE,3.8,Aire de repos.,TRUE,osm
In Dürpel,aire_repos,autoroute,,,France,50.389623,7.2546287,TRUE,FALSE,FALSE,FALSE,FALSE,FALSE,,,FALSE,3.8,Aire de repos.,TRUE,osm
Aire de repos,aire_repos,autoroute,,,France,50.389509,6.8293847,TRUE,FALSE,FALSE,FALSE,FALSE,FALSE,,,FALSE,3.8,Aire de repos.,TRUE,osm
Aire de repos,aire_repos,autoroute,,,France,50.3873098,-3.8944441,TRUE,FALSE,FALSE,FALSE,FALSE,FALSE,,,FALSE,3.8,Aire de repos.,TRUE,osm
Aire de repos,aire_repos,autoroute,,,France,50.3849627,-3.952568,TRUE,FALSE,FALSE,FALSE,FALSE,FALSE,,,FALSE,3.8,Aire de repos.,TRUE,osm
Aire de repos,aire_repos,autoroute,,,France,50.3842348,-3.9074233,TRUE,FALSE,FALSE,FALSE,FALSE,FALSE,,,FALSE,3.8,Aire de repos.,TRUE,osm
Aire de repos,aire_repos,autoroute,,,France,50.3828178,-3.9889544,TRUE,FALSE,FALSE,FALSE,FALSE,FALSE,,,FALSE,3.8,Aire de repos.,TRUE,osm
Aire de repos,aire_repos,autoroute,,,France,50.3827507,6.7682811,TRUE,FALSE,FALSE,FALSE,FALSE,FALSE,,,FALSE,3.8,Aire de repos.,TRUE,osm
Schießerweg,aire_repos,autoroute,,,France,50.3794111,7.5325624,TRUE,FALSE,FALSE,FALSE,FALSE,FALSE,,,FALSE,3.8,Aire de repos.,TRUE,osm
Aire du Fond de la Commanderie,aire_repos,autoroute,,,France,50.3778898,1.6962355,TRUE,FALSE,FALSE,FALSE,FALSE,,,,FALSE,3.8,Aire de repos.,TRUE,osm
Aire du Bois de la Commanderie,aire_repos,autoroute,,,France,50.3773491,1.6981324,TRUE,FALSE,FALSE,FALSE,FALSE,,,,FALSE,3.8,Aire de repos.,TRUE,osm
Aire de repos,aire_repos,autoroute,,,France,50.3769716,-4.0339659,TRUE,FALSE,FALSE,FALSE,FALSE,,,,FALSE,3.8,Aire de repos.,TRUE,osm
Aire de repos,aire_repos,autoroute,,,France,50.3769305,3.2460053,TRUE,FALSE,FALSE,FALSE,FALSE,,,,FALSE,3.8,Aire de repos.,TRUE,osm
Aire de repos,aire_repos,autoroute,,,France,50.3764609,-4.0607929,TRUE,FALSE,FALSE,FALSE,FALSE,FALSE,,,FALSE,3.8,Aire de repos.,TRUE,osm
Aire de repos,aire_repos,autoroute,,,France,50.3764375,9.5247589,TRUE,FALSE,FALSE,FALSE,FALSE,,,,FALSE,3.8,Aire de repos.,TRUE,osm
Aire de repos,aire_repos,autoroute,,,France,50.3761115,6.451051,TRUE,FALSE,FALSE,FALSE,FALSE,,,,FALSE,3.8,Aire de repos.,TRUE,osm
Erdkaul,aire_repos,autoroute,,,France,50.3725843,7.5123123,TRUE,FALSE,FALSE,FALSE,FALSE,FALSE,,,FALSE,3.8,Aire de repos.,TRUE,osm
Aire de repos,aire_repos,autoroute,,,France,50.3704738,9.4554903,TRUE,FALSE,FALSE,FALSE,FALSE,,,,FALSE,3.8,Aire de repos.,TRUE,osm
Aire de repos,aire_repos,autoroute,,,France,50.3700054,6.8385651,TRUE,FALSE,FALSE,FALSE,FALSE,FALSE,,,FALSE,3.8,Aire de repos.,TRUE,osm
Aire de repos,aire_repos,autoroute,,,France,50.3692269,6.7921852,TRUE,FALSE,FALSE,FALSE,FALSE,FALSE,,,FALSE,3.8,Aire de repos.,TRUE,osm
Aire de repos,aire_repos,autoroute,,,France,50.3675801,7.8607278,TRUE,FALSE,FALSE,FALSE,FALSE,,,,FALSE,3.8,Aire de repos.,TRUE,osm
Im Singten,aire_repos,autoroute,,,France,50.3643615,7.4283957,TRUE,FALSE,FALSE,FALSE,FALSE,FALSE,,,FALSE,3.8,Aire de repos.,TRUE,osm
Im Weidenfeld,aire_repos,autoroute,,,France,50.3640458,7.4280457,TRUE,FALSE,FALSE,FALSE,FALSE,FALSE,,,FALSE,3.8,Aire de repos.,TRUE,osm
Aire de repos,aire_repos,autoroute,,,France,50.3636385,4.8707625,TRUE,FALSE,FALSE,FALSE,FALSE,,,,FALSE,3.8,Aire de repos.,TRUE,osm
Aire de repos,aire_repos,autoroute,,,France,50.3623919,7.1864067,TRUE,FALSE,FALSE,FALSE,FALSE,,,,FALSE,3.8,Aire de repos.,TRUE,osm
Aire de repos,aire_repos,autoroute,,,France,50.3614889,6.7993035,TRUE,FALSE,FALSE,FALSE,FALSE,FALSE,,,FALSE,3.8,Aire de repos.,TRUE,osm
Aire de Harre-Est,aire_repos,autoroute,,,France,50.3601537,5.6749469,TRUE,FALSE,FALSE,FALSE,FALSE,FALSE,,,FALSE,3.8,Aire de repos.,TRUE,osm
Aire de Harre-Ouest,aire_repos,autoroute,,,France,50.3600175,5.67417,TRUE,FALSE,FALSE,FALSE,FALSE,FALSE,,,FALSE,3.8,Aire de repos.,TRUE,osm
Aire de repos,aire_repos,autoroute,,,France,50.3548896,6.4319909,TRUE,FALSE,FALSE,FALSE,FALSE,,,,FALSE,3.8,Aire de repos.,TRUE,osm
Aire de repos,aire_repos,autoroute,,,France,50.3540272,-4.7723136,TRUE,FALSE,FALSE,FALSE,FALSE,FALSE,,,FALSE,3.8,Aire de repos.,TRUE,osm
Aire de repos,aire_repos,autoroute,,,France,50.3530951,4.4715204,TRUE,FALSE,FALSE,FALSE,FALSE,FALSE,,,FALSE,3.8,Aire de repos.,TRUE,osm
Aire de repos,aire_repos,autoroute,,,France,50.351383,5.0703731,TRUE,FALSE,FALSE,FALSE,FALSE,,,,FALSE,3.8,Aire de repos.,TRUE,osm
Aire de repos,aire_repos,autoroute,,,France,50.3510942,6.5499608,TRUE,FALSE,FALSE,FALSE,FALSE,,,,FALSE,3.8,Aire de repos.,TRUE,osm
Auf der Nachtweide Ost,aire_repos,autoroute,,,France,50.3468628,8.9291827,TRUE,FALSE,FALSE,FALSE,FALSE,TRUE,,,FALSE,3.8,Aire de repos.,TRUE,osm
Hohe Berg,aire_repos,autoroute,,,France,50.3424095,8.9255508,TRUE,FALSE,FALSE,FALSE,FALSE,TRUE,,,FALSE,3.8,Aire de repos.,TRUE,osm
Goloring,aire_repos,autoroute,,,France,50.3413283,7.444352,TRUE,FALSE,FALSE,FALSE,FALSE,,,,FALSE,3.8,Aire de repos.,TRUE,osm
Rübenacher Wald,aire_repos,autoroute,,,France,50.3379996,7.5117593,TRUE,FALSE,FALSE,FALSE,FALSE,FALSE,,,FALSE,3.8,Aire de repos.,TRUE,osm
Aire de repos,aire_repos,autoroute,,,France,50.3358448,-4.1011779,TRUE,FALSE,FALSE,FALSE,FALSE,FALSE,,,FALSE,3.8,Aire de repos.,TRUE,osm
Aire de repos,aire_repos,autoroute,,,France,50.3352299,7.1484372,TRUE,FALSE,FALSE,FALSE,FALSE,FALSE,,,FALSE,3.8,Aire de repos.,TRUE,osm
Sandkaul,aire_repos,autoroute,,,France,50.3348843,7.512747,TRUE,FALSE,FALSE,FALSE,FALSE,FALSE,,,FALSE,3.8,Aire de repos.,TRUE,osm
Aire de repos,aire_repos,autoroute,,,France,50.3329169,7.1684733,TRUE,FALSE,FALSE,FALSE,FALSE,,,,FALSE,3.8,Aire de repos.,TRUE,osm
Aire de la Cressonnière,aire_repos,autoroute,,,France,50.332301,2.8177582,TRUE,FALSE,FALSE,FALSE,FALSE,TRUE,,,FALSE,3.8,Aire de repos.,TRUE,osm
Aire des Trois Crêtes,aire_repos,autoroute,,,France,50.3317091,2.8168394,TRUE,FALSE,FALSE,FALSE,FALSE,TRUE,,,FALSE,3.8,Aire de repos.,TRUE,osm
Münsterer Höhe,aire_repos,autoroute,,,France,50.3284658,7.3932091,TRUE,FALSE,FALSE,FALSE,FALSE,FALSE,,,FALSE,3.8,Aire de repos.,TRUE,osm
Schnackenborn,aire_repos,autoroute,,,France,50.3281997,7.3844103,TRUE,FALSE,FALSE,FALSE,FALSE,FALSE,,,FALSE,3.8,Aire de repos.,TRUE,osm
Aire de repos,aire_repos,autoroute,,,France,50.3279608,9.2875071,TRUE,FALSE,FALSE,FALSE,FALSE,,,,FALSE,3.8,Aire de repos.,TRUE,osm
Aire de repos,aire_repos,autoroute,,,France,50.3279318,8.1184275,TRUE,FALSE,FALSE,FALSE,FALSE,,,,FALSE,3.8,Aire de repos.,TRUE,osm
Weinberg,aire_repos,autoroute,,,France,50.3278175,9.4551194,TRUE,FALSE,FALSE,FALSE,FALSE,TRUE,,,FALSE,3.8,Aire de repos.,TRUE,osm
Aire de repos,aire_repos,autoroute,,,France,50.3276831,9.5940457,TRUE,FALSE,FALSE,FALSE,FALSE,,,,FALSE,3.8,Aire de repos.,TRUE,osm
Aire de repos,aire_repos,autoroute,,,France,50.327451,5.014868,TRUE,FALSE,FALSE,FALSE,FALSE,FALSE,,,FALSE,3.8,Aire de repos.,TRUE,osm
Hundsrücker Berg,aire_repos,autoroute,,,France,50.3252815,9.4530392,TRUE,FALSE,FALSE,FALSE,FALSE,TRUE,,,FALSE,3.8,Aire de repos.,TRUE,osm
Aire de repos,aire_repos,autoroute,,,France,50.3247197,4.8719721,TRUE,FALSE,FALSE,FALSE,FALSE,,,,FALSE,3.8,Aire de repos.,TRUE,osm
Aire de repos,aire_repos,autoroute,,,France,50.3202828,5.1246658,TRUE,FALSE,FALSE,FALSE,FALSE,,,,FALSE,3.8,Aire de repos.,TRUE,osm
Aire de repos,aire_repos,autoroute,,,France,50.3200066,7.6524186,TRUE,FALSE,FALSE,FALSE,FALSE,,,,FALSE,3.8,Aire de repos.,TRUE,osm
Aire de repos,aire_repos,autoroute,,,France,50.3199507,7.1851492,TRUE,FALSE,FALSE,FALSE,FALSE,,,,FALSE,3.8,Aire de repos.,TRUE,osm
Aire de repos,aire_repos,autoroute,,,France,50.3171602,6.7885778,TRUE,FALSE,FALSE,FALSE,FALSE,FALSE,,,FALSE,3.8,Aire de repos.,TRUE,osm
Aussichtspunkt Moseltal West,aire_repos,autoroute,,,France,50.3171359,7.4975429,TRUE,FALSE,FALSE,FALSE,FALSE,TRUE,,,FALSE,3.8,Aire de repos.,TRUE,osm
Aussichtspunkt Moseltal Ost,aire_repos,autoroute,,,France,50.3166286,7.4986062,TRUE,FALSE,FALSE,FALSE,FALSE,TRUE,,,FALSE,3.8,Aire de repos.,TRUE,osm
Aire de repos,aire_repos,autoroute,,,France,50.316329,4.8861228,TRUE,FALSE,FALSE,FALSE,FALSE,,,,FALSE,3.8,Aire de repos.,TRUE,osm
Aire de repos,aire_repos,autoroute,,,France,50.3157022,7.774154,TRUE,FALSE,FALSE,FALSE,FALSE,FALSE,,,FALSE,3.8,Aire de repos.,TRUE,osm
Mammutgrube,aire_repos,autoroute,,,France,50.3156197,7.3359154,TRUE,FALSE,FALSE,FALSE,FALSE,FALSE,,,FALSE,3.8,Aire de repos.,TRUE,osm
Aire de repos,aire_repos,autoroute,,,France,50.3137631,4.0989955,TRUE,FALSE,FALSE,FALSE,FALSE,,,,FALSE,3.8,Aire de repos.,TRUE,osm
Rotendall,aire_repos,autoroute,,,France,50.313047,7.2970898,TRUE,FALSE,FALSE,FALSE,FALSE,FALSE,,,FALSE,3.8,Aire de repos.,TRUE,osm
Aire de repos,aire_repos,autoroute,,,France,50.3106091,4.885171,TRUE,FALSE,FALSE,FALSE,FALSE,,,,FALSE,3.8,Aire de repos.,TRUE,osm
Aire de repos,aire_repos,autoroute,,,France,50.3085187,6.4028563,TRUE,FALSE,FALSE,FALSE,FALSE,FALSE,,,FALSE,3.8,Aire de repos.,TRUE,osm
Aire de repos,aire_repos,autoroute,,,France,50.3080355,6.4897596,TRUE,FALSE,FALSE,FALSE,FALSE,,,,FALSE,3.8,Aire de repos.,TRUE,osm
Aire de repos,aire_repos,autoroute,,,France,50.3051874,6.6424115,TRUE,FALSE,FALSE,FALSE,FALSE,,,,FALSE,3.8,Aire de repos.,TRUE,osm
Aire de Salazine,aire_repos,autoroute,,,France,50.3043322,5.0177706,TRUE,FALSE,FALSE,FALSE,FALSE,,,,FALSE,3.8,Aire de repos.,TRUE,osm
Glattlay,aire_repos,autoroute,,,France,50.3016284,7.46711,TRUE,FALSE,FALSE,FALSE,FALSE,FALSE,,,FALSE,3.8,Aire de repos.,TRUE,osm
Aire de repos,aire_repos,autoroute,,,France,50.2983158,6.7566292,TRUE,FALSE,FALSE,FALSE,FALSE,FALSE,,,FALSE,3.8,Aire de repos.,TRUE,osm
Aire de repos,aire_repos,autoroute,,,France,50.2959348,7.240282,TRUE,FALSE,FALSE,FALSE,FALSE,FALSE,,,FALSE,3.8,Aire de repos.,TRUE,osm
Aire de repos,aire_repos,autoroute,,,France,50.2941987,4.6123912,TRUE,FALSE,FALSE,FALSE,FALSE,FALSE,,,FALSE,3.8,Aire de repos.,TRUE,osm
Aire de repos,aire_repos,autoroute,,,France,50.2937144,4.6479651,TRUE,FALSE,FALSE,FALSE,FALSE,FALSE,,,FALSE,3.8,Aire de repos.,TRUE,osm
Aire de repos,aire_repos,autoroute,,,France,50.2902526,6.9028634,TRUE,FALSE,FALSE,FALSE,FALSE,,,,FALSE,3.8,Aire de repos.,TRUE,osm
Aire de repos,aire_repos,autoroute,,,France,50.289952,6.8691918,TRUE,FALSE,FALSE,FALSE,FALSE,FALSE,,,FALSE,3.8,Aire de repos.,TRUE,osm
Aire de repos,aire_repos,autoroute,,,France,50.2896995,6.9630178,TRUE,FALSE,FALSE,FALSE,FALSE,,,,FALSE,3.8,Aire de repos.,TRUE,osm
Aire des Bonnettes,aire_repos,autoroute,,,France,50.2846429,2.9584249,TRUE,FALSE,FALSE,FALSE,FALSE,,,,FALSE,3.8,Aire de repos.,TRUE,osm
Aire de repos,aire_repos,autoroute,,,France,50.2828505,7.2336141,TRUE,FALSE,FALSE,FALSE,FALSE,FALSE,,,FALSE,3.8,Aire de repos.,TRUE,osm
Aire du Bois d'Huez,aire_repos,autoroute,,,France,50.2793792,2.9627902,TRUE,FALSE,FALSE,FALSE,FALSE,,,,FALSE,3.8,Aire de repos.,TRUE,osm
Aire de repos,aire_repos,autoroute,,,France,50.2786618,6.9052076,TRUE,FALSE,FALSE,FALSE,FALSE,,,,FALSE,3.8,Aire de repos.,TRUE,osm
Aire de repos,aire_repos,autoroute,,,France,50.2783309,7.0583156,TRUE,FALSE,FALSE,FALSE,FALSE,FALSE,,,FALSE,3.8,Aire de repos.,TRUE,osm
Aire de repos,aire_repos,autoroute,,,France,50.2770988,6.7641985,TRUE,FALSE,FALSE,FALSE,FALSE,FALSE,,,FALSE,3.8,Aire de repos.,TRUE,osm
Aire de repos,aire_repos,autoroute,,,France,50.2734811,6.7747892,TRUE,FALSE,FALSE,FALSE,FALSE,FALSE,,,FALSE,3.8,Aire de repos.,TRUE,osm
Aire de repos,aire_repos,autoroute,,,France,50.2678439,7.1541135,TRUE,FALSE,FALSE,FALSE,FALSE,,,,FALSE,3.8,Aire de repos.,TRUE,osm
Aire de repos,aire_repos,autoroute,,,France,50.265048,7.0276384,TRUE,FALSE,FALSE,FALSE,FALSE,FALSE,,,FALSE,3.8,Aire de repos.,TRUE,osm
Aire de Wancourt Ouest,aire_repos,autoroute,,,France,50.2622281,2.8633553,TRUE,FALSE,FALSE,FALSE,FALSE,FALSE,,,FALSE,3.8,Aire de repos.,TRUE,osm
Zur Elz,aire_repos,autoroute,,,France,50.2593705,7.0271321,TRUE,FALSE,FALSE,FALSE,FALSE,FALSE,,,FALSE,3.8,Aire de repos.,TRUE,osm
Aire de repos,aire_repos,autoroute,,,France,50.254903,6.4589226,TRUE,FALSE,FALSE,FALSE,FALSE,,,,FALSE,3.8,Aire de repos.,TRUE,osm
Spießwald,aire_repos,autoroute,,,France,50.2533351,8.6623179,TRUE,FALSE,FALSE,FALSE,FALSE,TRUE,,,FALSE,3.8,Aire de repos.,TRUE,osm
Schäferborn,aire_repos,autoroute,,,France,50.2516915,8.6640037,TRUE,FALSE,FALSE,FALSE,FALSE,TRUE,,,FALSE,3.8,Aire de repos.,TRUE,osm
Aire de repos,aire_repos,autoroute,,,France,50.2501034,6.7595526,TRUE,FALSE,FALSE,FALSE,FALSE,FALSE,,,FALSE,3.8,Aire de repos.,TRUE,osm
Aire de repos,aire_repos,autoroute,,,France,50.2497996,6.7067462,TRUE,FALSE,FALSE,FALSE,FALSE,FALSE,,,FALSE,3.8,Aire de repos.,TRUE,osm
Aire de repos,aire_repos,autoroute,,,France,50.2477522,6.7013622,TRUE,FALSE,FALSE,FALSE,FALSE,FALSE,,,FALSE,3.8,Aire de repos.,TRUE,osm
Aire de repos,aire_repos,autoroute,,,France,50.2440371,6.4359773,TRUE,FALSE,FALSE,FALSE,FALSE,FALSE,,,FALSE,3.8,Aire de repos.,TRUE,osm
Aire de repos,aire_repos,autoroute,,,France,50.2413337,5.1883587,TRUE,FALSE,FALSE,FALSE,FALSE,,,,FALSE,3.8,Aire de repos.,TRUE,osm
Aire de repos,aire_repos,autoroute,,,France,50.2394637,6.8024333,TRUE,FALSE,FALSE,FALSE,FALSE,,,,FALSE,3.8,Aire de repos.,TRUE,osm
Aire de repos,aire_repos,autoroute,,,France,50.2325711,6.8035508,TRUE,FALSE,FALSE,FALSE,FALSE,,,,FALSE,3.8,Aire de repos.,TRUE,osm
Gare de péage de Thun-l'Évêque,aire_repos,autoroute,,,France,50.2296339,3.2724356,TRUE,FALSE,FALSE,FALSE,FALSE,TRUE,,,FALSE,3.8,Aire de repos.,TRUE,osm
Aire de repos,aire_repos,autoroute,,,France,50.2290121,6.1880423,TRUE,FALSE,FALSE,FALSE,FALSE,,,,FALSE,3.8,Aire de repos.,TRUE,osm
Aire de repos,aire_repos,autoroute,,,France,50.227676,8.0461203,TRUE,FALSE,FALSE,FALSE,FALSE,,,,FALSE,3.8,Aire de repos.,TRUE,osm
Aire de repos,aire_repos,autoroute,,,France,50.2272852,8.0445433,TRUE,FALSE,FALSE,FALSE,FALSE,,,,FALSE,3.8,Aire de repos.,TRUE,osm
Aire de repos,aire_repos,autoroute,,,France,50.2246224,6.4482143,TRUE,FALSE,FALSE,FALSE,FALSE,FALSE,,,FALSE,3.8,Aire de repos.,TRUE,osm
Aire de repos,aire_repos,autoroute,,,France,50.2243917,4.2869398,TRUE,FALSE,FALSE,FALSE,FALSE,,,,FALSE,3.8,Aire de repos.,TRUE,osm
Aire de repos,aire_repos,autoroute,,,France,50.2232952,5.3390373,TRUE,FALSE,FALSE,FALSE,FALSE,,,,FALSE,3.8,Aire de repos.,TRUE,osm
Aire de repos,aire_repos,autoroute,,,France,50.2219384,7.3049751,TRUE,FALSE,FALSE,FALSE,FALSE,,,,FALSE,3.8,Aire de repos.,TRUE,osm
Aire de repos,aire_repos,autoroute,,,France,50.2197411,6.5167403,TRUE,FALSE,FALSE,FALSE,FALSE,,,,FALSE,3.8,Aire de repos.,TRUE,osm
Schöne Aussicht,aire_repos,autoroute,,,France,50.2191541,7.1117199,TRUE,FALSE,FALSE,FALSE,FALSE,FALSE,,,FALSE,3.8,Aire de repos.,TRUE,osm
Aire de repos,aire_repos,autoroute,,,France,50.218562,6.5957088,TRUE,FALSE,FALSE,FALSE,FALSE,,,,FALSE,3.8,Aire de repos.,TRUE,osm
Aire de repos,aire_repos,autoroute,,,France,50.2170361,8.1971489,TRUE,FALSE,FALSE,FALSE,FALSE,,,,FALSE,3.8,Aire de repos.,TRUE,osm
Martental,aire_repos,autoroute,,,France,50.2162022,7.1204616,TRUE,FALSE,FALSE,FALSE,FALSE,FALSE,,,FALSE,3.8,Aire de repos.,TRUE,osm
Aire de repos,aire_repos,autoroute,,,France,50.2161544,6.8425453,TRUE,FALSE,FALSE,FALSE,FALSE,FALSE,,,FALSE,3.8,Aire de repos.,TRUE,osm
Aire de repos,aire_repos,autoroute,,,France,50.2149924,5.613094,TRUE,FALSE,FALSE,FALSE,FALSE,FALSE,,,FALSE,3.8,Aire de repos.,TRUE,osm
Aire de repos,aire_repos,autoroute,,,France,50.2141583,6.4140159,TRUE,FALSE,FALSE,FALSE,FALSE,,,,FALSE,3.8,Aire de repos.,TRUE,osm
Aire de repos,aire_repos,autoroute,,,France,50.2100062,6.4311692,TRUE,FALSE,FALSE,FALSE,FALSE,,,,FALSE,3.8,Aire de repos.,TRUE,osm
Aire de repos,aire_repos,autoroute,,,France,50.2064727,6.6352907,TRUE,FALSE,FALSE,FALSE,FALSE,,,,FALSE,3.8,Aire de repos.,TRUE,osm
Aire de repos,aire_repos,autoroute,,,France,50.205656,6.8185505,TRUE,FALSE,FALSE,FALSE,FALSE,,,,FALSE,3.8,Aire de repos.,TRUE,osm
Hellerwald,aire_repos,autoroute,,,France,50.205334,7.5741922,TRUE,FALSE,FALSE,FALSE,FALSE,TRUE,,,FALSE,3.8,Aire de repos.,TRUE,osm
Engelrödchen,aire_repos,autoroute,,,France,50.2048098,7.5739729,TRUE,FALSE,FALSE,FALSE,FALSE,TRUE,,,FALSE,3.8,Aire de repos.,TRUE,osm
Schneifel-Ost,aire_repos,autoroute,,,France,50.2034485,6.3390631,TRUE,FALSE,FALSE,FALSE,FALSE,FALSE,,,FALSE,3.8,Aire de repos.,TRUE,osm
Schneifel-West,aire_repos,autoroute,,,France,50.2030685,6.3388655,TRUE,FALSE,FALSE,FALSE,FALSE,FALSE,,,FALSE,3.8,Aire de repos.,TRUE,osm
Aire de repos,aire_repos,autoroute,,,France,50.2030386,6.8196411,TRUE,FALSE,FALSE,FALSE,FALSE,,,,FALSE,3.8,Aire de repos.,TRUE,osm
Aire de repos,aire_repos,autoroute,,,France,50.2005063,6.0913145,TRUE,FALSE,FALSE,FALSE,FALSE,,,,FALSE,3.8,Aire de repos.,TRUE,osm
H Trucks Park de Tilloy-lez-Cambrai,aire_repos,autoroute,,,France,50.2003764,3.2031643,TRUE,FALSE,FALSE,FALSE,FALSE,,,,FALSE,3.8,Aire de repos.,TRUE,osm
Auf der Pfingstweide West,aire_repos,autoroute,,,France,50.1985699,9.0045393,TRUE,FALSE,FALSE,FALSE,FALSE,TRUE,,,FALSE,3.8,Aire de repos.,TRUE,osm
Auf der Pfingstweide Ost,aire_repos,autoroute,,,France,50.1983881,9.0055061,TRUE,FALSE,FALSE,FALSE,FALSE,TRUE,,,FALSE,3.8,Aire de repos.,TRUE,osm
Aire de repos,aire_repos,autoroute,,,France,50.1971496,5.3701534,TRUE,FALSE,FALSE,FALSE,FALSE,,,,FALSE,3.8,Aire de repos.,TRUE,osm
Aire de repos,aire_repos,autoroute,,,France,50.1962423,3.264722,TRUE,FALSE,FALSE,FALSE,FALSE,,,,FALSE,3.8,Aire de repos.,TRUE,osm
Aire de repos,aire_repos,autoroute,,,France,50.1954065,6.436248,TRUE,FALSE,FALSE,FALSE,FALSE,,,,FALSE,3.8,Aire de repos.,TRUE,osm
Kinzigtal,aire_repos,autoroute,,,France,50.1953021,9.2110292,TRUE,FALSE,FALSE,FALSE,FALSE,TRUE,,,FALSE,3.8,Aire de repos.,TRUE,osm
Aire de repos,aire_repos,autoroute,,,France,50.1950722,5.4456853,TRUE,FALSE,FALSE,FALSE,FALSE,,,,FALSE,3.8,Aire de repos.,TRUE,osm
Aire de Croisilles,aire_repos,autoroute,,,France,50.1908452,2.8731417,TRUE,FALSE,FALSE,FALSE,FALSE,,,,FALSE,3.8,Aire de repos.,TRUE,osm
Aire de repos,aire_repos,autoroute,,,France,50.1864934,4.218624,TRUE,FALSE,FALSE,FALSE,FALSE,,,,FALSE,3.8,Aire de repos.,TRUE,osm
Aire de repos,aire_repos,autoroute,,,France,50.1814364,6.4469396,TRUE,FALSE,FALSE,FALSE,FALSE,FALSE,,,FALSE,3.8,Aire de repos.,TRUE,osm
Aire de repos,aire_repos,autoroute,,,France,50.1756668,6.424773,TRUE,FALSE,FALSE,FALSE,FALSE,FALSE,,,FALSE,3.8,Aire de repos.,TRUE,osm
Aire des Nutons,aire_repos,autoroute,,,France,50.1726144,5.7897467,TRUE,FALSE,FALSE,FALSE,FALSE,TRUE,,,FALSE,3.8,Aire de repos.,TRUE,osm
Theißtal,aire_repos,autoroute,,,France,50.1693313,8.292795,TRUE,FALSE,FALSE,FALSE,FALSE,TRUE,,,FALSE,3.8,Aire de repos.,TRUE,osm
Aire de repos,aire_repos,autoroute,,,France,50.1681636,5.1742681,TRUE,FALSE,FALSE,FALSE,FALSE,,,,FALSE,3.8,Aire de repos.,TRUE,osm
Aire de repos,aire_repos,autoroute,,,France,50.1675164,5.3750963,TRUE,FALSE,FALSE,FALSE,FALSE,,,,FALSE,3.8,Aire de repos.,TRUE,osm
Aire de repos,aire_repos,autoroute,,,France,50.1668991,6.8194285,TRUE,FALSE,FALSE,FALSE,FALSE,,,,FALSE,3.8,Aire de repos.,TRUE,osm
Theißtal,aire_repos,autoroute,,,France,50.1638097,8.2972193,TRUE,FALSE,FALSE,FALSE,FALSE,TRUE,,,FALSE,3.8,Aire de repos.,TRUE,osm
Aire de repos,aire_repos,autoroute,,,France,50.1628132,6.8457871,TRUE,FALSE,FALSE,FALSE,FALSE,FALSE,,,FALSE,3.8,Aire de repos.,TRUE,osm
Aire de repos,aire_repos,autoroute,,,France,50.1621552,6.612952,TRUE,FALSE,FALSE,FALSE,FALSE,,,,FALSE,3.8,Aire de repos.,TRUE,osm
Aire de repos,aire_repos,autoroute,,,France,50.156857,6.0527407,TRUE,FALSE,FALSE,FALSE,FALSE,,,,FALSE,3.8,Aire de repos.,TRUE,osm
Schalkenmehren,aire_repos,autoroute,,,France,50.1549577,6.8817157,TRUE,FALSE,FALSE,FALSE,FALSE,,,,FALSE,3.8,Aire de repos.,TRUE,osm
Aire de repos,aire_repos,autoroute,,,France,50.1521853,4.3669513,TRUE,FALSE,FALSE,FALSE,FALSE,,,,FALSE,3.8,Aire de repos.,TRUE,osm
Parkplatz Eifel-Zoo,aire_repos,autoroute,,,France,50.1489544,6.3383071,TRUE,FALSE,FALSE,FALSE,FALSE,FALSE,,,FALSE,3.8,Aire de repos.,TRUE,osm
Aire de repos,aire_repos,autoroute,,,France,50.1487248,5.4446249,TRUE,FALSE,FALSE,FALSE,FALSE,FALSE,,,FALSE,3.8,Aire de repos.,TRUE,osm
Aire de repos,aire_repos,autoroute,,,France,50.1444504,9.3917931,TRUE,FALSE,FALSE,FALSE,FALSE,FALSE,,,FALSE,3.8,Aire de repos.,TRUE,osm
Erzkaul,aire_repos,autoroute,,,France,50.1342212,7.5929613,TRUE,FALSE,FALSE,FALSE,FALSE,TRUE,,,FALSE,3.8,Aire de repos.,TRUE,osm
Marienau,aire_repos,autoroute,,,France,50.1326375,7.5916919,TRUE,FALSE,FALSE,FALSE,FALSE,TRUE,,,FALSE,3.8,Aire de repos.,TRUE,osm
Aire de repos,aire_repos,autoroute,,,France,50.1250042,6.4294162,TRUE,FALSE,FALSE,FALSE,FALSE,,,,FALSE,3.8,Aire de repos.,TRUE,osm
Aire de repos,aire_repos,autoroute,,,France,50.1247234,6.4292238,TRUE,FALSE,FALSE,FALSE,FALSE,,,,FALSE,3.8,Aire de repos.,TRUE,osm
Aire de repos,aire_repos,autoroute,,,France,50.1209753,6.7800078,TRUE,FALSE,FALSE,FALSE,FALSE,FALSE,,,FALSE,3.8,Aire de repos.,TRUE,osm
Aire de repos,aire_repos,autoroute,,,France,50.1177146,1.9575639,TRUE,FALSE,FALSE,FALSE,FALSE,,,,FALSE,3.8,Aire de repos.,TRUE,osm
Aire de repos,aire_repos,autoroute,,,France,50.1172151,6.0002713,TRUE,FALSE,FALSE,FALSE,FALSE,,,,FALSE,3.8,Aire de repos.,TRUE,osm
Aire de repos,aire_repos,autoroute,,,France,50.1168591,6.5390575,TRUE,FALSE,FALSE,FALSE,FALSE,FALSE,,,FALSE,3.8,Aire de repos.,TRUE,osm
Aire de repos,aire_repos,autoroute,,,France,50.1089252,2.869403,TRUE,FALSE,FALSE,FALSE,FALSE,,,,FALSE,3.8,Aire de repos.,TRUE,osm
Aire de repos,aire_repos,autoroute,,,France,50.1032755,5.9324838,TRUE,FALSE,FALSE,FALSE,FALSE,,,,FALSE,3.8,Aire de repos.,TRUE,osm
Aire de repos,aire_repos,autoroute,,,France,50.0955494,4.5084986,TRUE,FALSE,FALSE,FALSE,FALSE,,,,FALSE,3.8,Aire de repos.,TRUE,osm
Aire du Plateau,aire_repos,autoroute,,,France,50.0911327,3.1714857,TRUE,FALSE,FALSE,FALSE,FALSE,,,,FALSE,3.8,Aire de repos.,TRUE,osm
Aire de repos,aire_repos,autoroute,,,France,50.0853025,6.3338546,TRUE,FALSE,FALSE,FALSE,FALSE,FALSE,,,FALSE,3.8,Aire de repos.,TRUE,osm
Aire de la Vacquerie,aire_repos,autoroute,,,France,50.0851838,3.1718252,TRUE,FALSE,FALSE,FALSE,FALSE,,,,FALSE,3.8,Aire de repos.,TRUE,osm
Aire de repos,aire_repos,autoroute,,,France,50.0833117,3.1990495,TRUE,FALSE,FALSE,FALSE,FALSE,,,,FALSE,3.8,Aire de repos.,TRUE,osm
Buchrain,aire_repos,autoroute,,,France,50.0777764,8.7354985,TRUE,FALSE,FALSE,FALSE,FALSE,FALSE,,,FALSE,3.8,Aire de repos.,TRUE,osm
Aire de repos,aire_repos,autoroute,,,France,50.0770629,6.3376971,TRUE,FALSE,FALSE,FALSE,FALSE,FALSE,,,FALSE,3.8,Aire de repos.,TRUE,osm
Aire du Haut-Clocher,aire_repos,autoroute,,,France,50.0764192,1.9712674,TRUE,FALSE,FALSE,FALSE,FALSE,,,,FALSE,3.8,Aire de repos.,TRUE,osm
Aire de la Hétroye,aire_repos,autoroute,,,France,50.0755817,1.9703387,TRUE,FALSE,FALSE,FALSE,FALSE,,,,FALSE,3.8,Aire de repos.,TRUE,osm
Aire de Beaulencourt,aire_repos,autoroute,,,France,50.0747577,2.8714002,TRUE,FALSE,FALSE,FALSE,FALSE,TRUE,,,FALSE,3.8,Aire de repos.,TRUE,osm
Aire de repos,aire_repos,autoroute,,,France,50.0739692,6.021668,TRUE,FALSE,FALSE,FALSE,FALSE,,,,FALSE,3.8,Aire de repos.,TRUE,osm
Aire de repos,aire_repos,autoroute,,,France,50.0734446,6.3359826,TRUE,FALSE,FALSE,FALSE,FALSE,FALSE,,,FALSE,3.8,Aire de repos.,TRUE,osm
Hainbach,aire_repos,autoroute,,,France,50.0661854,8.7636072,TRUE,FALSE,FALSE,FALSE,FALSE,TRUE,,,FALSE,3.8,Aire de repos.,TRUE,osm
Aire de repos,aire_repos,autoroute,,,France,50.0618027,4.5048772,TRUE,FALSE,FALSE,FALSE,FALSE,,,,FALSE,3.8,Aire de repos.,TRUE,osm
Aire de repos,aire_repos,autoroute,,,France,50.0614781,6.501613,TRUE,FALSE,FALSE,FALSE,FALSE,,,,FALSE,3.8,Aire de repos.,TRUE,osm
Aire de repos,aire_repos,autoroute,,,France,50.0567955,5.8951098,TRUE,FALSE,FALSE,FALSE,FALSE,,,,FALSE,3.8,Aire de repos.,TRUE,osm
Aire de repos,aire_repos,autoroute,,,France,50.0566026,9.3138318,TRUE,FALSE,FALSE,FALSE,FALSE,,,,FALSE,3.8,Aire de repos.,TRUE,osm
Aire de repos,aire_repos,autoroute,,,France,50.0564263,5.9818827,TRUE,FALSE,FALSE,FALSE,FALSE,FALSE,,,FALSE,3.8,Aire de repos.,TRUE,osm
Aire de repos,aire_repos,autoroute,,,France,50.055148,6.0484733,TRUE,FALSE,FALSE,FALSE,FALSE,,,,FALSE,3.8,Aire de repos.,TRUE,osm
Stadtwald,aire_repos,autoroute,,,France,50.0543368,8.634595,TRUE,FALSE,FALSE,FALSE,FALSE,TRUE,,,FALSE,3.8,Aire de repos.,TRUE,osm
Aire de Barastre,aire_repos,autoroute,,,France,50.0543127,2.9443155,TRUE,FALSE,FALSE,FALSE,FALSE,TRUE,,,FALSE,3.8,Aire de repos.,TRUE,osm
Nimstal West,aire_repos,autoroute,,,France,50.0494984,6.491338,TRUE,FALSE,FALSE,FALSE,FALSE,TRUE,,,FALSE,3.8,Aire de repos.,TRUE,osm
Nimstal Ost,aire_repos,autoroute,,,France,50.0493427,6.4934775,TRUE,FALSE,FALSE,FALSE,FALSE,TRUE,,,FALSE,3.8,Aire de repos.,TRUE,osm
Aire de repos,aire_repos,autoroute,,,France,50.0490147,6.1570218,TRUE,FALSE,FALSE,FALSE,FALSE,FALSE,,,FALSE,3.8,Aire de repos.,TRUE,osm
Aire de repos,aire_repos,autoroute,,,France,50.0486755,6.018558,TRUE,FALSE,FALSE,FALSE,FALSE,,,,FALSE,3.8,Aire de repos.,TRUE,osm
Aire de Rocquigny,aire_repos,autoroute,,,France,50.0482487,2.9339831,TRUE,FALSE,FALSE,FALSE,TRUE,TRUE,,,FALSE,3.8,Aire de repos.,TRUE,osm
Aire de repos,aire_repos,autoroute,,,France,50.0479545,4.4451555,TRUE,FALSE,FALSE,FALSE,FALSE,,,,FALSE,3.8,Aire de repos.,TRUE,osm
Aire de Béhen,aire_repos,autoroute,,,France,50.0451882,1.7596752,TRUE,FALSE,FALSE,FALSE,FALSE,,,,FALSE,3.8,Aire de repos.,TRUE,osm
Aire de Béhen,aire_repos,autoroute,,,France,50.0440992,1.7622856,TRUE,FALSE,FALSE,FALSE,FALSE,,,,FALSE,3.8,Aire de repos.,TRUE,osm
Oberbach,aire_repos,autoroute,,,France,50.0433161,8.4112837,TRUE,FALSE,FALSE,FALSE,FALSE,TRUE,,,FALSE,3.8,Aire de repos.,TRUE,osm
Aire de Bastogne,aire_repos,autoroute,,,France,50.042978,5.7095578,TRUE,FALSE,FALSE,FALSE,FALSE,FALSE,,,FALSE,3.8,Aire de repos.,TRUE,osm
Johannispfad,aire_repos,autoroute,,,France,50.0425425,8.4110758,TRUE,FALSE,FALSE,FALSE,FALSE,TRUE,,,FALSE,3.8,Aire de repos.,TRUE,osm
Struth,aire_repos,autoroute,,,France,50.0366217,7.6461381,TRUE,FALSE,FALSE,FALSE,FALSE,TRUE,,,FALSE,3.8,Aire de repos.,TRUE,osm
Hundsheide,aire_repos,autoroute,,,France,50.0363461,7.6454616,TRUE,FALSE,FALSE,FALSE,FALSE,TRUE,,,FALSE,3.8,Aire de repos.,TRUE,osm
Aire de repos,aire_repos,autoroute,,,France,50.0357722,1.7650516,TRUE,FALSE,FALSE,FALSE,FALSE,,,,FALSE,3.8,Aire de repos.,TRUE,osm
Aire de repos,aire_repos,autoroute,,,France,50.0355048,4.3768097,TRUE,FALSE,FALSE,FALSE,FALSE,,,,FALSE,3.8,Aire de repos.,TRUE,osm
Aire de repos,aire_repos,autoroute,,,France,50.0353889,7.8184719,TRUE,FALSE,FALSE,FALSE,FALSE,FALSE,,,FALSE,3.8,Aire de repos.,TRUE,osm
Aire de repos,aire_repos,autoroute,,,France,50.0350893,5.1253257,TRUE,FALSE,FALSE,FALSE,FALSE,FALSE,,,FALSE,3.8,Aire de repos.,TRUE,osm
Aire de Tellin,aire_repos,autoroute,,,France,50.0350527,5.2114829,TRUE,FALSE,FALSE,FALSE,FALSE,TRUE,,,FALSE,3.8,Aire de repos.,TRUE,osm
Aire de repos,aire_repos,autoroute,,,France,50.0331448,6.1285567,TRUE,FALSE,FALSE,FALSE,FALSE,FALSE,,,FALSE,3.8,Aire de repos.,TRUE,osm
Zur alten Römerstraße,aire_repos,autoroute,,,France,50.0265643,8.3100417,TRUE,FALSE,FALSE,FALSE,FALSE,FALSE,,,FALSE,3.8,Aire de repos.,TRUE,osm
Aire de repos,aire_repos,autoroute,,,France,50.0230949,7.8320543,TRUE,FALSE,FALSE,FALSE,FALSE,FALSE,,,FALSE,3.8,Aire de repos.,TRUE,osm
Aire de repos,aire_repos,autoroute,,,France,50.0128619,7.1736891,TRUE,FALSE,FALSE,FALSE,FALSE,FALSE,,,FALSE,3.8,Aire de repos.,TRUE,osm
Aire de repos,aire_repos,autoroute,,,France,50.0107185,5.6550647,TRUE,FALSE,FALSE,FALSE,FALSE,FALSE,,,FALSE,3.8,Aire de repos.,TRUE,osm
Hohe Wart,aire_repos,autoroute,,,France,50.0066753,8.4884876,TRUE,FALSE,FALSE,FALSE,FALSE,TRUE,,,FALSE,3.8,Aire de repos.,TRUE,osm
Aire de repos,aire_repos,autoroute,,,France,50.0060933,5.9765492,TRUE,FALSE,FALSE,FALSE,FALSE,FALSE,,,FALSE,3.8,Aire de repos.,TRUE,osm
Mainhausen,aire_repos,autoroute,,,France,50.0035428,8.9912876,TRUE,FALSE,FALSE,FALSE,FALSE,TRUE,,,FALSE,3.8,Aire de repos.,TRUE,osm
Neuhöfer Tann,aire_repos,autoroute,,,France,50.0032734,8.4815123,TRUE,FALSE,FALSE,FALSE,FALSE,TRUE,,,FALSE,3.8,Aire de repos.,TRUE,osm
Kaiserstein,aire_repos,autoroute,,,France,50.0021903,8.5973757,TRUE,FALSE,FALSE,FALSE,FALSE,TRUE,,,FALSE,3.8,Aire de repos.,TRUE,osm
Steingrund,aire_repos,autoroute,,,France,50.001947,8.5962866,TRUE,FALSE,FALSE,FALSE,FALSE,TRUE,,,FALSE,3.8,Aire de repos.,TRUE,osm
Aire de repos,aire_repos,autoroute,,,France,50.0015276,1.2889391,TRUE,FALSE,FALSE,FALSE,FALSE,,,,FALSE,3.8,Aire de repos.,TRUE,osm
Aire de repos,aire_repos,autoroute,,,France,50.0014529,8.1096431,TRUE,FALSE,FALSE,FALSE,FALSE,TRUE,,,FALSE,3.8,Aire de repos.,TRUE,osm
Birkenhain,aire_repos,autoroute,,,France,49.9985341,9.2444407,TRUE,FALSE,FALSE,FALSE,FALSE,TRUE,,,FALSE,3.8,Aire de repos.,TRUE,osm
Aire de repos,aire_repos,autoroute,,,France,49.9966329,6.7917086,TRUE,FALSE,FALSE,FALSE,FALSE,FALSE,,,FALSE,3.8,Aire de repos.,TRUE,osm
Aire de repos,aire_repos,autoroute,,,France,49.9965841,6.0154881,TRUE,FALSE,FALSE,FALSE,FALSE,,,,FALSE,3.8,Aire de repos.,TRUE,osm
Strietwald Nord,aire_repos,autoroute,,,France,49.9950719,9.1182454,TRUE,FALSE,FALSE,FALSE,FALSE,TRUE,,,FALSE,3.8,Aire de repos.,TRUE,osm
Aire de Vignacourt Est,aire_repos,autoroute,,,France,49.9915651,2.1809337,TRUE,FALSE,FALSE,FALSE,FALSE,,,,FALSE,3.8,Aire de repos.,TRUE,osm
B 327 - Parkplatz Hunsrückhöhenstraße,aire_repos,autoroute,,,France,49.9915256,7.3410955,TRUE,FALSE,FALSE,FALSE,FALSE,,,,FALSE,3.8,Aire de repos.,TRUE,osm
Strietwald Süd,aire_repos,autoroute,,,France,49.9908759,9.1016153,TRUE,FALSE,FALSE,FALSE,FALSE,TRUE,,,FALSE,3.8,Aire de repos.,TRUE,osm
Aire de repos,aire_repos,autoroute,,,France,49.9906566,5.9629188,TRUE,FALSE,FALSE,FALSE,FALSE,,,,FALSE,3.8,Aire de repos.,TRUE,osm
Aire de Vignacourt Ouest,aire_repos,autoroute,,,France,49.9903731,2.1791714,TRUE,FALSE,FALSE,FALSE,FALSE,,,,FALSE,3.8,Aire de repos.,TRUE,osm
Aire de repos,aire_repos,autoroute,,,France,49.9879634,6.1554586,TRUE,FALSE,FALSE,FALSE,FALSE,FALSE,,,FALSE,3.8,Aire de repos.,TRUE,osm
Aire de repos,aire_repos,autoroute,,,France,49.9866282,6.5172224,TRUE,FALSE,FALSE,FALSE,FALSE,FALSE,,,FALSE,3.8,Aire de repos.,TRUE,osm
Aire de repos,aire_repos,autoroute,,,France,49.9859362,5.8562653,TRUE,FALSE,FALSE,FALSE,FALSE,FALSE,,,FALSE,3.8,Aire de repos.,TRUE,osm
Aire de repos,aire_repos,autoroute,,,France,49.9858168,7.1208606,TRUE,FALSE,FALSE,FALSE,FALSE,FALSE,,,FALSE,3.8,Aire de repos.,TRUE,osm
Aire de repos,aire_repos,autoroute,,,France,49.9855842,6.5638441,TRUE,FALSE,FALSE,FALSE,FALSE,,,,FALSE,3.8,Aire de repos.,TRUE,osm
Aire de repos,aire_repos,autoroute,,,France,49.9846696,5.9311218,TRUE,FALSE,FALSE,FALSE,FALSE,FALSE,,,FALSE,3.8,Aire de repos.,TRUE,osm
Argenthal,aire_repos,autoroute,,,France,49.9828638,7.6195441,TRUE,FALSE,FALSE,FALSE,FALSE,TRUE,,,FALSE,3.8,Aire de repos.,TRUE,osm
Aire de repos,aire_repos,autoroute,,,France,49.9828028,1.6938394,TRUE,FALSE,FALSE,FALSE,FALSE,,,,FALSE,3.8,Aire de repos.,TRUE,osm
Röthenwald,aire_repos,autoroute,,,France,49.9806823,9.2659405,TRUE,FALSE,FALSE,FALSE,FALSE,TRUE,,,FALSE,3.8,Aire de repos.,TRUE,osm
Aire de repos,aire_repos,autoroute,,,France,49.980123,4.6360154,TRUE,FALSE,FALSE,FALSE,FALSE,,,,FALSE,3.8,Aire de repos.,TRUE,osm
Bornbruch (Ost),aire_repos,autoroute,,,France,49.9744229,8.6040907,TRUE,FALSE,FALSE,FALSE,FALSE,FALSE,,,FALSE,3.8,Aire de repos.,TRUE,osm
Bornbruch (West),aire_repos,autoroute,,,France,49.9742188,8.6027575,TRUE,FALSE,FALSE,FALSE,FALSE,FALSE,,,FALSE,3.8,Aire de repos.,TRUE,osm
Aire de repos,aire_repos,autoroute,,,France,49.9730208,5.8708686,TRUE,FALSE,FALSE,FALSE,FALSE,FALSE,,,FALSE,3.8,Aire de repos.,TRUE,osm
Aire de repos,aire_repos,autoroute,,,France,49.9711707,7.5774159,TRUE,FALSE,FALSE,FALSE,FALSE,FALSE,,,FALSE,3.8,Aire de repos.,TRUE,osm
Aire de repos,aire_repos,autoroute,,,France,49.9705532,6.5874017,TRUE,FALSE,FALSE,FALSE,FALSE,FALSE,,,FALSE,3.8,Aire de repos.,TRUE,osm
Aire de repos,aire_repos,autoroute,,,France,49.9696725,7.8787377,TRUE,FALSE,FALSE,FALSE,FALSE,FALSE,,,FALSE,3.8,Aire de repos.,TRUE,osm
Fintenkapelle,aire_repos,autoroute,,,France,49.9688717,6.8366064,TRUE,FALSE,FALSE,FALSE,FALSE,TRUE,,,FALSE,3.8,Aire de repos.,TRUE,osm
Aire de repos,aire_repos,autoroute,,,France,49.96793,7.9428973,TRUE,FALSE,FALSE,FALSE,FALSE,FALSE,,,FALSE,3.8,Aire de repos.,TRUE,osm
Aire de Maurepas,aire_repos,autoroute,,,France,49.9667843,2.8589352,TRUE,FALSE,FALSE,FALSE,FALSE,TRUE,,,FALSE,3.8,Aire de repos.,TRUE,osm
Aire de repos,aire_repos,autoroute,,,France,49.9660288,8.8582293,TRUE,FALSE,FALSE,FALSE,FALSE,FALSE,,,FALSE,3.8,Aire de repos.,TRUE,osm
Aire de repos,aire_repos,autoroute,,,France,49.9658862,6.3988232,TRUE,FALSE,FALSE,FALSE,FALSE,,,,FALSE,3.8,Aire de repos.,TRUE,osm
Aire de repos,aire_repos,autoroute,,,France,49.9655263,7.2896339,TRUE,FALSE,FALSE,FALSE,FALSE,FALSE,,,FALSE,3.8,Aire de repos.,TRUE,osm
Aire de repos,aire_repos,autoroute,,,France,49.96365,2.8485752,TRUE,FALSE,FALSE,FALSE,FALSE,,,,FALSE,3.8,Aire de repos.,TRUE,osm
Aire de repos,aire_repos,autoroute,,,France,49.9633901,8.8558931,TRUE,FALSE,FALSE,FALSE,FALSE,FALSE,,,FALSE,3.8,Aire de repos.,TRUE,osm
Moselblick,aire_repos,autoroute,,,France,49.9623868,7.0156256,TRUE,FALSE,FALSE,FALSE,FALSE,TRUE,,,FALSE,3.8,Aire de repos.,TRUE,osm
Aire de repos,aire_repos,autoroute,,,France,49.9553794,6.9690932,TRUE,FALSE,FALSE,FALSE,FALSE,FALSE,,,FALSE,3.8,Aire de repos.,TRUE,osm
Aire de repos,aire_repos,autoroute,,,France,49.9549771,8.2277304,TRUE,FALSE,FALSE,FALSE,FALSE,FALSE,,,FALSE,3.8,Aire de repos.,TRUE,osm
Aire de repos,aire_repos,autoroute,,,France,49.9542535,1.6563026,TRUE,FALSE,FALSE,FALSE,FALSE,,,,FALSE,3.8,Aire de repos.,TRUE,osm
Aire de repos,aire_repos,autoroute,,,France,49.9501648,7.123918,TRUE,FALSE,FALSE,FALSE,FALSE,,,,FALSE,3.8,Aire de repos.,TRUE,osm
Aire de repos,aire_repos,autoroute,,,France,49.9499938,6.8066347,TRUE,FALSE,FALSE,FALSE,FALSE,FALSE,,,FALSE,3.8,Aire de repos.,TRUE,osm
Aire de repos,aire_repos,autoroute,,,France,49.9480756,6.5436968,TRUE,FALSE,FALSE,FALSE,FALSE,FALSE,,,FALSE,3.8,Aire de repos.,TRUE,osm
Aire de repos,aire_repos,autoroute,,,France,49.9470387,6.1476619,TRUE,FALSE,FALSE,FALSE,FALSE,,,,FALSE,3.8,Aire de repos.,TRUE,osm
Aire de repos,aire_repos,autoroute,,,France,49.9463729,6.1669092,TRUE,FALSE,FALSE,FALSE,FALSE,,,,FALSE,3.8,Aire de repos.,TRUE,osm
Aire de Feuillères,aire_repos,autoroute,,,France,49.9448752,2.8530153,TRUE,FALSE,FALSE,FALSE,FALSE,TRUE,,,FALSE,3.8,Aire de repos.,TRUE,osm
Aire de repos,aire_repos,autoroute,,,France,49.9448454,6.1788666,TRUE,FALSE,FALSE,FALSE,FALSE,,,,FALSE,3.8,Aire de repos.,TRUE,osm
Aire de repos,aire_repos,autoroute,,,France,49.9443182,9.0625966,TRUE,FALSE,FALSE,FALSE,FALSE,FALSE,,,FALSE,3.8,Aire de repos.,TRUE,osm
Aire de repos,aire_repos,autoroute,,,France,49.9437383,9.0652865,TRUE,FALSE,FALSE,FALSE,FALSE,FALSE,,,FALSE,3.8,Aire de repos.,TRUE,osm
Aire de repos,aire_repos,autoroute,,,France,49.9407434,5.9330631,TRUE,FALSE,FALSE,FALSE,FALSE,FALSE,,,FALSE,3.8,Aire de repos.,TRUE,osm
Aire de Remichampagne,aire_repos,autoroute,,,France,49.940736,5.6335236,TRUE,FALSE,FALSE,FALSE,FALSE,FALSE,,,FALSE,3.8,Aire de repos.,TRUE,osm
Aire de repos,aire_repos,autoroute,,,France,49.935115,5.916008,TRUE,FALSE,FALSE,FALSE,FALSE,FALSE,,,FALSE,3.8,Aire de repos.,TRUE,osm
Aire de repos,aire_repos,autoroute,,,France,49.9335941,6.1874393,TRUE,FALSE,FALSE,FALSE,FALSE,,,,FALSE,3.8,Aire de repos.,TRUE,osm
Trollmühle,aire_repos,autoroute,,,France,49.9333455,7.8925154,TRUE,FALSE,FALSE,FALSE,FALSE,,,,FALSE,3.8,Aire de repos.,TRUE,osm
Aire de repos,aire_repos,autoroute,,,France,49.9325187,5.8585731,TRUE,FALSE,FALSE,FALSE,FALSE,FALSE,,,FALSE,3.8,Aire de repos.,TRUE,osm
Aire de repos,aire_repos,autoroute,,,France,49.9302559,5.9401071,TRUE,FALSE,FALSE,FALSE,FALSE,FALSE,,,FALSE,3.8,Aire de repos.,TRUE,osm
Aire de repos,aire_repos,autoroute,,,France,49.9279121,6.1961543,TRUE,FALSE,FALSE,FALSE,FALSE,,,,FALSE,3.8,Aire de repos.,TRUE,osm
Aire de repos,aire_repos,autoroute,,,France,49.927313,6.2345004,TRUE,FALSE,FALSE,FALSE,FALSE,,,,FALSE,3.8,Aire de repos.,TRUE,osm
Aire de repos,aire_repos,autoroute,,,France,49.9239872,5.9414927,TRUE,FALSE,FALSE,FALSE,FALSE,FALSE,,,FALSE,3.8,Aire de repos.,TRUE,osm
Aire de la Haute Bruyère,aire_repos,autoroute,,,France,49.9218778,3.2315099,TRUE,FALSE,FALSE,FALSE,FALSE,,,,FALSE,3.8,Aire de repos.,TRUE,osm
Aire de repos,aire_repos,autoroute,,,France,49.9208879,6.1944391,TRUE,FALSE,FALSE,FALSE,FALSE,,,,FALSE,3.8,Aire de repos.,TRUE,osm
Parkplatz Salmtal,aire_repos,autoroute,,,France,49.9203445,6.8563441,TRUE,FALSE,FALSE,FALSE,FALSE,FALSE,,,FALSE,3.8,Aire de repos.,TRUE,osm
Parkplatz Pohlbach,aire_repos,autoroute,,,France,49.9202683,6.8577272,TRUE,FALSE,FALSE,FALSE,FALSE,FALSE,,,FALSE,3.8,Aire de repos.,TRUE,osm
Aire de repos,aire_repos,autoroute,,,France,49.9194315,5.8355105,TRUE,FALSE,FALSE,FALSE,FALSE,,,,FALSE,3.8,Aire de repos.,TRUE,osm
Aire de repos,aire_repos,autoroute,,,France,49.9183317,6.4759383,TRUE,FALSE,FALSE,FALSE,FALSE,FALSE,,,FALSE,3.8,Aire de repos.,TRUE,osm
Aire de repos,aire_repos,autoroute,,,France,49.9134239,5.9241816,TRUE,FALSE,FALSE,FALSE,FALSE,,,,FALSE,3.8,Aire de repos.,TRUE,osm
Aire de repos,aire_repos,autoroute,,,France,49.9131669,5.8731587,TRUE,FALSE,FALSE,FALSE,FALSE,FALSE,,,FALSE,3.8,Aire de repos.,TRUE,osm
Aire de repos,aire_repos,autoroute,,,France,49.9122359,6.0558095,TRUE,FALSE,FALSE,FALSE,FALSE,,,,FALSE,3.8,Aire de repos.,TRUE,osm
Aire de repos,aire_repos,autoroute,,,France,49.911859,5.9794687,TRUE,FALSE,FALSE,FALSE,FALSE,,,,FALSE,3.8,Aire de repos.,TRUE,osm
Aire de repos,aire_repos,autoroute,,,France,49.909978,5.9647782,TRUE,FALSE,FALSE,FALSE,FALSE,,,,FALSE,3.8,Aire de repos.,TRUE,osm
Aire de l'Omignon,aire_repos,autoroute,,,France,49.9094786,3.2419744,TRUE,FALSE,FALSE,FALSE,FALSE,,,,FALSE,3.8,Aire de repos.,TRUE,osm
Aire de repos,aire_repos,autoroute,,,France,49.90888,5.9438044,TRUE,FALSE,FALSE,FALSE,FALSE,FALSE,,,FALSE,3.8,Aire de repos.,TRUE,osm
Aire de repos,aire_repos,autoroute,,,France,49.9087525,5.9508008,TRUE,FALSE,FALSE,FALSE,FALSE,FALSE,,,FALSE,3.8,Aire de repos.,TRUE,osm
Aire de repos,aire_repos,autoroute,,,France,49.9082135,6.1897835,TRUE,FALSE,FALSE,FALSE,FALSE,,,,FALSE,3.8,Aire de repos.,TRUE,osm
Brühlgraben,aire_repos,autoroute,,,France,49.9074021,8.6071528,TRUE,FALSE,FALSE,FALSE,FALSE,TRUE,,,FALSE,3.8,Aire de repos.,TRUE,osm
Täubcheshöhle,aire_repos,autoroute,,,France,49.9073359,8.608305,TRUE,FALSE,FALSE,FALSE,FALSE,TRUE,,,FALSE,3.8,Aire de repos.,TRUE,osm
Aire de repos,aire_repos,autoroute,,,France,49.9047746,5.9316667,TRUE,FALSE,FALSE,FALSE,FALSE,FALSE,,,FALSE,3.8,Aire de repos.,TRUE,osm
Aire de repos,aire_repos,autoroute,,,France,49.9037249,5.8963291,TRUE,FALSE,FALSE,FALSE,FALSE,,,,FALSE,3.8,Aire de repos.,TRUE,osm
Aire de repos,aire_repos,autoroute,,,France,49.9021703,5.9171715,TRUE,FALSE,FALSE,FALSE,FALSE,,,,FALSE,3.8,Aire de repos.,TRUE,osm
Aire de repos,aire_repos,autoroute,,,France,49.8992359,5.8797763,TRUE,FALSE,FALSE,FALSE,FALSE,,,,FALSE,3.8,Aire de repos.,TRUE,osm
Aire de repos,aire_repos,autoroute,,,France,49.8992061,0.9313468,TRUE,FALSE,FALSE,FALSE,FALSE,FALSE,,,FALSE,3.8,Aire de repos.,TRUE,osm
Aire de repos,aire_repos,autoroute,,,France,49.8975461,6.0683929,TRUE,FALSE,FALSE,FALSE,FALSE,,,,FALSE,3.8,Aire de repos.,TRUE,osm
Aussichtsturm,aire_repos,autoroute,,,France,49.8966231,6.7621889,TRUE,FALSE,FALSE,FALSE,FALSE,,,,FALSE,3.8,Aire de repos.,TRUE,osm
Aire de repos,aire_repos,autoroute,,,France,49.8960416,6.8232128,TRUE,FALSE,FALSE,FALSE,FALSE,,,,FALSE,3.8,Aire de repos.,TRUE,osm
Aire de repos,aire_repos,autoroute,,,France,49.8955008,6.1050561,TRUE,FALSE,FALSE,FALSE,FALSE,,,,FALSE,3.8,Aire de repos.,TRUE,osm
Büttelborn Nord,aire_repos,autoroute,,,France,49.8942172,8.5431249,TRUE,FALSE,FALSE,FALSE,FALSE,TRUE,,,FALSE,3.8,Aire de repos.,TRUE,osm
Aire de repos,aire_repos,autoroute,,,France,49.8940292,5.9533608,TRUE,FALSE,FALSE,FALSE,FALSE,,,,FALSE,3.8,Aire de repos.,TRUE,osm
Aire de repos,aire_repos,autoroute,,,France,49.8922426,6.1347613,TRUE,FALSE,FALSE,FALSE,FALSE,FALSE,,,FALSE,3.8,Aire de repos.,TRUE,osm
Panoramablick,aire_repos,autoroute,,,France,49.889821,6.9291675,TRUE,FALSE,FALSE,FALSE,FALSE,FALSE,,,FALSE,3.8,Aire de repos.,TRUE,osm
Aire de Recogne,aire_repos,autoroute,,,France,49.8893424,5.3575247,TRUE,FALSE,FALSE,FALSE,FALSE,FALSE,,,FALSE,3.8,Aire de repos.,TRUE,osm
Aire de repos,aire_repos,autoroute,,,France,49.8885251,6.9039914,TRUE,FALSE,FALSE,FALSE,FALSE,FALSE,,,FALSE,3.8,Aire de repos.,TRUE,osm
Aire de repos,aire_repos,autoroute,,,France,49.8884076,5.9655392,TRUE,FALSE,FALSE,FALSE,FALSE,,,,FALSE,3.8,Aire de repos.,TRUE,osm
Aire de repos,aire_repos,autoroute,,,France,49.8862854,8.3385489,TRUE,FALSE,FALSE,FALSE,FALSE,FALSE,,,FALSE,3.8,Aire de repos.,TRUE,osm
Aire de repos,aire_repos,autoroute,,,France,49.8855272,7.0784554,TRUE,FALSE,FALSE,FALSE,FALSE,FALSE,,,FALSE,3.8,Aire de repos.,TRUE,osm
Aire de repos,aire_repos,autoroute,,,France,49.8851373,6.1842897,TRUE,FALSE,FALSE,FALSE,FALSE,FALSE,,,FALSE,3.8,Aire de repos.,TRUE,osm
Aire de repos,aire_repos,autoroute,,,France,49.8840438,6.1435744,TRUE,FALSE,FALSE,FALSE,FALSE,,,,FALSE,3.8,Aire de repos.,TRUE,osm
Aire de repos,aire_repos,autoroute,,,France,49.8839801,5.890568,TRUE,FALSE,FALSE,FALSE,FALSE,FALSE,,,FALSE,3.8,Aire de repos.,TRUE,osm
Aire de repos,aire_repos,autoroute,,,France,49.8823278,1.0676211,TRUE,FALSE,FALSE,FALSE,FALSE,FALSE,,,FALSE,3.8,Aire de repos.,TRUE,osm
Aire de repos,aire_repos,autoroute,,,France,49.881608,6.7182731,TRUE,FALSE,FALSE,FALSE,FALSE,,,,FALSE,3.8,Aire de repos.,TRUE,osm
Aire de repos,aire_repos,autoroute,,,France,49.8813265,6.1063827,TRUE,FALSE,FALSE,FALSE,FALSE,,,,FALSE,3.8,Aire de repos.,TRUE,osm
Auf der Kaub,aire_repos,autoroute,,,France,49.8774637,6.9032446,TRUE,FALSE,FALSE,FALSE,FALSE,FALSE,,,FALSE,3.8,Aire de repos.,TRUE,osm
Steingewann,aire_repos,autoroute,,,France,49.8759486,7.9556673,TRUE,FALSE,FALSE,FALSE,FALSE,TRUE,,,FALSE,3.8,Aire de repos.,TRUE,osm
Aire de repos,aire_repos,autoroute,,,France,49.8739734,5.9303833,TRUE,FALSE,FALSE,FALSE,FALSE,,,,FALSE,3.8,Aire de repos.,TRUE,osm
Kommen,aire_repos,autoroute,,,France,49.8732529,7.1250056,TRUE,FALSE,FALSE,FALSE,FALSE,TRUE,,,FALSE,3.8,Aire de repos.,TRUE,osm
Auf der Kaub,aire_repos,autoroute,,,France,49.8728543,6.9004014,TRUE,FALSE,FALSE,FALSE,FALSE,FALSE,,,FALSE,3.8,Aire de repos.,TRUE,osm
Longkamp,aire_repos,autoroute,,,France,49.8722439,7.1262799,TRUE,FALSE,FALSE,FALSE,FALSE,TRUE,,,FALSE,3.8,Aire de repos.,TRUE,osm
Aire de repos,aire_repos,autoroute,,,France,49.8721716,5.8218626,TRUE,FALSE,FALSE,FALSE,FALSE,,,,FALSE,3.8,Aire de repos.,TRUE,osm
Aire de repos,aire_repos,autoroute,,,France,49.8719488,6.1126648,TRUE,FALSE,FALSE,FALSE,FALSE,,,,FALSE,3.8,Aire de repos.,TRUE,osm
Aire de repos,aire_repos,autoroute,,,France,49.8710474,6.2912152,TRUE,FALSE,FALSE,FALSE,FALSE,,,,FALSE,3.8,Aire de repos.,TRUE,osm
Aire de repos,aire_repos,autoroute,,,France,49.870245,5.999635,TRUE,FALSE,FALSE,FALSE,FALSE,FALSE,,,FALSE,3.8,Aire de repos.,TRUE,osm
Aire de repos,aire_repos,autoroute,,,France,49.869649,8.7455604,TRUE,FALSE,FALSE,FALSE,FALSE,FALSE,,,FALSE,3.8,Aire de repos.,TRUE,osm
Aire de repos,aire_repos,autoroute,,,France,49.8687973,8.732927,TRUE,FALSE,FALSE,FALSE,FALSE,FALSE,,,FALSE,3.8,Aire de repos.,TRUE,osm
Aire de repos,aire_repos,autoroute,,,France,49.8671904,7.8540215,TRUE,FALSE,FALSE,FALSE,FALSE,FALSE,,,FALSE,3.8,Aire de repos.,TRUE,osm
Aire de repos,aire_repos,autoroute,,,France,49.8657658,5.8323598,TRUE,FALSE,FALSE,FALSE,FALSE,,,,FALSE,3.8,Aire de repos.,TRUE,osm
Aire de repos,aire_repos,autoroute,,,France,49.8655797,6.9462809,TRUE,FALSE,FALSE,FALSE,FALSE,FALSE,,,FALSE,3.8,Aire de repos.,TRUE,osm
Aire de repos,aire_repos,autoroute,,,France,49.8653163,6.0071406,TRUE,FALSE,FALSE,FALSE,FALSE,FALSE,,,FALSE,3.8,Aire de repos.,TRUE,osm
Sitzborn,aire_repos,autoroute,,,France,49.8651463,7.964505,TRUE,FALSE,FALSE,FALSE,FALSE,TRUE,,,FALSE,3.8,Aire de repos.,TRUE,osm
Aire de repos,aire_repos,autoroute,,,France,49.8647717,5.9336147,TRUE,FALSE,FALSE,FALSE,FALSE,,,,FALSE,3.8,Aire de repos.,TRUE,osm
Aire de repos,aire_repos,autoroute,,,France,49.8641729,5.8425781,TRUE,FALSE,FALSE,FALSE,FALSE,,,,FALSE,3.8,Aire de repos.,TRUE,osm
Aire de repos,aire_repos,autoroute,,,France,49.8618865,5.1331688,TRUE,FALSE,FALSE,FALSE,FALSE,,,,FALSE,3.8,Aire de repos.,TRUE,osm
Aire de repos,aire_repos,autoroute,,,France,49.8618103,6.4620247,TRUE,FALSE,FALSE,FALSE,FALSE,FALSE,,,FALSE,3.8,Aire de repos.,TRUE,osm
Aire de repos,aire_repos,autoroute,,,France,49.8613478,6.1591137,TRUE,FALSE,FALSE,FALSE,FALSE,,,,FALSE,3.8,Aire de repos.,TRUE,osm
Aire de repos,aire_repos,autoroute,,,France,49.8599523,7.1444017,TRUE,FALSE,FALSE,FALSE,FALSE,FALSE,,,FALSE,3.8,Aire de repos.,TRUE,osm
Aire de repos,aire_repos,autoroute,,,France,49.8597862,6.023231,TRUE,FALSE,FALSE,FALSE,FALSE,FALSE,,,FALSE,3.8,Aire de repos.,TRUE,osm
Aire de repos,aire_repos,autoroute,,,France,49.8589069,9.1560228,TRUE,FALSE,FALSE,FALSE,FALSE,FALSE,,,FALSE,3.8,Aire de repos.,TRUE,osm
Aire de repos,aire_repos,autoroute,,,France,49.8567387,7.169869,TRUE,FALSE,FALSE,FALSE,FALSE,FALSE,,,FALSE,3.8,Aire de repos.,TRUE,osm
Aire de repos,aire_repos,autoroute,,,France,49.8566906,6.274966,TRUE,FALSE,FALSE,FALSE,FALSE,,,,FALSE,3.8,Aire de repos.,TRUE,osm
Aire de repos,aire_repos,autoroute,,,France,49.8560989,7.7340944,TRUE,FALSE,FALSE,FALSE,FALSE,,,,FALSE,3.8,Aire de repos.,TRUE,osm
Aire de repos,aire_repos,autoroute,,,France,49.8535797,3.8921615,TRUE,FALSE,FALSE,FALSE,FALSE,FALSE,,,FALSE,3.8,Aire de repos.,TRUE,osm
Aire de repos,aire_repos,autoroute,,,France,49.8500051,6.8745019,TRUE,FALSE,FALSE,FALSE,FALSE,,,,FALSE,3.8,Aire de repos.,TRUE,osm
Aire de repos – Bollendorf-Pont,aire_repos,autoroute,,Bollendorf-Pont,France,49.8497941,6.354507,TRUE,FALSE,FALSE,FALSE,FALSE,,,,FALSE,3.8,Aire de repos. (Bollendorf-Pont),TRUE,osm
Aire de repos,aire_repos,autoroute,,,France,49.8493326,6.9263113,TRUE,FALSE,FALSE,FALSE,FALSE,FALSE,,,FALSE,3.8,Aire de repos.,TRUE,osm
Aire de repos,aire_repos,autoroute,,,France,49.8439031,6.373432,TRUE,FALSE,FALSE,FALSE,FALSE,,,,FALSE,3.8,Aire de repos.,TRUE,osm
Aire de repos,aire_repos,autoroute,,,France,49.8400998,9.5818886,TRUE,FALSE,FALSE,FALSE,FALSE,,,,FALSE,3.8,Aire de repos.,TRUE,osm
Aire de repos,aire_repos,autoroute,,,France,49.8388077,1.4051808,TRUE,FALSE,FALSE,FALSE,FALSE,,,,FALSE,3.8,Aire de repos.,TRUE,osm
Aire d’Athies,aire_repos,autoroute,,,France,49.8386067,2.9903572,TRUE,FALSE,FALSE,FALSE,FALSE,,,,FALSE,3.8,Aire de repos.,TRUE,osm
Aire de repos,aire_repos,autoroute,,,France,49.8381273,5.7840073,TRUE,FALSE,FALSE,FALSE,FALSE,FALSE,,,FALSE,3.8,Aire de repos.,TRUE,osm
Kohlsberg,aire_repos,autoroute,,,France,49.8375946,9.5153698,TRUE,FALSE,FALSE,FALSE,FALSE,TRUE,,,FALSE,3.8,Aire de repos.,TRUE,osm
Aire de repos,aire_repos,autoroute,,,France,49.837326,6.4482831,TRUE,FALSE,FALSE,FALSE,FALSE,FALSE,,,FALSE,3.8,Aire de repos.,TRUE,osm
Aire de repos,aire_repos,autoroute,,,France,49.8371144,5.7558117,TRUE,FALSE,FALSE,FALSE,FALSE,,,,FALSE,3.8,Aire de repos.,TRUE,osm
Aire de repos,aire_repos,autoroute,,,France,49.8322652,6.1413407,TRUE,FALSE,FALSE,FALSE,FALSE,,,,FALSE,3.8,Aire de repos.,TRUE,osm
Aire de repos,aire_repos,autoroute,,,France,49.8314922,6.2907773,TRUE,FALSE,FALSE,FALSE,FALSE,,,,FALSE,3.8,Aire de repos.,TRUE,osm
Aire de repos,aire_repos,autoroute,,,France,49.82971,5.9901328,TRUE,FALSE,FALSE,FALSE,FALSE,,,,FALSE,3.8,Aire de repos.,TRUE,osm
Aire de Léglise,aire_repos,autoroute,,,France,49.8275545,5.5132328,TRUE,FALSE,FALSE,FALSE,FALSE,FALSE,,,FALSE,3.8,Aire de repos.,TRUE,osm
Aire de repos,aire_repos,autoroute,,,France,49.8228738,7.1352191,TRUE,FALSE,FALSE,FALSE,FALSE,FALSE,,,FALSE,3.8,Aire de repos.,TRUE,osm
Aire de repos,aire_repos,autoroute,,,France,49.8219076,6.3973553,TRUE,FALSE,FALSE,FALSE,FALSE,,,,FALSE,3.8,Aire de repos.,TRUE,osm
Aire de repos,aire_repos,autoroute,,,France,49.8201876,6.1950489,TRUE,FALSE,FALSE,FALSE,FALSE,,,,FALSE,3.8,Aire de repos.,TRUE,osm
Aire de repos,aire_repos,autoroute,,,France,49.8200921,6.4666666,TRUE,FALSE,FALSE,FALSE,FALSE,,,,FALSE,3.8,Aire de repos.,TRUE,osm
Aire de repos,aire_repos,autoroute,,,France,49.8188525,6.3257111,TRUE,FALSE,FALSE,FALSE,FALSE,FALSE,,,FALSE,3.8,Aire de repos.,TRUE,osm
Echternacherhof,aire_repos,autoroute,,,France,49.8181915,6.572151,TRUE,FALSE,FALSE,FALSE,FALSE,,,,FALSE,3.8,Aire de repos.,TRUE,osm
Aire de repos,aire_repos,autoroute,,,France,49.817664,6.3697623,TRUE,FALSE,FALSE,FALSE,FALSE,,,,FALSE,3.8,Aire de repos.,TRUE,osm
Aire de repos,aire_repos,autoroute,,,France,49.8159491,3.3134636,TRUE,FALSE,FALSE,FALSE,FALSE,FALSE,,,FALSE,3.8,Aire de repos.,TRUE,osm
Aire de repos,aire_repos,autoroute,,,France,49.8150638,5.7641039,TRUE,FALSE,FALSE,FALSE,FALSE,,,,FALSE,3.8,Aire de repos.,TRUE,osm
Aire de repos,aire_repos,autoroute,,,France,49.8148438,2.8478735,TRUE,FALSE,FALSE,FALSE,FALSE,FALSE,,,FALSE,3.8,Aire de repos.,TRUE,osm
Echternacherbrück,aire_repos,autoroute,,,France,49.8146717,6.4354173,TRUE,FALSE,FALSE,FALSE,FALSE,FALSE,,,FALSE,3.8,Aire de repos.,TRUE,osm
Aire du Bois du Coudroy,aire_repos,autoroute,,,France,49.814284,1.5122304,TRUE,FALSE,FALSE,FALSE,FALSE,,,,FALSE,3.8,Aire de repos.,TRUE,osm
Aire de repos,aire_repos,autoroute,,,France,49.8142028,3.3140457,TRUE,FALSE,FALSE,FALSE,FALSE,FALSE,,,FALSE,3.8,Aire de repos.,TRUE,osm
Aire de repos,aire_repos,autoroute,,,France,49.8090033,7.9335994,TRUE,FALSE,FALSE,FALSE,FALSE,,,,FALSE,3.8,Aire de repos.,TRUE,osm
Aire de repos,aire_repos,autoroute,,,France,49.8076339,6.3206589,TRUE,FALSE,FALSE,FALSE,FALSE,FALSE,,,FALSE,3.8,Aire de repos.,TRUE,osm
Aire de repos,aire_repos,autoroute,,,France,49.8070208,1.184047,TRUE,FALSE,FALSE,FALSE,FALSE,FALSE,,,FALSE,3.8,Aire de repos.,TRUE,osm
Wiesbach,aire_repos,autoroute,,,France,49.8051943,8.0528853,TRUE,FALSE,FALSE,FALSE,FALSE,TRUE,,,FALSE,3.8,Aire de repos.,TRUE,osm
Menhir,aire_repos,autoroute,,,France,49.8045959,8.0518801,TRUE,FALSE,FALSE,FALSE,FALSE,TRUE,,,FALSE,3.8,Aire de repos.,TRUE,osm
Bei der Bomm,aire_repos,autoroute,,,France,49.8022452,6.1297862,TRUE,FALSE,FALSE,FALSE,FALSE,FALSE,,,FALSE,3.8,Aire de repos.,TRUE,osm
Parkplatz Dicke Buche,aire_repos,autoroute,,,France,49.7995284,6.6556682,TRUE,FALSE,FALSE,FALSE,FALSE,,,,FALSE,3.8,Aire de repos.,TRUE,osm
Aire de repos,aire_repos,autoroute,,,France,49.7991657,6.5088954,TRUE,FALSE,FALSE,FALSE,FALSE,,,,FALSE,3.8,Aire de repos.,TRUE,osm
Dhrontalsperre,aire_repos,autoroute,,,France,49.7982535,6.9008269,TRUE,FALSE,FALSE,FALSE,FALSE,FALSE,,,FALSE,3.8,Aire de repos.,TRUE,osm
Aire de repos,aire_repos,autoroute,,,France,49.7954834,6.4880363,TRUE,FALSE,FALSE,FALSE,FALSE,,,,FALSE,3.8,Aire de repos.,TRUE,osm
Aire de repos,aire_repos,autoroute,,,France,49.795203,8.1740762,TRUE,FALSE,FALSE,FALSE,FALSE,,,,FALSE,3.8,Aire de repos.,TRUE,osm
Aire de repos,aire_repos,autoroute,,,France,49.7949319,7.4968607,TRUE,FALSE,FALSE,FALSE,FALSE,FALSE,,,FALSE,3.8,Aire de repos.,TRUE,osm
Aire de repos,aire_repos,autoroute,,,France,49.7947988,7.4941688,TRUE,FALSE,FALSE,FALSE,FALSE,FALSE,,,FALSE,3.8,Aire de repos.,TRUE,osm
Aire de repos,aire_repos,autoroute,,,France,49.7947384,6.3705581,TRUE,FALSE,FALSE,FALSE,FALSE,,,,FALSE,3.8,Aire de repos.,TRUE,osm
Aire de repos,aire_repos,autoroute,,,France,49.7943902,5.8783771,TRUE,FALSE,FALSE,FALSE,FALSE,,,,FALSE,3.8,Aire de repos.,TRUE,osm
Aire de repos,aire_repos,autoroute,,,France,49.7917925,6.0724917,TRUE,FALSE,FALSE,FALSE,FALSE,,,,FALSE,3.8,Aire de repos.,TRUE,osm
Al Steekaul,aire_repos,autoroute,,,France,49.7904143,6.302538,TRUE,FALSE,FALSE,FALSE,FALSE,FALSE,,,FALSE,3.8,Aire de repos.,TRUE,osm
Aire de repos,aire_repos,autoroute,,,France,49.7903834,6.5042413,TRUE,FALSE,FALSE,FALSE,FALSE,,,,FALSE,3.8,Aire de repos.,TRUE,osm
Aire de repos,aire_repos,autoroute,,,France,49.7885924,8.9305215,TRUE,FALSE,FALSE,FALSE,FALSE,,,,FALSE,3.8,Aire de repos.,TRUE,osm
Aire de repos,aire_repos,autoroute,,,France,49.7865062,3.3267198,TRUE,FALSE,FALSE,FALSE,FALSE,,,,FALSE,3.8,Aire de repos.,TRUE,osm
Aire de repos,aire_repos,autoroute,,,France,49.7862629,6.2549314,TRUE,FALSE,FALSE,FALSE,FALSE,,,,FALSE,3.8,Aire de repos.,TRUE,osm
Seidemuer,aire_repos,autoroute,,,France,49.7846957,6.3833718,TRUE,FALSE,FALSE,FALSE,FALSE,,,,FALSE,3.8,Aire de repos.,TRUE,osm
Aire de repos,aire_repos,autoroute,,,France,49.7822059,5.8094085,TRUE,FALSE,FALSE,FALSE,FALSE,FALSE,,,FALSE,3.8,Aire de repos.,TRUE,osm
Aire de repos,aire_repos,autoroute,,,France,49.7805141,7.3339231,TRUE,FALSE,FALSE,FALSE,FALSE,FALSE,,,FALSE,3.8,Aire de repos.,TRUE,osm
Aire de repos,aire_repos,autoroute,,,France,49.7793857,6.3325923,TRUE,FALSE,FALSE,FALSE,FALSE,,,,FALSE,3.8,Aire de repos.,TRUE,osm
Aire de Hattencourt,aire_repos,autoroute,,,France,49.7770273,2.7980914,TRUE,FALSE,FALSE,FALSE,FALSE,TRUE,,,FALSE,3.8,Aire de repos.,TRUE,osm
Aire de Fonches,aire_repos,autoroute,,,France,49.7763742,2.7997645,TRUE,FALSE,FALSE,FALSE,FALSE,TRUE,,,FALSE,3.8,Aire de repos.,TRUE,osm
Aire de repos,aire_repos,autoroute,,,France,49.7735275,5.9218086,TRUE,FALSE,FALSE,FALSE,FALSE,,,,FALSE,3.8,Aire de repos.,TRUE,osm
Aire de repos,aire_repos,autoroute,,,France,49.7720061,3.3332788,TRUE,FALSE,FALSE,FALSE,FALSE,,,,FALSE,3.8,Aire de repos.,TRUE,osm
Aire de repos,aire_repos,autoroute,,,France,49.7716817,6.6042739,TRUE,FALSE,FALSE,FALSE,FALSE,FALSE,,,FALSE,3.8,Aire de repos.,TRUE,osm
Kockelsberg,aire_repos,autoroute,,,France,49.7715176,6.6125362,TRUE,FALSE,FALSE,FALSE,FALSE,FALSE,,,FALSE,3.8,Aire de repos.,TRUE,osm
Aire de repos,aire_repos,autoroute,,,France,49.7705739,6.6151831,TRUE,FALSE,FALSE,FALSE,FALSE,FALSE,,,FALSE,3.8,Aire de repos.,TRUE,osm
Aire de repos,aire_repos,autoroute,,,France,49.7655008,6.5157285,TRUE,FALSE,FALSE,FALSE,FALSE,FALSE,,,FALSE,3.8,Aire de repos.,TRUE,osm
Aire de repos,aire_repos,autoroute,,,France,49.7636502,7.0117797,TRUE,FALSE,FALSE,FALSE,FALSE,FALSE,,,FALSE,3.8,Aire de repos.,TRUE,osm
Aire de repos,aire_repos,autoroute,,,France,49.7634231,3.0527626,TRUE,FALSE,FALSE,FALSE,FALSE,,,,FALSE,3.8,Aire de repos.,TRUE,osm
Aire de repos,aire_repos,autoroute,,,France,49.7629219,6.3509059,TRUE,FALSE,FALSE,FALSE,FALSE,,,,FALSE,3.8,Aire de repos.,TRUE,osm
Aire du Moulin de Pierre,aire_repos,autoroute,,,France,49.7612527,1.7057105,TRUE,FALSE,FALSE,FALSE,FALSE,TRUE,,,FALSE,3.8,Aire de repos.,TRUE,osm
Sauertal,aire_repos,autoroute,,,France,49.7612406,6.5782906,TRUE,FALSE,FALSE,FALSE,FALSE,TRUE,,,FALSE,3.8,Aire de repos.,TRUE,osm
Markusberg,aire_repos,autoroute,,,France,49.7603275,6.5780405,TRUE,FALSE,FALSE,FALSE,FALSE,TRUE,,,FALSE,3.8,Aire de repos.,TRUE,osm
Aire de repos,aire_repos,autoroute,,,France,49.7596951,2.5001098,TRUE,FALSE,FALSE,FALSE,FALSE,FALSE,,,FALSE,3.8,Aire de repos.,TRUE,osm
Aire de la Mare du Bois,aire_repos,autoroute,,,France,49.7578342,1.6979563,TRUE,FALSE,FALSE,FALSE,FALSE,,,,FALSE,3.8,Aire de repos.,TRUE,osm
Aire de repos,aire_repos,autoroute,,,France,49.7573811,7.4376052,TRUE,FALSE,FALSE,FALSE,FALSE,,,,FALSE,3.8,Aire de repos.,TRUE,osm
Aire de repos,aire_repos,autoroute,,,France,49.7561376,3.9705375,TRUE,FALSE,FALSE,FALSE,FALSE,FALSE,,,FALSE,3.8,Aire de repos.,TRUE,osm
Aire de la Vallée de la Selle-Ouest,aire_repos,autoroute,,,France,49.755531,2.2290239,TRUE,FALSE,FALSE,FALSE,FALSE,TRUE,,,FALSE,3.8,Aire de repos.,TRUE,osm
Aire de repos,aire_repos,autoroute,,,France,49.753918,3.9770833,TRUE,FALSE,FALSE,FALSE,FALSE,FALSE,,,FALSE,3.8,Aire de repos.,TRUE,osm
Aire de repos,aire_repos,autoroute,,,France,49.7524695,6.3763577,TRUE,FALSE,FALSE,FALSE,FALSE,,,,FALSE,3.8,Aire de repos.,TRUE,osm
Aire de repos,aire_repos,autoroute,,,France,49.7499201,0.7732254,TRUE,FALSE,FALSE,FALSE,FALSE,,,,FALSE,3.8,Aire de repos.,TRUE,osm
Aire de repos,aire_repos,autoroute,,,France,49.7486593,6.2661669,TRUE,FALSE,FALSE,FALSE,FALSE,,,,FALSE,3.8,Aire de repos.,TRUE,osm
Aire de repos,aire_repos,autoroute,,,France,49.7468206,6.2300884,TRUE,FALSE,FALSE,FALSE,FALSE,,,,FALSE,3.8,Aire de repos.,TRUE,osm
Aire de repos,aire_repos,autoroute,,,France,49.746249,6.1835173,TRUE,FALSE,FALSE,FALSE,FALSE,,,,FALSE,3.8,Aire de repos.,TRUE,osm
Rippëger Kopp,aire_repos,autoroute,,,France,49.7450508,6.3030784,TRUE,FALSE,FALSE,FALSE,FALSE,FALSE,,,FALSE,3.8,Aire de repos.,TRUE,osm
Hinkelstein,aire_repos,autoroute,,,France,49.7429935,6.7864133,TRUE,FALSE,FALSE,FALSE,FALSE,FALSE,,,FALSE,3.8,Aire de repos.,TRUE,osm
Althinkelhaus,aire_repos,autoroute,,,France,49.7423936,6.7870437,TRUE,FALSE,FALSE,FALSE,FALSE,FALSE,,,FALSE,3.8,Aire de repos.,TRUE,osm
Aire de repos,aire_repos,autoroute,,,France,49.7380055,6.3573897,TRUE,FALSE,FALSE,FALSE,FALSE,FALSE,,,FALSE,3.8,Aire de repos.,TRUE,osm
Aire de repos,aire_repos,autoroute,,,France,49.7339841,6.2904028,TRUE,FALSE,FALSE,FALSE,FALSE,FALSE,,,FALSE,3.8,Aire de repos.,TRUE,osm
Aire de repos,aire_repos,autoroute,,,France,49.73328,6.2975639,TRUE,FALSE,FALSE,FALSE,FALSE,,,,FALSE,3.8,Aire de repos.,TRUE,osm
Aire de repos,aire_repos,autoroute,,,France,49.7321574,3.7553769,TRUE,FALSE,FALSE,FALSE,FALSE,FALSE,,,FALSE,3.8,Aire de repos.,TRUE,osm
Aire de repos,aire_repos,autoroute,,,France,49.7300856,6.5066971,TRUE,FALSE,FALSE,FALSE,FALSE,FALSE,,,FALSE,3.8,Aire de repos.,TRUE,osm
Aire de Goyencourt Est,aire_repos,autoroute,,,France,49.7286989,2.7820735,TRUE,FALSE,FALSE,FALSE,FALSE,TRUE,,,FALSE,3.8,Aire de repos.,TRUE,osm
Aire de repos,aire_repos,autoroute,,,France,49.7279598,6.099346,TRUE,FALSE,FALSE,FALSE,FALSE,FALSE,,,FALSE,3.8,Aire de repos.,TRUE,osm
Aire de repos,aire_repos,autoroute,,,France,49.726684,6.5048296,TRUE,FALSE,FALSE,FALSE,FALSE,FALSE,,,FALSE,3.8,Aire de repos.,TRUE,osm
Aire de Goyencourt Ouest,aire_repos,autoroute,,,France,49.7261298,2.7791597,TRUE,FALSE,FALSE,FALSE,FALSE,TRUE,,,FALSE,3.8,Aire de repos.,TRUE,osm
Aire de repos,aire_repos,autoroute,,,France,49.7240924,6.5119874,TRUE,FALSE,FALSE,FALSE,FALSE,,,,FALSE,3.8,Aire de repos.,TRUE,osm
Aire de repos,aire_repos,autoroute,,,France,49.7211344,6.5150156,TRUE,FALSE,FALSE,FALSE,FALSE,FALSE,,,FALSE,3.8,Aire de repos.,TRUE,osm
Aire de repos,aire_repos,autoroute,,,France,49.7205448,6.0765188,TRUE,FALSE,FALSE,FALSE,FALSE,FALSE,,,FALSE,3.8,Aire de repos.,TRUE,osm
Aire de repos,aire_repos,autoroute,,,France,49.7176488,9.0167296,TRUE,FALSE,FALSE,FALSE,FALSE,,,,FALSE,3.8,Aire de repos.,TRUE,osm
Aire de repos,aire_repos,autoroute,,,France,49.7174416,6.0593221,TRUE,FALSE,FALSE,FALSE,FALSE,,,,FALSE,3.8,Aire de repos.,TRUE,osm
Hauxberg,aire_repos,autoroute,,,France,49.7173558,8.1355728,TRUE,FALSE,FALSE,FALSE,FALSE,TRUE,,,FALSE,3.8,Aire de repos.,TRUE,osm
Aire de Nantimont,aire_repos,autoroute,,,France,49.7137096,5.6057569,TRUE,FALSE,FALSE,FALSE,FALSE,FALSE,,,FALSE,3.8,Aire de repos.,TRUE,osm
Aire de repos,aire_repos,autoroute,,,France,49.7128721,4.066613,TRUE,FALSE,FALSE,FALSE,FALSE,,,,FALSE,3.8,Aire de repos.,TRUE,osm
Langewiese,aire_repos,autoroute,,,France,49.7125907,8.1427385,TRUE,FALSE,FALSE,FALSE,FALSE,TRUE,,,FALSE,3.8,Aire de repos.,TRUE,osm
Aire de repos,aire_repos,autoroute,,,France,49.7107502,6.0605032,TRUE,FALSE,FALSE,FALSE,FALSE,,,,FALSE,3.8,Aire de repos.,TRUE,osm
Aire de repos,aire_repos,autoroute,,,France,49.7081754,6.0081159,TRUE,FALSE,FALSE,FALSE,FALSE,FALSE,,,FALSE,3.8,Aire de repos.,TRUE,osm
Aire de repos,aire_repos,autoroute,,,France,49.703895,7.2611298,TRUE,FALSE,FALSE,FALSE,FALSE,,,,FALSE,3.8,Aire de repos.,TRUE,osm
Aire de repos,aire_repos,autoroute,,,France,49.6991776,6.2634909,TRUE,FALSE,FALSE,FALSE,FALSE,FALSE,,,FALSE,3.8,Aire de repos.,TRUE,osm
Jägersburger Wald,aire_repos,autoroute,,,France,49.6973253,8.5491113,TRUE,FALSE,FALSE,FALSE,FALSE,FALSE,,,FALSE,3.8,Aire de repos.,TRUE,osm
Parkplatz Scheidweg,aire_repos,autoroute,,,France,49.6971575,8.6020458,TRUE,FALSE,FALSE,FALSE,FALSE,FALSE,,,FALSE,3.8,Aire de repos.,TRUE,osm
Aire de repos,aire_repos,autoroute,,,France,49.6969293,9.3584913,TRUE,FALSE,FALSE,FALSE,FALSE,FALSE,,,FALSE,3.8,Aire de repos.,TRUE,osm
Aire de repos,aire_repos,autoroute,,,France,49.6955413,6.0891321,TRUE,FALSE,FALSE,FALSE,FALSE,FALSE,,,FALSE,3.8,Aire de repos.,TRUE,osm
Forsthaus,aire_repos,autoroute,,,France,49.6946428,8.550703,TRUE,FALSE,FALSE,FALSE,FALSE,FALSE,,,FALSE,3.8,Aire de repos.,TRUE,osm
Aire de repos,aire_repos,autoroute,,,France,49.6945146,-1.395545,TRUE,FALSE,FALSE,FALSE,FALSE,,,,FALSE,3.8,Aire de repos.,TRUE,osm
Aire de Repos de Roca,aire_repos,autoroute,,,France,49.6935855,4.6821615,TRUE,FALSE,FALSE,FALSE,FALSE,,,,FALSE,3.8,Aire de repos.,TRUE,osm
Aire de repos,aire_repos,autoroute,,,France,49.6935135,6.0304242,TRUE,FALSE,FALSE,FALSE,FALSE,,,,FALSE,3.8,Aire de repos.,TRUE,osm
Aire de repos,aire_repos,autoroute,,,France,49.6930428,-1.3686353,TRUE,FALSE,FALSE,FALSE,FALSE,FALSE,,,FALSE,3.8,Aire de repos.,TRUE,osm
Aire de repos,aire_repos,autoroute,,,France,49.6911616,-1.345786,TRUE,FALSE,FALSE,FALSE,FALSE,FALSE,,,FALSE,3.8,Aire de repos.,TRUE,osm
Aire de repos,aire_repos,autoroute,,,France,49.6899844,-1.4686145,TRUE,FALSE,FALSE,FALSE,FALSE,FALSE,,,FALSE,3.8,Aire de repos.,TRUE,osm
Rotenstein,aire_repos,autoroute,,,France,49.6898549,8.2372259,TRUE,FALSE,FALSE,FALSE,FALSE,FALSE,,,FALSE,3.8,Aire de repos.,TRUE,osm
Aire de repos,aire_repos,autoroute,,,France,49.6898212,6.382318,TRUE,FALSE,FALSE,FALSE,FALSE,,,,FALSE,3.8,Aire de repos.,TRUE,osm
Aire de repos,aire_repos,autoroute,,,France,49.6885081,2.8037763,TRUE,FALSE,FALSE,FALSE,FALSE,,,,FALSE,3.8,Aire de repos.,TRUE,osm
Heubergerhof,aire_repos,autoroute,,,France,49.6872099,8.0383689,TRUE,FALSE,FALSE,FALSE,FALSE,TRUE,,,FALSE,3.8,Aire de repos.,TRUE,osm
Aire de repos,aire_repos,autoroute,,,France,49.6845859,2.7946739,TRUE,FALSE,FALSE,FALSE,FALSE,FALSE,,,FALSE,3.8,Aire de repos.,TRUE,osm
Aire de repos,aire_repos,autoroute,,,France,49.6782041,3.3500855,TRUE,FALSE,FALSE,FALSE,FALSE,FALSE,,,FALSE,3.8,Aire de repos.,TRUE,osm
Aire de repos,aire_repos,autoroute,,,France,49.677463,2.8387847,TRUE,FALSE,FALSE,FALSE,FALSE,,,,FALSE,3.8,Aire de repos.,TRUE,osm
Aire de repos,aire_repos,autoroute,,,France,49.6770491,6.8978659,TRUE,FALSE,FALSE,FALSE,FALSE,FALSE,,,FALSE,3.8,Aire de repos.,TRUE,osm
Aire de repos,aire_repos,autoroute,,,France,49.6755857,0.9757757,TRUE,FALSE,FALSE,FALSE,FALSE,,,,FALSE,3.8,Aire de repos.,TRUE,osm
Aire de repos,aire_repos,autoroute,,,France,49.6749714,5.5602634,TRUE,FALSE,FALSE,FALSE,FALSE,,,,FALSE,3.8,Aire de repos.,TRUE,osm
Aire de repos,aire_repos,autoroute,,,France,49.6747446,5.933197,TRUE,FALSE,FALSE,FALSE,FALSE,,,,FALSE,3.8,Aire de repos.,TRUE,osm
Aire de repos,aire_repos,autoroute,,,France,49.6733381,1.0976625,TRUE,FALSE,FALSE,FALSE,FALSE,,,,FALSE,3.8,Aire de repos.,TRUE,osm
Aire de repos,aire_repos,autoroute,,,France,49.6719192,6.0595993,TRUE,FALSE,FALSE,FALSE,FALSE,,,,FALSE,3.8,Aire de repos.,TRUE,osm
Aire de repos,aire_repos,autoroute,,,France,49.6716847,8.1883506,TRUE,FALSE,FALSE,FALSE,FALSE,,,,FALSE,3.8,Aire de repos.,TRUE,osm
Aire de repos,aire_repos,autoroute,,,France,49.6714164,0.9425302,TRUE,FALSE,FALSE,FALSE,FALSE,,,,FALSE,3.8,Aire de repos.,TRUE,osm
Aire du Broyon,aire_repos,autoroute,,,France,49.6639875,3.5343837,TRUE,FALSE,FALSE,FALSE,FALSE,TRUE,,,FALSE,3.8,Aire de repos.,TRUE,osm
Aire de Saint-Brice,aire_repos,autoroute,,,France,49.6633502,3.5343913,TRUE,FALSE,FALSE,FALSE,FALSE,,,,FALSE,3.8,Aire de repos.,TRUE,osm
Aire de Repos de la Terre au Chêne,aire_repos,autoroute,,,France,49.6633463,4.6458173,TRUE,FALSE,FALSE,FALSE,FALSE,FALSE,,,FALSE,3.8,Aire de repos.,TRUE,osm
Kälberpfad,aire_repos,autoroute,,,France,49.6631182,8.60569,TRUE,FALSE,FALSE,FALSE,FALSE,FALSE,,,FALSE,3.8,Aire de repos.,TRUE,osm
Aire de repos,aire_repos,autoroute,,,France,49.6615355,6.8662816,TRUE,FALSE,FALSE,FALSE,FALSE,,,,FALSE,3.8,Aire de repos.,TRUE,osm
Aire de repos,aire_repos,autoroute,,,France,49.6587157,2.8700701,TRUE,FALSE,FALSE,FALSE,FALSE,,,,FALSE,3.8,Aire de repos.,TRUE,osm
Aire de repos,aire_repos,autoroute,,,France,49.6584974,5.8832324,TRUE,FALSE,FALSE,FALSE,FALSE,FALSE,,,FALSE,3.8,Aire de repos.,TRUE,osm
Aire de repos,aire_repos,autoroute,,,France,49.6572593,3.3871984,TRUE,FALSE,FALSE,FALSE,FALSE,,,,FALSE,3.8,Aire de repos.,TRUE,osm
Aire de repos,aire_repos,autoroute,,,France,49.6559865,6.5886676,TRUE,FALSE,FALSE,FALSE,FALSE,FALSE,,,FALSE,3.8,Aire de repos.,TRUE,osm
Aire de repos,aire_repos,autoroute,,,France,49.6555197,5.9391231,TRUE,FALSE,FALSE,FALSE,FALSE,FALSE,,,FALSE,3.8,Aire de repos.,TRUE,osm
Aire de Saint-Martin-aux-Arbres Sud,aire_repos,autoroute,,,France,49.6553154,0.8826291,TRUE,FALSE,FALSE,FALSE,FALSE,TRUE,,,FALSE,3.8,Aire de repos.,TRUE,osm
Aire de repos,aire_repos,autoroute,,,France,49.6525505,0.6033188,TRUE,FALSE,FALSE,FALSE,FALSE,FALSE,,,FALSE,3.8,Aire de repos.,TRUE,osm
Aire de repos,aire_repos,autoroute,,,France,49.6505636,5.9447703,TRUE,FALSE,FALSE,FALSE,FALSE,FALSE,,,FALSE,3.8,Aire de repos.,TRUE,osm
Aire de Mainemare,aire_repos,autoroute,,,France,49.6497134,1.4217913,TRUE,FALSE,FALSE,FALSE,FALSE,FALSE,,,FALSE,3.8,Aire de repos.,TRUE,osm
Aire de repos,aire_repos,autoroute,,,France,49.6468981,0.842434,TRUE,FALSE,FALSE,FALSE,FALSE,TRUE,,,FALSE,3.8,Aire de repos.,TRUE,osm
Aire de Péage de Cottévrard,aire_repos,autoroute,,,France,49.6468649,1.2441293,TRUE,FALSE,FALSE,FALSE,FALSE,TRUE,,,FALSE,3.8,Aire de repos.,TRUE,osm
Aire de repos,aire_repos,autoroute,,,France,49.6444259,0.8392821,TRUE,FALSE,FALSE,FALSE,FALSE,FALSE,,,FALSE,3.8,Aire de repos.,TRUE,osm
Aire de repos,aire_repos,autoroute,,,France,49.6409438,6.4020461,TRUE,FALSE,FALSE,FALSE,FALSE,FALSE,,,FALSE,3.8,Aire de repos.,TRUE,osm
Katzenberg,aire_repos,autoroute,,,France,49.6402636,6.9232696,TRUE,FALSE,FALSE,FALSE,FALSE,FALSE,,,FALSE,3.8,Aire de repos.,TRUE,osm
Steiner Wald,aire_repos,autoroute,,,France,49.639697,6.9237604,TRUE,FALSE,FALSE,FALSE,FALSE,FALSE,,,FALSE,3.8,Aire de repos.,TRUE,osm
Aire frontalière de Sterpenich (nord),aire_repos,autoroute,,,France,49.6391156,5.9027536,TRUE,FALSE,FALSE,FALSE,FALSE,,,,FALSE,3.8,Aire de repos.,TRUE,osm
Aire de frontalière de Sterpenich (sud),aire_repos,autoroute,,,France,49.6385612,5.9027457,TRUE,FALSE,FALSE,FALSE,FALSE,FALSE,,,FALSE,3.8,Aire de repos.,TRUE,osm
Aire de repos,aire_repos,autoroute,,,France,49.6354688,1.0494018,TRUE,FALSE,FALSE,FALSE,FALSE,FALSE,,,FALSE,3.8,Aire de repos.,TRUE,osm
Aire de repos,aire_repos,autoroute,,,France,49.6347237,4.6221761,TRUE,FALSE,FALSE,FALSE,FALSE,,,,FALSE,3.8,Aire de repos.,TRUE,osm
Aire de repos,aire_repos,autoroute,,,France,49.6346378,5.3455724,TRUE,FALSE,FALSE,FALSE,FALSE,FALSE,,,FALSE,3.8,Aire de repos.,TRUE,osm
Aire de repos,aire_repos,autoroute,,,France,49.6331088,2.9133578,TRUE,FALSE,FALSE,FALSE,FALSE,,,,FALSE,3.8,Aire de repos.,TRUE,osm
Aire de repos,aire_repos,autoroute,,,France,49.632043,0.6416268,TRUE,FALSE,FALSE,FALSE,FALSE,TRUE,,,FALSE,3.8,Aire de repos.,TRUE,osm
Aire de repos,aire_repos,autoroute,,,France,49.6310493,5.4232029,TRUE,FALSE,FALSE,FALSE,FALSE,,,,FALSE,3.8,Aire de repos.,TRUE,osm
Aire de repos,aire_repos,autoroute,,,France,49.6304659,2.3743337,TRUE,FALSE,FALSE,FALSE,FALSE,,,,FALSE,3.8,Aire de repos.,TRUE,osm
Aire de repos,aire_repos,autoroute,,,France,49.6291859,2.375664,TRUE,FALSE,FALSE,FALSE,FALSE,,,,FALSE,3.8,Aire de repos.,TRUE,osm
Aire de repos,aire_repos,autoroute,,,France,49.6280227,0.8048907,TRUE,FALSE,FALSE,FALSE,FALSE,TRUE,,,FALSE,3.8,Aire de repos.,TRUE,osm
Aire de repos,aire_repos,autoroute,,,France,49.6268288,0.8069591,TRUE,FALSE,FALSE,FALSE,FALSE,TRUE,,,FALSE,3.8,Aire de repos.,TRUE,osm
Aire de repos,aire_repos,autoroute,,,France,49.6247484,6.8152295,TRUE,FALSE,FALSE,FALSE,FALSE,,,,FALSE,3.8,Aire de repos.,TRUE,osm
Aire de repos,aire_repos,autoroute,,,France,49.6246354,3.0306101,TRUE,FALSE,FALSE,FALSE,FALSE,,,,FALSE,3.8,Aire de repos.,TRUE,osm
Aire de Tilloloy Ouest,aire_repos,autoroute,,,France,49.6238422,2.7547828,TRUE,FALSE,FALSE,FALSE,FALSE,TRUE,,,FALSE,3.8,Aire de repos.,TRUE,osm
Aire de repos,aire_repos,autoroute,,,France,49.6228685,6.2306718,TRUE,FALSE,FALSE,FALSE,FALSE,FALSE,,,FALSE,3.8,Aire de repos.,TRUE,osm
Aire de Tilloloy Est,aire_repos,autoroute,,,France,49.6226196,2.7564896,TRUE,FALSE,FALSE,FALSE,FALSE,TRUE,,,FALSE,3.8,Aire de repos.,TRUE,osm
Aire de repos,aire_repos,autoroute,,,France,49.622512,3.4469953,TRUE,FALSE,FALSE,FALSE,FALSE,,,,FALSE,3.8,Aire de repos.,TRUE,osm
Aire de repos,aire_repos,autoroute,,,France,49.6201325,9.3096491,TRUE,FALSE,FALSE,FALSE,FALSE,,,,FALSE,3.8,Aire de repos.,TRUE,osm
Aire de repos,aire_repos,autoroute,,,France,49.6199702,6.5695347,TRUE,FALSE,FALSE,FALSE,FALSE,FALSE,,,FALSE,3.8,Aire de repos.,TRUE,osm
Aire de repos,aire_repos,autoroute,,,France,49.6178665,6.4213948,TRUE,FALSE,FALSE,FALSE,FALSE,FALSE,,,FALSE,3.8,Aire de repos.,TRUE,osm
Aire de repos,aire_repos,autoroute,,,France,49.6152407,6.1716811,TRUE,FALSE,FALSE,FALSE,FALSE,,,,FALSE,3.8,Aire de repos.,TRUE,osm
Aire de repos,aire_repos,autoroute,,,France,49.6108318,0.8422726,TRUE,FALSE,FALSE,FALSE,FALSE,,,,FALSE,3.8,Aire de repos.,TRUE,osm
Aire de repos,aire_repos,autoroute,,,France,49.6088972,8.6295005,TRUE,FALSE,FALSE,FALSE,FALSE,FALSE,,,FALSE,3.8,Aire de repos.,TRUE,osm
Aire de repos,aire_repos,autoroute,,,France,49.6086926,0.6471718,TRUE,FALSE,FALSE,FALSE,FALSE,,,,FALSE,3.8,Aire de repos.,TRUE,osm
Aire de repos,aire_repos,autoroute,,,France,49.6046949,2.9612878,TRUE,FALSE,FALSE,FALSE,FALSE,,,,FALSE,3.8,Aire de repos.,TRUE,osm
Aire de repos,aire_repos,autoroute,,,France,49.6013222,5.2442777,TRUE,FALSE,FALSE,FALSE,FALSE,,,,FALSE,3.8,Aire de repos.,TRUE,osm
Aire de repos,aire_repos,autoroute,,,France,49.6010482,6.5926576,TRUE,FALSE,FALSE,FALSE,FALSE,,,,FALSE,3.8,Aire de repos.,TRUE,osm
Aire de repos,aire_repos,autoroute,,,France,49.6003645,6.6307937,TRUE,FALSE,FALSE,FALSE,FALSE,,,,FALSE,3.8,Aire de repos.,TRUE,osm
Aire de repos,aire_repos,autoroute,,,France,49.5999055,5.2455721,TRUE,FALSE,FALSE,FALSE,FALSE,,,,FALSE,3.8,Aire de repos.,TRUE,osm
Ponte-Kopp,aire_repos,autoroute,,,France,49.5979766,6.3881821,TRUE,FALSE,FALSE,FALSE,FALSE,FALSE,,,FALSE,3.8,Aire de repos.,TRUE,osm
Aire de repos,aire_repos,autoroute,,,France,49.5959177,6.6792329,TRUE,FALSE,FALSE,FALSE,FALSE,FALSE,,,FALSE,3.8,Aire de repos.,TRUE,osm
Wildbahn,aire_repos,autoroute,,,France,49.5958503,8.5596245,TRUE,FALSE,FALSE,FALSE,FALSE,FALSE,,,FALSE,3.8,Aire de repos.,TRUE,osm
Sötern,aire_repos,autoroute,,,France,49.595579,7.0485715,TRUE,FALSE,FALSE,FALSE,FALSE,TRUE,,,FALSE,3.8,Aire de repos.,TRUE,osm
Aire de repos,aire_repos,autoroute,,,France,49.5951453,6.0404978,TRUE,FALSE,FALSE,FALSE,FALSE,FALSE,,,FALSE,3.8,Aire de repos.,TRUE,osm
Erpelrain,aire_repos,autoroute,,,France,49.5947295,8.2881701,TRUE,FALSE,FALSE,FALSE,FALSE,TRUE,,,FALSE,3.8,Aire de repos.,TRUE,osm
Kurzgewann,aire_repos,autoroute,,,France,49.5946125,8.2898706,TRUE,FALSE,FALSE,FALSE,FALSE,TRUE,,,FALSE,3.8,Aire de repos.,TRUE,osm
Donnersberg,aire_repos,autoroute,,,France,49.5938292,7.964766,TRUE,FALSE,FALSE,FALSE,FALSE,FALSE,,,FALSE,3.8,Aire de repos.,TRUE,osm
Donnersberg,aire_repos,autoroute,,,France,49.5933285,7.9651308,TRUE,FALSE,FALSE,FALSE,FALSE,FALSE,,,FALSE,3.8,Aire de repos.,TRUE,osm
Aire de repos,aire_repos,autoroute,,,France,49.5905695,5.99946,TRUE,FALSE,FALSE,FALSE,FALSE,,,,FALSE,3.8,Aire de repos.,TRUE,osm
Aire de repos,aire_repos,autoroute,,,France,49.5871065,0.88119,TRUE,FALSE,FALSE,FALSE,FALSE,,,,FALSE,3.8,Aire de repos.,TRUE,osm
Aire de repos,aire_repos,autoroute,,,France,49.5867762,1.9537655,TRUE,FALSE,FALSE,FALSE,FALSE,,,,FALSE,3.8,Aire de repos.,TRUE,osm
Aire de repos,aire_repos,autoroute,,,France,49.5858831,6.5294945,TRUE,FALSE,FALSE,FALSE,FALSE,FALSE,,,FALSE,3.8,Aire de repos.,TRUE,osm
Aire de repos,aire_repos,autoroute,,,France,49.5852227,6.3747167,TRUE,FALSE,FALSE,FALSE,FALSE,,,,FALSE,3.8,Aire de repos.,TRUE,osm
Aire de repos,aire_repos,autoroute,,,France,49.5848102,6.0680607,TRUE,FALSE,FALSE,FALSE,FALSE,,,,FALSE,3.8,Aire de repos.,TRUE,osm
Aire de repos,aire_repos,autoroute,,,France,49.5839397,8.6341028,TRUE,FALSE,FALSE,FALSE,FALSE,FALSE,,,FALSE,3.8,Aire de repos.,TRUE,osm
Aire de repos,aire_repos,autoroute,,,France,49.5835588,5.3039764,TRUE,FALSE,FALSE,FALSE,FALSE,,,,FALSE,3.8,Aire de repos.,TRUE,osm
Aire de repos,aire_repos,autoroute,,,France,49.5816795,6.3020331,TRUE,FALSE,FALSE,FALSE,FALSE,,,,FALSE,3.8,Aire de repos.,TRUE,osm
Aire de repos,aire_repos,autoroute,,,France,49.5814063,0.4418006,TRUE,FALSE,FALSE,FALSE,FALSE,TRUE,,,FALSE,3.8,Aire de repos.,TRUE,osm
Aire de repos,aire_repos,autoroute,,,France,49.5811337,6.7067178,TRUE,FALSE,FALSE,FALSE,FALSE,FALSE,,,FALSE,3.8,Aire de repos.,TRUE,osm
Aire de repos,aire_repos,autoroute,,,France,49.57928,5.3346509,TRUE,FALSE,FALSE,FALSE,FALSE,,,,FALSE,3.8,Aire de repos.,TRUE,osm
Aire de repos,aire_repos,autoroute,,,France,49.5774348,6.6681527,TRUE,FALSE,FALSE,FALSE,FALSE,,,,FALSE,3.8,Aire de repos.,TRUE,osm
Aire de repos,aire_repos,autoroute,,,France,49.5772321,6.2704792,TRUE,FALSE,FALSE,FALSE,FALSE,,,,FALSE,3.8,Aire de repos.,TRUE,osm
Aire de repos,aire_repos,autoroute,,,France,49.5731758,2.7030122,TRUE,FALSE,FALSE,FALSE,FALSE,,,,FALSE,3.8,Aire de repos.,TRUE,osm
Am Karlswald,aire_repos,autoroute,,,France,49.5710282,7.2503372,TRUE,FALSE,FALSE,FALSE,FALSE,FALSE,,,FALSE,3.8,Aire de repos.,TRUE,osm
Am Freisener Kreuz,aire_repos,autoroute,,,France,49.5700599,7.2528621,TRUE,FALSE,FALSE,FALSE,FALSE,,,,FALSE,3.8,Aire de repos.,TRUE,osm
Aire de la Croisette,aire_repos,autoroute,,,France,49.5667279,3.7253044,TRUE,FALSE,FALSE,FALSE,FALSE,,,,FALSE,3.8,Aire de repos.,TRUE,osm
Aire de repos,aire_repos,autoroute,,,France,49.5662472,8.7021699,TRUE,FALSE,FALSE,FALSE,FALSE,,,,FALSE,3.8,Aire de repos.,TRUE,osm
Aire des Pèlerins,aire_repos,autoroute,,,France,49.5642776,3.7480985,TRUE,FALSE,FALSE,FALSE,FALSE,,,,FALSE,3.8,Aire de repos.,TRUE,osm
Aire de repos,aire_repos,autoroute,,,France,49.5614674,6.6557359,TRUE,FALSE,FALSE,FALSE,FALSE,FALSE,,,FALSE,3.8,Aire de repos.,TRUE,osm
Aire de repos,aire_repos,autoroute,,,France,49.5566277,6.3071949,TRUE,FALSE,FALSE,FALSE,FALSE,FALSE,,,FALSE,3.8,Aire de repos.,TRUE,osm
Rennschlag,aire_repos,autoroute,,,France,49.5561218,8.533281,TRUE,FALSE,FALSE,FALSE,FALSE,FALSE,,,FALSE,3.8,Aire de repos.,TRUE,osm
Aire de repos,aire_repos,autoroute,,,France,49.5548277,8.5097581,TRUE,FALSE,FALSE,FALSE,FALSE,FALSE,,,FALSE,3.8,Aire de repos.,TRUE,osm
Aire de repos,aire_repos,autoroute,,,France,49.5530318,6.4191649,TRUE,FALSE,FALSE,FALSE,FALSE,FALSE,,,FALSE,3.8,Aire de repos.,TRUE,osm
Aire de repos,aire_repos,autoroute,,,France,49.5525831,0.4159004,TRUE,FALSE,FALSE,FALSE,FALSE,,,,FALSE,3.8,Aire de repos.,TRUE,osm
Aire de repos,aire_repos,autoroute,,,France,49.550919,0.3343786,TRUE,FALSE,FALSE,FALSE,FALSE,TRUE,,,FALSE,3.8,Aire de repos.,TRUE,osm
Aire de repos,aire_repos,autoroute,,,France,49.55012,0.3382637,TRUE,FALSE,FALSE,FALSE,FALSE,TRUE,,,FALSE,3.8,Aire de repos.,TRUE,osm
Aire de Bouville,aire_repos,autoroute,,,France,49.5492749,0.9207434,TRUE,FALSE,FALSE,FALSE,FALSE,TRUE,,,FALSE,3.8,Aire de repos.,TRUE,osm
Aire de repos,aire_repos,autoroute,,,France,49.5492616,6.3185761,TRUE,FALSE,FALSE,FALSE,FALSE,,,,FALSE,3.8,Aire de repos.,TRUE,osm
Aire de repos,aire_repos,autoroute,,,France,49.5486404,2.9591504,TRUE,FALSE,FALSE,FALSE,FALSE,,,,FALSE,3.8,Aire de repos.,TRUE,osm
Aire de repos,aire_repos,autoroute,,,France,49.5471418,3.0580977,TRUE,FALSE,FALSE,FALSE,FALSE,,,,FALSE,3.8,Aire de repos.,TRUE,osm
Aire de la Vallée d'Écalles,aire_repos,autoroute,,,France,49.5461445,0.9229666,TRUE,FALSE,FALSE,FALSE,FALSE,TRUE,,,FALSE,3.8,Aire de repos.,TRUE,osm
Aire de repos,aire_repos,autoroute,,,France,49.5448646,8.0724516,TRUE,FALSE,FALSE,FALSE,FALSE,,,,FALSE,3.8,Aire de repos.,TRUE,osm
Aire de repos,aire_repos,autoroute,,,France,49.5437594,8.4303453,TRUE,FALSE,FALSE,FALSE,FALSE,,,,FALSE,3.8,Aire de repos.,TRUE,osm
Aire de repos,aire_repos,autoroute,,,France,49.5425091,8.6087945,TRUE,FALSE,FALSE,FALSE,FALSE,,,,FALSE,3.8,Aire de repos.,TRUE,osm
Am Binsenplatz,aire_repos,autoroute,,,France,49.5418917,8.1249843,TRUE,FALSE,FALSE,FALSE,FALSE,,,,FALSE,3.8,Aire de repos.,TRUE,osm
Aire de repos,aire_repos,autoroute,,,France,49.5391394,6.3001427,TRUE,FALSE,FALSE,FALSE,FALSE,FALSE,,,FALSE,3.8,Aire de repos.,TRUE,osm
Aire de repos,aire_repos,autoroute,,,France,49.5384495,3.0728602,TRUE,FALSE,FALSE,FALSE,FALSE,,,,FALSE,3.8,Aire de repos.,TRUE,osm
Aire de repos,aire_repos,autoroute,,,France,49.5364153,4.6121554,TRUE,FALSE,FALSE,FALSE,FALSE,,,,FALSE,3.8,Aire de repos.,TRUE,osm
GenussTruhe,aire_repos,autoroute,,,France,49.5358898,6.7176289,TRUE,FALSE,FALSE,FALSE,FALSE,,,,FALSE,3.8,Aire de repos.,TRUE,osm
Aire de repos,aire_repos,autoroute,,,France,49.5343824,7.4614757,TRUE,FALSE,FALSE,FALSE,FALSE,,,,FALSE,3.8,Aire de repos.,TRUE,osm
Aire de repos,aire_repos,autoroute,,,France,49.5340307,7.4177154,TRUE,FALSE,FALSE,FALSE,FALSE,,,,FALSE,3.8,Aire de repos.,TRUE,osm
Brombach,aire_repos,autoroute,,,France,49.5324421,9.5777169,TRUE,FALSE,FALSE,FALSE,FALSE,FALSE,,,FALSE,3.8,Aire de repos.,TRUE,osm
Aire de repos,aire_repos,autoroute,,,France,49.5322669,1.8871994,TRUE,FALSE,FALSE,FALSE,FALSE,FALSE,,,FALSE,3.8,Aire de repos.,TRUE,osm
Fliegwiese,aire_repos,autoroute,,,France,49.5319839,8.6326641,TRUE,FALSE,FALSE,FALSE,FALSE,TRUE,,,FALSE,3.8,Aire de repos.,TRUE,osm
Wachenburg,aire_repos,autoroute,,,France,49.5309478,8.6341654,TRUE,FALSE,FALSE,FALSE,FALSE,TRUE,,,FALSE,3.8,Aire de repos.,TRUE,osm
Aire de Quincampoix,aire_repos,autoroute,,,France,49.5308267,1.2080346,TRUE,FALSE,FALSE,FALSE,FALSE,TRUE,,,FALSE,3.8,Aire de repos.,TRUE,osm
Aire de repos,aire_repos,autoroute,,,France,49.5287685,2.9408342,TRUE,FALSE,FALSE,FALSE,FALSE,,,,FALSE,3.8,Aire de repos.,TRUE,osm
Aire de repos,aire_repos,autoroute,,,France,49.5277509,1.9159193,TRUE,FALSE,FALSE,FALSE,FALSE,FALSE,,,FALSE,3.8,Aire de repos.,TRUE,osm
Aire de repos,aire_repos,autoroute,,,France,49.5244865,-1.3167999,TRUE,FALSE,FALSE,FALSE,FALSE,,,,FALSE,3.8,Aire de repos.,TRUE,osm
Aire de repos,aire_repos,autoroute,,,France,49.5241159,6.3251793,TRUE,FALSE,FALSE,FALSE,FALSE,,,,FALSE,3.8,Aire de repos.,TRUE,osm
Aire de repos,aire_repos,autoroute,,,France,49.5206446,6.7203353,TRUE,FALSE,FALSE,FALSE,FALSE,FALSE,,,FALSE,3.8,Aire de repos.,TRUE,osm
Aire de repos,aire_repos,autoroute,,,France,49.5205344,6.3182927,TRUE,FALSE,FALSE,FALSE,FALSE,,,,FALSE,3.8,Aire de repos.,TRUE,osm
Aire de repos,aire_repos,autoroute,,,France,49.5168473,5.4646163,TRUE,FALSE,FALSE,FALSE,FALSE,,,,FALSE,3.8,Aire de repos.,TRUE,osm
Seewald,aire_repos,autoroute,,,France,49.5156529,9.5691676,TRUE,FALSE,FALSE,FALSE,FALSE,FALSE,,,FALSE,3.8,Aire de repos.,TRUE,osm
Aire de repos,aire_repos,autoroute,,,France,49.5153942,6.1823973,TRUE,FALSE,FALSE,FALSE,FALSE,,,,FALSE,3.8,Aire de repos.,TRUE,osm
Türkberg,aire_repos,autoroute,,,France,49.5153404,8.0283205,TRUE,FALSE,FALSE,FALSE,FALSE,FALSE,,,FALSE,3.8,Aire de repos.,TRUE,osm
Türkberg,aire_repos,autoroute,,,France,49.5146592,8.0259961,TRUE,FALSE,FALSE,FALSE,FALSE,FALSE,,,FALSE,3.8,Aire de repos.,TRUE,osm
Aire de Festieux,aire_repos,autoroute,,,France,49.5146132,3.7542156,TRUE,FALSE,FALSE,FALSE,FALSE,,,,FALSE,3.8,Aire de repos.,TRUE,osm
Aire de repos,aire_repos,autoroute,,,France,49.5129818,6.1695073,TRUE,FALSE,FALSE,FALSE,FALSE,,,,FALSE,3.8,Aire de repos.,TRUE,osm
Aire de repos,aire_repos,autoroute,,,France,49.5129764,6.2429542,TRUE,FALSE,FALSE,FALSE,FALSE,FALSE,,,FALSE,3.8,Aire de repos.,TRUE,osm
Aire de repos,aire_repos,autoroute,,,France,49.508426,3.3256191,TRUE,FALSE,FALSE,FALSE,FALSE,,,,FALSE,3.8,Aire de repos.,TRUE,osm
Linsenbühl,aire_repos,autoroute,,,France,49.5080489,8.559865,TRUE,FALSE,FALSE,FALSE,FALSE,TRUE,,,FALSE,3.8,Aire de repos.,TRUE,osm
Centre routier sécurisé,aire_repos,autoroute,,Bettembourg,France,49.508045,6.0960988,TRUE,FALSE,FALSE,FALSE,FALSE,,,,FALSE,3.8,Aire de repos. (Bettembourg),TRUE,osm
Aire de repos,aire_repos,autoroute,,,France,49.4990037,0.1326148,TRUE,FALSE,FALSE,FALSE,FALSE,,,,FALSE,3.8,Aire de repos.,TRUE,osm
Aire de repos,aire_repos,autoroute,,,France,49.4933023,4.5839114,TRUE,FALSE,FALSE,FALSE,FALSE,,,,FALSE,3.8,Aire de repos.,TRUE,osm
Potzberg,aire_repos,autoroute,,,France,49.491253,7.4048026,TRUE,FALSE,FALSE,FALSE,FALSE,FALSE,,,FALSE,3.8,Aire de repos.,TRUE,osm
Drehertal,aire_repos,autoroute,,,France,49.4900411,7.9537515,TRUE,FALSE,FALSE,FALSE,FALSE,,,,FALSE,3.8,Aire de repos.,TRUE,osm
Lindich,aire_repos,autoroute,,,France,49.4892599,9.5645768,TRUE,FALSE,FALSE,FALSE,FALSE,FALSE,,,FALSE,3.8,Aire de repos.,TRUE,osm
Aire de repos,aire_repos,autoroute,,,France,49.4860033,8.9780177,TRUE,FALSE,FALSE,FALSE,FALSE,,,,FALSE,3.8,Aire de repos.,TRUE,osm
Aire de repos,aire_repos,autoroute,,,France,49.4856812,6.004207,TRUE,FALSE,FALSE,FALSE,FALSE,,,,FALSE,3.8,Aire de repos.,TRUE,osm
Aire de repos,aire_repos,autoroute,,,France,49.4811194,3.9144287,TRUE,FALSE,FALSE,FALSE,FALSE,,,,FALSE,3.8,Aire de repos.,TRUE,osm
Aire de repos,aire_repos,autoroute,,,France,49.4806981,6.3635772,TRUE,FALSE,FALSE,FALSE,FALSE,,,,FALSE,3.8,Aire de repos.,TRUE,osm
Aire de repos,aire_repos,autoroute,,,France,49.4806444,0.4542133,TRUE,FALSE,FALSE,FALSE,FALSE,,,,FALSE,3.8,Aire de repos.,TRUE,osm
Herrenholz,aire_repos,autoroute,,,France,49.4770965,9.56495,TRUE,FALSE,FALSE,FALSE,FALSE,FALSE,,,FALSE,3.8,Aire de repos.,TRUE,osm
Weiherborner Garten,aire_repos,autoroute,,,France,49.4694365,7.4383468,TRUE,FALSE,FALSE,FALSE,FALSE,,,,FALSE,3.8,Aire de repos.,TRUE,osm
Aire de repos,aire_repos,autoroute,,,France,49.4680611,6.3498867,TRUE,FALSE,FALSE,FALSE,FALSE,,,,FALSE,3.8,Aire de repos.,TRUE,osm
Aire de repos,aire_repos,autoroute,,,France,49.4677362,2.1124632,TRUE,FALSE,FALSE,FALSE,FALSE,,,,FALSE,3.8,Aire de repos.,TRUE,osm
Aire du Chêne Peuquet,aire_repos,autoroute,,,France,49.4667678,2.1624828,TRUE,FALSE,FALSE,FALSE,FALSE,,,,FALSE,3.8,Aire de repos.,TRUE,osm
Aire de repos,aire_repos,autoroute,,,France,49.4661001,5.7292407,TRUE,FALSE,FALSE,FALSE,FALSE,,,,FALSE,3.8,Aire de repos.,TRUE,osm
Aire de repos,aire_repos,autoroute,,,France,49.4659904,6.9770831,TRUE,FALSE,FALSE,FALSE,FALSE,FALSE,,,FALSE,3.8,Aire de repos.,TRUE,osm
Aire de repos,aire_repos,autoroute,,,France,49.4653224,6.2429642,TRUE,FALSE,FALSE,FALSE,FALSE,,,,FALSE,3.8,Aire de repos.,TRUE,osm
Aire du Grand Bois,aire_repos,autoroute,,,France,49.4638267,2.158167,TRUE,FALSE,FALSE,FALSE,FALSE,,,,FALSE,3.8,Aire de repos.,TRUE,osm
Bobelach,aire_repos,autoroute,,,France,49.463209,8.3131827,TRUE,FALSE,FALSE,FALSE,FALSE,FALSE,,,FALSE,3.8,Aire de repos.,TRUE,osm
Aire de repos,aire_repos,autoroute,,,France,49.4605003,5.9955534,TRUE,FALSE,FALSE,FALSE,FALSE,,,,FALSE,3.8,Aire de repos.,TRUE,osm
Sandberg,aire_repos,autoroute,,,France,49.4595231,8.3153683,TRUE,FALSE,FALSE,FALSE,FALSE,FALSE,,,FALSE,3.8,Aire de repos.,TRUE,osm
Aire de Tiercelet,aire_repos,autoroute,,,France,49.4579099,5.8653293,TRUE,FALSE,FALSE,FALSE,FALSE,,,,FALSE,3.8,Aire de repos.,TRUE,osm
Qaiders Berg,aire_repos,autoroute,,,France,49.4574875,7.8471724,TRUE,FALSE,FALSE,FALSE,FALSE,FALSE,,,FALSE,3.8,Aire de repos.,TRUE,osm
Aire de repos,aire_repos,autoroute,,,France,49.4567232,5.5986433,TRUE,FALSE,FALSE,FALSE,FALSE,,,,FALSE,3.8,Aire de repos.,TRUE,osm
Holzspitze,aire_repos,autoroute,,,France,49.456443,9.5337042,TRUE,FALSE,FALSE,FALSE,FALSE,TRUE,,,FALSE,3.8,Aire de repos.,TRUE,osm
Weiler,aire_repos,autoroute,,,France,49.4536668,6.5681322,TRUE,FALSE,FALSE,FALSE,FALSE,TRUE,,,FALSE,3.8,Aire de repos.,TRUE,osm
Holzspitze,aire_repos,autoroute,,,France,49.4534512,9.5300021,TRUE,FALSE,FALSE,FALSE,FALSE,TRUE,,,FALSE,3.8,Aire de repos.,TRUE,osm
Am Heidekornrech,aire_repos,autoroute,,,France,49.4530232,7.4758003,TRUE,FALSE,FALSE,FALSE,FALSE,FALSE,,,FALSE,3.8,Aire de repos.,TRUE,osm
Aire du Moulin de Laffaux,aire_repos,autoroute,,,France,49.4497034,3.4388688,TRUE,FALSE,FALSE,FALSE,FALSE,TRUE,,,FALSE,3.8,Aire de repos.,TRUE,osm
Aire de repos,aire_repos,autoroute,,,France,49.4496569,8.9133668,TRUE,FALSE,FALSE,FALSE,FALSE,FALSE,,,FALSE,3.8,Aire de repos.,TRUE,osm
Villa Rustica,aire_repos,autoroute,,,France,49.4490594,8.1977044,TRUE,FALSE,FALSE,FALSE,FALSE,FALSE,,,FALSE,3.8,Aire de repos.,TRUE,osm
Katzenbacher Höhe,aire_repos,autoroute,,,France,49.4430107,7.4995211,TRUE,FALSE,FALSE,FALSE,FALSE,FALSE,,,FALSE,3.8,Aire de repos.,TRUE,osm
Aire de repos,aire_repos,autoroute,,,France,49.4400406,7.7485858,TRUE,FALSE,FALSE,FALSE,FALSE,,,,FALSE,3.8,Aire de repos.,TRUE,osm
Aire de la Mailleraye,aire_repos,autoroute,,,France,49.4341869,0.7916223,TRUE,FALSE,FALSE,FALSE,FALSE,,,,FALSE,3.8,Aire de repos.,TRUE,osm
Seegrund,aire_repos,autoroute,,,France,49.4321592,9.5037736,TRUE,FALSE,FALSE,FALSE,FALSE,FALSE,,,FALSE,3.8,Aire de repos.,TRUE,osm
Aire de repos,aire_repos,autoroute,,,France,49.429902,5.1541205,TRUE,FALSE,FALSE,FALSE,FALSE,FALSE,,,FALSE,3.8,Aire de repos.,TRUE,osm
Aire de repos,aire_repos,autoroute,,,France,49.4278115,6.1700629,TRUE,FALSE,FALSE,FALSE,FALSE,,,,FALSE,3.8,Aire de repos.,TRUE,osm
Aire de repos,aire_repos,autoroute,,,France,49.426489,6.9416671,TRUE,FALSE,FALSE,FALSE,FALSE,,,,FALSE,3.8,Aire de repos.,TRUE,osm
Höllenplacken,aire_repos,autoroute,,,France,49.4241025,7.6119499,TRUE,FALSE,FALSE,FALSE,FALSE,TRUE,,,FALSE,3.8,Aire de repos.,TRUE,osm
Aire de repos,aire_repos,autoroute,,,France,49.4232387,0.6749559,TRUE,FALSE,FALSE,FALSE,FALSE,,,,FALSE,3.8,Aire de repos.,TRUE,osm
Aire de repos,aire_repos,autoroute,,,France,49.422928,8.8908094,TRUE,FALSE,FALSE,FALSE,FALSE,FALSE,,,FALSE,3.8,Aire de repos.,TRUE,osm
Aire de la Croix Gréal,aire_repos,autoroute,,,France,49.421985,1.9681907,TRUE,FALSE,FALSE,FALSE,FALSE,,,,FALSE,3.8,Aire de repos.,TRUE,osm
Aire de repos,aire_repos,autoroute,,,France,49.4217927,1.9678821,TRUE,FALSE,FALSE,FALSE,FALSE,,,,FALSE,3.8,Aire de repos.,TRUE,osm
Aire de repos,aire_repos,autoroute,,,France,49.4177807,8.7260383,TRUE,FALSE,FALSE,FALSE,FALSE,FALSE,,,FALSE,3.8,Aire de repos.,TRUE,osm
Aire de Rémy,aire_repos,autoroute,,,France,49.4149686,2.6951173,TRUE,FALSE,FALSE,FALSE,FALSE,,,,FALSE,3.8,Aire de repos.,TRUE,osm
Aire de Bois d'Arsy,aire_repos,autoroute,,,France,49.4143802,2.6931099,TRUE,FALSE,FALSE,FALSE,FALSE,TRUE,,,FALSE,3.8,Aire de repos.,TRUE,osm
Aire de repos,aire_repos,autoroute,,,France,49.4092424,9.2374969,TRUE,FALSE,FALSE,FALSE,FALSE,FALSE,,,FALSE,3.8,Aire de repos.,TRUE,osm
Aire de repos,aire_repos,autoroute,,,France,49.4089885,9.2458014,TRUE,FALSE,FALSE,FALSE,FALSE,FALSE,,,FALSE,3.8,Aire de repos.,TRUE,osm
Aire de Thionville Porte de France,aire_repos,autoroute,,,France,49.4063225,6.1110231,TRUE,FALSE,FALSE,FALSE,FALSE,FALSE,,,FALSE,3.8,Aire de repos.,TRUE,osm
Aire de repos,aire_repos,autoroute,,,France,49.4061908,9.3639351,TRUE,FALSE,FALSE,FALSE,FALSE,FALSE,,,FALSE,3.8,Aire de repos.,TRUE,osm
Aire d’Entrange,aire_repos,autoroute,,,France,49.4044207,6.1126595,TRUE,FALSE,FALSE,FALSE,FALSE,TRUE,,,FALSE,3.8,Aire de repos.,TRUE,osm
Aire de repos,aire_repos,autoroute,,,France,49.4040019,2.652864,TRUE,FALSE,FALSE,FALSE,FALSE,,,,FALSE,3.8,Aire de repos.,TRUE,osm
Aire des Fosses du Macre,aire_repos,autoroute,,,France,49.4023786,0.1386803,TRUE,FALSE,FALSE,FALSE,FALSE,FALSE,,,FALSE,3.8,Aire de repos.,TRUE,osm
Harzofen,aire_repos,autoroute,,,France,49.4005349,7.4718484,TRUE,FALSE,FALSE,FALSE,FALSE,FALSE,,,FALSE,3.8,Aire de repos.,TRUE,osm
Schwarzbachwiesen,aire_repos,autoroute,,,France,49.3979465,7.4620165,TRUE,FALSE,FALSE,FALSE,FALSE,FALSE,,,FALSE,3.8,Aire de repos.,TRUE,osm
Aire de repos,aire_repos,autoroute,,,France,49.3961072,3.0840371,TRUE,FALSE,FALSE,FALSE,FALSE,,,,FALSE,3.8,Aire de repos.,TRUE,osm
Aire de repos,aire_repos,autoroute,,,France,49.3929354,0.248272,TRUE,FALSE,FALSE,FALSE,FALSE,,,,FALSE,3.8,Aire de repos.,TRUE,osm
Spechtersee,aire_repos,autoroute,,,France,49.390112,8.2672292,TRUE,FALSE,FALSE,FALSE,FALSE,,,,FALSE,3.8,Aire de repos.,TRUE,osm
Spielberg,aire_repos,autoroute,,,France,49.3886446,8.2644522,TRUE,FALSE,FALSE,FALSE,FALSE,,,,FALSE,3.8,Aire de repos.,TRUE,osm
Niedmündung,aire_repos,autoroute,,,France,49.3882969,6.6715435,TRUE,FALSE,FALSE,FALSE,FALSE,TRUE,,,FALSE,3.8,Aire de repos.,TRUE,osm
Aire de Josapha,aire_repos,autoroute,,,France,49.3845444,0.5791325,TRUE,FALSE,FALSE,FALSE,FALSE,TRUE,,,FALSE,3.8,Aire de repos.,TRUE,osm
Am Glan,aire_repos,autoroute,,,France,49.383802,7.4267827,TRUE,FALSE,FALSE,FALSE,FALSE,,,,FALSE,3.8,Aire de repos.,TRUE,osm
Aire du Moulin,aire_repos,autoroute,,,France,49.3830242,0.6005841,TRUE,FALSE,FALSE,FALSE,FALSE,TRUE,,,FALSE,3.8,Aire de repos.,TRUE,osm
Reissberg,aire_repos,autoroute,,,France,49.3808602,7.421073,TRUE,FALSE,FALSE,FALSE,FALSE,FALSE,,,FALSE,3.8,Aire de repos.,TRUE,osm
Denzer,aire_repos,autoroute,,,France,49.3800821,9.4599012,TRUE,FALSE,FALSE,FALSE,FALSE,FALSE,,,FALSE,3.8,Aire de repos.,TRUE,osm
Aire de repos,aire_repos,autoroute,,,France,49.3794515,8.5436238,TRUE,FALSE,FALSE,FALSE,FALSE,FALSE,,,FALSE,3.8,Aire de repos.,TRUE,osm
Aire de repos,aire_repos,autoroute,,,France,49.3776831,8.1869158,TRUE,FALSE,FALSE,FALSE,FALSE,FALSE,,,FALSE,3.8,Aire de repos.,TRUE,osm
Aire de repos,aire_repos,autoroute,,,France,49.3750036,9.4534113,TRUE,FALSE,FALSE,FALSE,FALSE,FALSE,,,FALSE,3.8,Aire de repos.,TRUE,osm
Limes,aire_repos,autoroute,,,France,49.3749778,9.4532349,TRUE,FALSE,FALSE,FALSE,FALSE,FALSE,,,FALSE,3.8,Aire de repos.,TRUE,osm
Aire de repos,aire_repos,autoroute,,,France,49.3719002,8.5450857,TRUE,FALSE,FALSE,FALSE,FALSE,FALSE,,,FALSE,3.8,Aire de repos.,TRUE,osm
Aire d'Éturqueraye,aire_repos,autoroute,,,France,49.3715766,0.6885064,TRUE,FALSE,FALSE,FALSE,FALSE,TRUE,,,FALSE,3.8,Aire de repos.,TRUE,osm
Aire de Rougemontiers,aire_repos,autoroute,,,France,49.3709825,0.707696,TRUE,FALSE,FALSE,FALSE,FALSE,TRUE,,,FALSE,3.8,Aire de repos.,TRUE,osm
Aire de repos,aire_repos,autoroute,,,France,49.3693892,9.0825825,TRUE,FALSE,FALSE,FALSE,FALSE,FALSE,,,FALSE,3.8,Aire de repos.,TRUE,osm
Aire de repos,aire_repos,autoroute,,,France,49.3687819,1.9752659,TRUE,FALSE,FALSE,FALSE,FALSE,FALSE,,,FALSE,3.8,Aire de repos.,TRUE,osm
Aire de repos,aire_repos,autoroute,,,France,49.364935,9.0958512,TRUE,FALSE,FALSE,FALSE,FALSE,,,,FALSE,3.8,Aire de repos.,TRUE,osm
Aire d’Auteuil,aire_repos,autoroute,,,France,49.3643964,2.1093337,TRUE,FALSE,FALSE,FALSE,FALSE,,,,FALSE,3.8,Aire de repos.,TRUE,osm
Aire du Grand Courtil,aire_repos,autoroute,,,France,49.3637638,2.1069426,TRUE,FALSE,FALSE,FALSE,FALSE,,,,FALSE,3.8,Aire de repos.,TRUE,osm
Großer Wald,aire_repos,autoroute,,,France,49.3632186,9.4267177,TRUE,FALSE,FALSE,FALSE,FALSE,FALSE,,,FALSE,3.8,Aire de repos.,TRUE,osm
Volkshausen,aire_repos,autoroute,,,France,49.3576596,9.4180525,TRUE,FALSE,FALSE,FALSE,FALSE,FALSE,,,FALSE,3.8,Aire de repos.,TRUE,osm
Aire de Cauroy,aire_repos,autoroute,,,France,49.3568308,3.9541233,TRUE,FALSE,FALSE,FALSE,FALSE,,,,FALSE,3.8,Aire de repos.,TRUE,osm
Aire de Loivre,aire_repos,autoroute,,,France,49.3566636,3.9556407,TRUE,FALSE,FALSE,FALSE,FALSE,,,,FALSE,3.8,Aire de repos.,TRUE,osm
Nachtweide,aire_repos,autoroute,,,France,49.3560316,8.3840941,TRUE,FALSE,FALSE,FALSE,FALSE,FALSE,,,FALSE,3.8,Aire de repos.,TRUE,osm
Birkenschlag,aire_repos,autoroute,,,France,49.3559404,8.3822735,TRUE,FALSE,FALSE,FALSE,FALSE,FALSE,,,FALSE,3.8,Aire de repos.,TRUE,osm
Aire de repos,aire_repos,autoroute,,,France,49.3549596,9.0633903,TRUE,FALSE,FALSE,FALSE,FALSE,,,,FALSE,3.8,Aire de repos.,TRUE,osm
Aire de repos,aire_repos,autoroute,,,France,49.3546643,9.0539611,TRUE,FALSE,FALSE,FALSE,FALSE,,,,FALSE,3.8,Aire de repos.,TRUE,osm
Aire de Longueil-Sainte-Marie,aire_repos,autoroute,,,France,49.3528841,2.7009079,TRUE,FALSE,FALSE,FALSE,TRUE,TRUE,,,FALSE,3.8,Aire de repos.,TRUE,osm
Kutzhof,aire_repos,autoroute,,,France,49.3522413,6.9892124,TRUE,FALSE,FALSE,FALSE,FALSE,TRUE,,,FALSE,3.8,Aire de repos.,TRUE,osm
Binshof,aire_repos,autoroute,,,France,49.3518979,8.4558865,TRUE,FALSE,FALSE,FALSE,FALSE,TRUE,,,FALSE,3.8,Aire de repos.,TRUE,osm
Spitzenrheinhof,aire_repos,autoroute,,,France,49.3513025,8.4553827,TRUE,FALSE,FALSE,FALSE,FALSE,TRUE,,,FALSE,3.8,Aire de repos.,TRUE,osm
Aire de repos,aire_repos,autoroute,,,France,49.35072,5.8446731,TRUE,FALSE,FALSE,FALSE,FALSE,,,,FALSE,3.8,Aire de repos.,TRUE,osm
Aire de repos,aire_repos,autoroute,,,France,49.3451429,7.1438621,TRUE,FALSE,FALSE,FALSE,FALSE,,,,FALSE,3.8,Aire de repos.,TRUE,osm
Aire de Chevrieres,aire_repos,autoroute,,,France,49.3421573,2.6983117,TRUE,FALSE,FALSE,FALSE,TRUE,TRUE,,,FALSE,3.8,Aire de repos.,TRUE,osm
Aire de repos,aire_repos,autoroute,,,France,49.3420393,4.5617758,TRUE,FALSE,FALSE,FALSE,FALSE,,,,FALSE,3.8,Aire de repos.,TRUE,osm
Aire du Bois des Tillots,aire_repos,autoroute,,,France,49.3372155,5.9982342,TRUE,FALSE,FALSE,FALSE,FALSE,,,,FALSE,3.8,Aire de repos.,TRUE,osm
Aire de repos,aire_repos,autoroute,,,France,49.3356942,7.1580392,TRUE,FALSE,FALSE,FALSE,FALSE,,,,FALSE,3.8,Aire de repos.,TRUE,osm
Waldparkplatz Förstle,aire_repos,autoroute,,,France,49.3347028,8.9740167,TRUE,FALSE,FALSE,FALSE,FALSE,FALSE,,,FALSE,3.8,Aire de repos.,TRUE,osm
Aire de repos,aire_repos,autoroute,,,France,49.33441,0.2049043,TRUE,FALSE,FALSE,FALSE,FALSE,,,,FALSE,3.8,Aire de repos.,TRUE,osm
Aire de repos,aire_repos,autoroute,,,France,49.3305831,8.5189204,TRUE,FALSE,FALSE,FALSE,FALSE,FALSE,,,FALSE,3.8,Aire de repos.,TRUE,osm
Wanderparkplatz Mitteleiche,aire_repos,autoroute,,,France,49.3304589,7.8762524,TRUE,FALSE,FALSE,FALSE,FALSE,,,,FALSE,3.8,Aire de repos.,TRUE,osm
Aire de repos,aire_repos,autoroute,,,France,49.3304464,8.1161161,TRUE,FALSE,FALSE,FALSE,FALSE,,,,FALSE,3.8,Aire de repos.,TRUE,osm
Aire de la Castine,aire_repos,autoroute,,,France,49.3302081,6.0162964,TRUE,FALSE,FALSE,FALSE,FALSE,TRUE,,,FALSE,3.8,Aire de repos.,TRUE,osm
Kohlhof,aire_repos,autoroute,,,France,49.3266887,7.2274623,TRUE,FALSE,FALSE,FALSE,FALSE,FALSE,,,FALSE,3.8,Aire de repos.,TRUE,osm
Aire de repos,aire_repos,autoroute,,,France,49.3235098,8.6303674,TRUE,FALSE,FALSE,FALSE,FALSE,FALSE,,,FALSE,3.8,Aire de repos.,TRUE,osm
Aire de Courcy,aire_repos,autoroute,,,France,49.3234351,3.9830568,TRUE,FALSE,FALSE,FALSE,FALSE,,,,FALSE,3.8,Aire de repos.,TRUE,osm
Aire de Quetteville Est,aire_repos,autoroute,,,France,49.3227393,0.3070012,TRUE,FALSE,FALSE,FALSE,FALSE,TRUE,,,FALSE,3.8,Aire de repos.,TRUE,osm
Waldparkplatz Gambsbuche,aire_repos,autoroute,,,France,49.3220129,7.8642327,TRUE,FALSE,FALSE,FALSE,FALSE,,,,FALSE,3.8,Aire de repos.,TRUE,osm
Aire de Quetteville Ouest,aire_repos,autoroute,,,France,49.3213484,0.308931,TRUE,FALSE,FALSE,FALSE,FALSE,TRUE,,,FALSE,3.8,Aire de repos.,TRUE,osm
Aire de repos,aire_repos,autoroute,,,France,49.3153017,0.8377333,TRUE,FALSE,FALSE,FALSE,FALSE,,,,FALSE,3.8,Aire de repos.,TRUE,osm
Aire des Long Champs,aire_repos,autoroute,,,France,49.3151974,-0.448173,TRUE,FALSE,FALSE,FALSE,FALSE,,,,FALSE,3.8,Aire de repos.,TRUE,osm
Aire de repos,aire_repos,autoroute,,,France,49.314049,0.8351566,TRUE,FALSE,FALSE,FALSE,FALSE,,,,FALSE,3.8,Aire de repos.,TRUE,osm
Aire des Vestiges,aire_repos,autoroute,,,France,49.3077902,-0.4402551,TRUE,FALSE,FALSE,FALSE,FALSE,,,,FALSE,3.8,Aire de repos.,TRUE,osm
Taubental,aire_repos,autoroute,,,France,49.2997496,7.2877854,TRUE,FALSE,FALSE,FALSE,FALSE,FALSE,,,FALSE,3.8,Aire de repos.,TRUE,osm
Aire de repos,aire_repos,autoroute,,,France,49.2983632,8.5938275,TRUE,FALSE,FALSE,FALSE,FALSE,FALSE,,,FALSE,3.8,Aire de repos.,TRUE,osm
Aire de repos,aire_repos,autoroute,,,France,49.2950888,8.1317824,TRUE,FALSE,FALSE,FALSE,FALSE,FALSE,,,FALSE,3.8,Aire de repos.,TRUE,osm
Geisheck,aire_repos,autoroute,,,France,49.2930209,8.6004146,TRUE,FALSE,FALSE,FALSE,FALSE,FALSE,,,FALSE,3.8,Aire de repos.,TRUE,osm
Aire de repos,aire_repos,autoroute,,,France,49.2881791,1.8878044,TRUE,FALSE,FALSE,FALSE,FALSE,FALSE,,,FALSE,3.8,Aire de repos.,TRUE,osm
Aire de Roberval-Est,aire_repos,autoroute,,,France,49.2878329,2.6929378,TRUE,FALSE,FALSE,FALSE,FALSE,TRUE,,,FALSE,3.8,Aire de repos.,TRUE,osm
Aire de Roberval Ouest,aire_repos,autoroute,,,France,49.2859228,2.69271,TRUE,FALSE,FALSE,FALSE,FALSE,TRUE,,,FALSE,3.8,Aire de repos.,TRUE,osm
Aire de repos,aire_repos,autoroute,,,France,49.2758006,2.7740666,TRUE,FALSE,FALSE,FALSE,FALSE,FALSE,,,FALSE,3.8,Aire de repos.,TRUE,osm
Bucheneck,aire_repos,autoroute,,,France,49.2736911,8.6454338,TRUE,FALSE,FALSE,FALSE,FALSE,TRUE,,,FALSE,3.8,Aire de repos.,TRUE,osm
Am Kahlenberg,aire_repos,autoroute,,,France,49.2731558,7.1530007,TRUE,FALSE,FALSE,FALSE,FALSE,TRUE,,,FALSE,3.8,Aire de repos.,TRUE,osm
Weißer Stock,aire_repos,autoroute,,,France,49.2725651,8.6480451,TRUE,FALSE,FALSE,FALSE,FALSE,TRUE,,,FALSE,3.8,Aire de repos.,TRUE,osm
Egerten,aire_repos,autoroute,,,France,49.2725422,9.3511892,TRUE,FALSE,FALSE,FALSE,FALSE,FALSE,,,FALSE,3.8,Aire de repos.,TRUE,osm
Am Kahlenberg,aire_repos,autoroute,,,France,49.2723373,7.1584783,TRUE,FALSE,FALSE,FALSE,FALSE,TRUE,,,FALSE,3.8,Aire de repos.,TRUE,osm
Aire de repos,aire_repos,autoroute,,,France,49.2705123,4.5619738,TRUE,FALSE,FALSE,FALSE,FALSE,,,,FALSE,3.8,Aire de repos.,TRUE,osm
Aire Nord de Bord,aire_repos,autoroute,,,France,49.2683001,1.1378023,TRUE,FALSE,FALSE,FALSE,FALSE,TRUE,,,FALSE,3.8,Aire de repos.,TRUE,osm
Aire Sud de Bord,aire_repos,autoroute,,,France,49.2679014,1.1367867,TRUE,FALSE,FALSE,FALSE,FALSE,TRUE,,,FALSE,3.8,Aire de repos.,TRUE,osm
Aire des Marais de la Dives,aire_repos,autoroute,,,France,49.2660487,-0.1047826,TRUE,FALSE,FALSE,FALSE,FALSE,,,,FALSE,3.8,Aire de repos.,TRUE,osm
Aire de repos,aire_repos,autoroute,,,France,49.2647621,8.0789737,TRUE,FALSE,FALSE,FALSE,FALSE,,,,FALSE,3.8,Aire de repos.,TRUE,osm
Hegteil,aire_repos,autoroute,,,France,49.2608987,9.3538841,TRUE,FALSE,FALSE,FALSE,FALSE,FALSE,,,FALSE,3.8,Aire de repos.,TRUE,osm
Lußhardt,aire_repos,autoroute,,,France,49.2572449,8.6030082,TRUE,FALSE,FALSE,FALSE,FALSE,TRUE,,,FALSE,3.8,Aire de repos.,TRUE,osm
Mönchberg,aire_repos,autoroute,,,France,49.2570873,8.6018953,TRUE,FALSE,FALSE,FALSE,FALSE,TRUE,,,FALSE,3.8,Aire de repos.,TRUE,osm
Aire de Beaumont-en-Auge,aire_repos,autoroute,,,France,49.2561409,0.0865321,TRUE,FALSE,FALSE,FALSE,FALSE,TRUE,,,FALSE,3.8,Aire de repos.,TRUE,osm
Aire du Haras,aire_repos,autoroute,,,France,49.2505832,-0.1694962,TRUE,FALSE,FALSE,FALSE,FALSE,FALSE,,,FALSE,3.8,Aire de repos.,TRUE,osm
Parking PL Danone,aire_repos,autoroute,,,France,49.2482234,-0.8865907,TRUE,FALSE,FALSE,FALSE,FALSE,,,,FALSE,3.8,Aire de repos.,TRUE,osm
Aire de repos,aire_repos,autoroute,,,France,49.2479331,4.5623316,TRUE,FALSE,FALSE,FALSE,FALSE,,,,FALSE,3.8,Aire de repos.,TRUE,osm
Aire de Annebault,aire_repos,autoroute,,Annebault,France,49.2474415,0.0542306,TRUE,FALSE,FALSE,FALSE,FALSE,TRUE,,,FALSE,3.8,Aire de repos. (Annebault),TRUE,osm
Aire de Lormaison-Est,aire_repos,autoroute,,,France,49.2461967,2.0967196,TRUE,FALSE,FALSE,FALSE,FALSE,,,,FALSE,3.8,Aire de repos.,TRUE,osm
Aire de repos,aire_repos,autoroute,,,France,49.2444933,-1.1146523,TRUE,FALSE,FALSE,FALSE,FALSE,,,,FALSE,3.8,Aire de repos.,TRUE,osm
Domaine d'Harcourt,aire_repos,autoroute,,,France,49.2427067,0.7738677,TRUE,FALSE,FALSE,FALSE,FALSE,,,,FALSE,3.8,Aire de repos.,TRUE,osm
Aire de repos,aire_repos,autoroute,,,France,49.2422799,4.554757,TRUE,FALSE,FALSE,FALSE,FALSE,,,,FALSE,3.8,Aire de repos.,TRUE,osm
Aire de repos,aire_repos,autoroute,,,France,49.2421335,8.2279708,TRUE,FALSE,FALSE,FALSE,FALSE,FALSE,,,FALSE,3.8,Aire de repos.,TRUE,osm
Aire de Lormaison-Ouest,aire_repos,autoroute,,,France,49.24185,2.0973894,TRUE,FALSE,FALSE,FALSE,FALSE,,,,FALSE,3.8,Aire de repos.,TRUE,osm
Aire de repos,aire_repos,autoroute,,,France,49.2321991,4.5496076,TRUE,FALSE,FALSE,FALSE,FALSE,,,,FALSE,3.8,Aire de repos.,TRUE,osm
Aire de repos,aire_repos,autoroute,,,France,49.2320787,-1.0939054,TRUE,FALSE,FALSE,FALSE,FALSE,,,,FALSE,3.8,Aire de repos.,TRUE,osm
Aire de repos,aire_repos,autoroute,,,France,49.2309234,7.1445755,TRUE,FALSE,FALSE,FALSE,FALSE,FALSE,,,FALSE,3.8,Aire de repos.,TRUE,osm
Aire de repos,aire_repos,autoroute,,,France,49.2301637,5.6583938,TRUE,FALSE,FALSE,FALSE,FALSE,,,,FALSE,3.8,Aire de repos.,TRUE,osm
Aire de repos,aire_repos,autoroute,,,France,49.2226745,2.8144637,TRUE,FALSE,FALSE,FALSE,FALSE,FALSE,,,FALSE,3.8,Aire de repos.,TRUE,osm
Bauernwald Nord,aire_repos,autoroute,,,France,49.2221825,8.9752435,TRUE,FALSE,FALSE,FALSE,FALSE,TRUE,,,FALSE,3.8,Aire de repos.,TRUE,osm
Bauernwald Süd,aire_repos,autoroute,,,France,49.2216829,8.9717026,TRUE,FALSE,FALSE,FALSE,FALSE,TRUE,,,FALSE,3.8,Aire de repos.,TRUE,osm
Aire de repos,aire_repos,autoroute,,,France,49.2203942,7.0752435,TRUE,FALSE,FALSE,FALSE,FALSE,TRUE,,,FALSE,3.8,Aire de repos.,TRUE,osm
Fahrrad-Drehkreuz Kronau,aire_repos,autoroute,,,France,49.2191062,8.6341431,TRUE,FALSE,FALSE,FALSE,FALSE,,,,FALSE,3.8,Aire de repos.,TRUE,osm
Aire du Péage de Chamant,aire_repos,autoroute,,,France,49.2165109,2.6300438,TRUE,FALSE,FALSE,FALSE,FALSE,TRUE,,,FALSE,3.8,Aire de repos.,TRUE,osm
Kornberg,aire_repos,autoroute,,,France,49.2154702,7.4971277,TRUE,FALSE,FALSE,FALSE,FALSE,,,,FALSE,3.8,Aire de repos.,TRUE,osm
Aire du Péage de Chamant,aire_repos,autoroute,,,France,49.2150317,2.6242202,TRUE,FALSE,FALSE,FALSE,FALSE,,,,FALSE,3.8,Aire de repos.,TRUE,osm
Kornberg,aire_repos,autoroute,,,France,49.2148647,7.4972262,TRUE,FALSE,FALSE,FALSE,FALSE,,,,FALSE,3.8,Aire de repos.,TRUE,osm
Aire de repos,aire_repos,autoroute,,,France,49.2119502,7.9773901,TRUE,FALSE,FALSE,FALSE,FALSE,FALSE,,,FALSE,3.8,Aire de repos.,TRUE,osm
Aire de repos,aire_repos,autoroute,,,France,49.211786,8.1896323,TRUE,FALSE,FALSE,FALSE,FALSE,FALSE,,,FALSE,3.8,Aire de repos.,TRUE,osm
Aire de repos,aire_repos,autoroute,,,France,49.2116855,9.5323629,TRUE,FALSE,FALSE,FALSE,FALSE,FALSE,,,FALSE,3.8,Aire de repos.,TRUE,osm
Aire de repos,aire_repos,autoroute,,,France,49.2114244,9.5357962,TRUE,FALSE,FALSE,FALSE,FALSE,FALSE,,,FALSE,3.8,Aire de repos.,TRUE,osm
Aire de repos,aire_repos,autoroute,,,France,49.2102943,4.0792108,TRUE,FALSE,FALSE,FALSE,FALSE,TRUE,,,FALSE,3.8,Aire de repos.,TRUE,osm
Aire de repos,aire_repos,autoroute,,,France,49.2063962,2.8191935,TRUE,FALSE,FALSE,FALSE,FALSE,,,,FALSE,3.8,Aire de repos.,TRUE,osm
Sommerhalden,aire_repos,autoroute,,,France,49.2042224,9.4715653,TRUE,FALSE,FALSE,FALSE,FALSE,FALSE,,,FALSE,3.8,Aire de repos.,TRUE,osm
Aire de repos,aire_repos,autoroute,,,France,49.2021039,7.8519056,TRUE,FALSE,FALSE,FALSE,FALSE,TRUE,,,FALSE,3.8,Aire de repos.,TRUE,osm
Aire de péage de Beaumont (Nord),aire_repos,autoroute,,,France,49.1991432,5.922391,TRUE,FALSE,FALSE,FALSE,FALSE,,,,FALSE,3.8,Aire de repos.,TRUE,osm
Aire de Lhéry,aire_repos,autoroute,,,France,49.1988424,3.7592061,TRUE,FALSE,FALSE,FALSE,FALSE,TRUE,,,FALSE,3.8,Aire de repos.,TRUE,osm
Aire de péage de Beaumont (Sud),aire_repos,autoroute,,,France,49.1986596,5.9261838,TRUE,FALSE,FALSE,FALSE,FALSE,,,,FALSE,3.8,Aire de repos.,TRUE,osm
Aire de repos,aire_repos,autoroute,,,France,49.1983792,8.5909128,TRUE,FALSE,FALSE,FALSE,FALSE,FALSE,,,FALSE,3.8,Aire de repos.,TRUE,osm
Sulzrain,aire_repos,autoroute,,,France,49.1975997,9.3496507,TRUE,FALSE,FALSE,FALSE,FALSE,FALSE,,,FALSE,3.8,Aire de repos.,TRUE,osm
Eichhäuser Hof,aire_repos,autoroute,,,France,49.1968933,9.0998657,TRUE,FALSE,FALSE,FALSE,TRUE,TRUE,,,FALSE,3.8,Aire de repos.,TRUE,osm
Aire de repos,aire_repos,autoroute,,,France,49.1963793,6.9269057,TRUE,FALSE,FALSE,FALSE,FALSE,,,,FALSE,3.8,Aire de repos.,TRUE,osm
Aire du Bois Saint-Martin,aire_repos,autoroute,,,France,49.1959804,5.8667037,TRUE,FALSE,FALSE,FALSE,FALSE,TRUE,,,FALSE,3.8,Aire de repos.,TRUE,osm
Aire du Bois de Labry,aire_repos,autoroute,,,France,49.195772,5.8713684,TRUE,FALSE,FALSE,FALSE,FALSE,TRUE,,,FALSE,3.8,Aire de repos.,TRUE,osm
Aire de la Ferme de la Vallée,aire_repos,autoroute,,,France,49.1951528,0.2277634,TRUE,FALSE,FALSE,FALSE,FALSE,,,,FALSE,3.8,Aire de repos.,TRUE,osm
Kiefertal,aire_repos,autoroute,,,France,49.1947454,9.3515031,TRUE,FALSE,FALSE,FALSE,FALSE,FALSE,,,FALSE,3.8,Aire de repos.,TRUE,osm
Sommerhalden,aire_repos,autoroute,,,France,49.194263,9.4298902,TRUE,FALSE,FALSE,FALSE,FALSE,TRUE,,,FALSE,3.8,Aire de repos.,TRUE,osm
Wart,aire_repos,autoroute,,,France,49.193447,9.1063236,TRUE,FALSE,FALSE,FALSE,TRUE,TRUE,,,FALSE,3.8,Aire de repos.,TRUE,osm
Aire de repos,aire_repos,autoroute,,,France,49.1912983,6.9158684,TRUE,FALSE,FALSE,FALSE,FALSE,,,,FALSE,3.8,Aire de repos.,TRUE,osm
Aire de repos,aire_repos,autoroute,,,France,49.1907404,6.0015649,TRUE,FALSE,FALSE,FALSE,FALSE,,,,FALSE,3.8,Aire de repos.,TRUE,osm
Aire de repos,aire_repos,autoroute,,,France,49.1892207,5.8961425,TRUE,FALSE,FALSE,FALSE,FALSE,,,,FALSE,3.8,Aire de repos.,TRUE,osm
Affenschaukel,aire_repos,autoroute,,,France,49.1885683,8.0563436,TRUE,FALSE,FALSE,FALSE,FALSE,FALSE,,,FALSE,3.8,Aire de repos.,TRUE,osm
Aire de Romigny,aire_repos,autoroute,,,France,49.1885561,3.7537478,TRUE,FALSE,FALSE,FALSE,FALSE,TRUE,,,FALSE,3.8,Aire de repos.,TRUE,osm
Aire de repos,aire_repos,autoroute,,,France,49.1872202,6.7061643,TRUE,FALSE,FALSE,FALSE,FALSE,,,,FALSE,3.8,Aire de repos.,TRUE,osm
Aire de repos,aire_repos,autoroute,,,France,49.1872084,4.1574608,TRUE,FALSE,FALSE,FALSE,FALSE,FALSE,,,FALSE,3.8,Aire de repos.,TRUE,osm
Aire de la Crouée,aire_repos,autoroute,,,France,49.1870134,6.2283074,TRUE,FALSE,FALSE,FALSE,FALSE,TRUE,,,FALSE,3.8,Aire de repos.,TRUE,osm
Aire de repos,aire_repos,autoroute,,,France,49.1851313,2.6405335,TRUE,FALSE,FALSE,FALSE,FALSE,FALSE,,,FALSE,3.8,Aire de repos.,TRUE,osm
Aire de Charly-Oradour,aire_repos,autoroute,,,France,49.1835994,6.2419271,TRUE,FALSE,FALSE,FALSE,FALSE,TRUE,,,FALSE,3.8,Aire de repos.,TRUE,osm
Ravin du Genie,aire_repos,autoroute,,,France,49.1804592,5.0067274,TRUE,FALSE,FALSE,FALSE,FALSE,,,,FALSE,3.8,Aire de repos.,TRUE,osm
Aire de repos,aire_repos,autoroute,,,France,49.1785638,5.4282308,TRUE,FALSE,FALSE,FALSE,FALSE,,,,FALSE,3.8,Aire de repos.,TRUE,osm
Aire de repos,aire_repos,autoroute,,,France,49.1784212,7.953543,TRUE,FALSE,FALSE,FALSE,FALSE,,,,FALSE,3.8,Aire de repos.,TRUE,osm
Galgenberg,aire_repos,autoroute,,,France,49.1762908,9.4009187,TRUE,FALSE,FALSE,FALSE,FALSE,FALSE,,,FALSE,3.8,Aire de repos.,TRUE,osm
Aire de l'Espérance,aire_repos,autoroute,,,France,49.1752428,4.1636912,TRUE,FALSE,FALSE,FALSE,FALSE,TRUE,,,FALSE,3.8,Aire de repos.,TRUE,osm
Aire de la Vesle,aire_repos,autoroute,,,France,49.1750978,4.1653138,TRUE,FALSE,FALSE,FALSE,FALSE,TRUE,,,FALSE,3.8,Aire de repos.,TRUE,osm
Aire de Lirose,aire_repos,autoroute,,,France,49.1743173,-0.2470167,TRUE,FALSE,FALSE,FALSE,FALSE,FALSE,,,FALSE,3.8,Aire de repos.,TRUE,osm
Eberbachtal,aire_repos,autoroute,,,France,49.1706475,9.3157257,TRUE,FALSE,FALSE,FALSE,FALSE,FALSE,,,FALSE,3.8,Aire de repos.,TRUE,osm
Sulmtal-Süd,aire_repos,autoroute,,,France,49.1689216,9.2538562,TRUE,FALSE,FALSE,FALSE,FALSE,TRUE,,,FALSE,3.8,Aire de repos.,TRUE,osm
Sulmtal Nord,aire_repos,autoroute,,,France,49.1684348,9.2584545,TRUE,FALSE,FALSE,FALSE,FALSE,TRUE,,,FALSE,3.8,Aire de repos.,TRUE,osm
Aire de repos,aire_repos,autoroute,,,France,49.1630329,8.0036789,TRUE,FALSE,FALSE,FALSE,FALSE,FALSE,,,FALSE,3.8,Aire de repos.,TRUE,osm
Gagernberg,aire_repos,autoroute,,,France,49.1623918,9.369795,TRUE,FALSE,FALSE,FALSE,FALSE,FALSE,,,FALSE,3.8,Aire de repos.,TRUE,osm
Wimmental,aire_repos,autoroute,,,France,49.1616631,9.3403865,TRUE,FALSE,FALSE,FALSE,FALSE,FALSE,,,FALSE,3.8,Aire de repos.,TRUE,osm
Aire de la Croix des Authieux,aire_repos,autoroute,,,France,49.160174,-0.0034533,TRUE,FALSE,FALSE,FALSE,FALSE,,,,FALSE,3.8,Aire de repos.,TRUE,osm
Aire de repos,aire_repos,autoroute,,,France,49.1583595,4.5403297,TRUE,FALSE,FALSE,FALSE,FALSE,FALSE,,,FALSE,3.8,Aire de repos.,TRUE,osm
Rosenberg,aire_repos,autoroute,,,France,49.1569938,9.3162104,TRUE,FALSE,FALSE,FALSE,FALSE,,,,FALSE,3.8,Aire de repos.,TRUE,osm
Aire de repos,aire_repos,autoroute,,,France,49.1558844,0.6747973,TRUE,FALSE,FALSE,FALSE,FALSE,FALSE,,,FALSE,3.8,Aire de repos.,TRUE,osm
Aire de repos,aire_repos,autoroute,,,France,49.1484697,1.3219141,TRUE,FALSE,FALSE,FALSE,FALSE,FALSE,,,FALSE,3.8,Aire de repos.,TRUE,osm
Aire du Val de Vesle,aire_repos,autoroute,,,France,49.1461156,4.2179399,TRUE,FALSE,FALSE,FALSE,FALSE,FALSE,,,FALSE,3.8,Aire de repos.,TRUE,osm
Aire du Bois de la Ronce,aire_repos,autoroute,,,France,49.1447189,5.7091181,TRUE,FALSE,FALSE,FALSE,FALSE,TRUE,,,FALSE,3.8,Aire de repos.,TRUE,osm
Aire de repos,aire_repos,autoroute,,,France,49.1441045,0.3299529,TRUE,FALSE,FALSE,FALSE,FALSE,,,,FALSE,3.8,Aire de repos.,TRUE,osm
Aire de l'Orme de Cantepie,aire_repos,autoroute,,,France,49.1395569,0.0507802,TRUE,FALSE,FALSE,FALSE,FALSE,,,,FALSE,3.8,Aire de repos.,TRUE,osm
Aire de Risle et Charentonne,aire_repos,autoroute,,,France,49.1386267,0.5787473,TRUE,FALSE,FALSE,FALSE,FALSE,,,,FALSE,3.8,Aire de repos.,TRUE,osm
Aire de Landonvillers-Nord,aire_repos,autoroute,,,France,49.1377371,6.413554,TRUE,FALSE,FALSE,FALSE,FALSE,TRUE,,,FALSE,3.8,Aire de repos.,TRUE,osm
Aire de l'Épinotte,aire_repos,autoroute,,,France,49.1371417,5.6903558,TRUE,FALSE,FALSE,FALSE,FALSE,TRUE,,,FALSE,3.8,Aire de repos.,TRUE,osm
Aire de Landonvillers-Sud,aire_repos,autoroute,,,France,49.1364195,6.4084626,TRUE,FALSE,FALSE,FALSE,FALSE,,,,FALSE,3.8,Aire de repos.,TRUE,osm
Aire de St.Avold-Nord,aire_repos,autoroute,,,France,49.1363405,6.6994029,TRUE,FALSE,FALSE,FALSE,FALSE,,,,FALSE,3.8,Aire de repos.,TRUE,osm
Aire de St.Avold-Sud,aire_repos,autoroute,,,France,49.135526,6.702901,TRUE,FALSE,FALSE,FALSE,FALSE,,,,FALSE,3.8,Aire de repos.,TRUE,osm
Aire de Narbéfontaine,aire_repos,autoroute,,,France,49.1340281,6.5463569,TRUE,FALSE,FALSE,FALSE,FALSE,,,,FALSE,3.8,Aire de repos.,TRUE,osm
Parkplatz Rheinaue,aire_repos,autoroute,,,France,49.1321619,8.3070544,TRUE,FALSE,FALSE,FALSE,FALSE,,,,FALSE,3.8,Aire de repos.,TRUE,osm
Aire de repos,aire_repos,autoroute,,,France,49.1321171,0.8069012,TRUE,FALSE,FALSE,FALSE,FALSE,,,,FALSE,3.8,Aire de repos.,TRUE,osm
Aire de Brouck,aire_repos,autoroute,,,France,49.1316209,6.5272122,TRUE,FALSE,FALSE,FALSE,FALSE,,,,FALSE,3.8,Aire de repos.,TRUE,osm
Aire de repos,aire_repos,autoroute,,,France,49.1256458,4.0881948,TRUE,FALSE,FALSE,FALSE,FALSE,,,,FALSE,3.8,Aire de repos.,TRUE,osm
Aire de repos,aire_repos,autoroute,,,France,49.1208732,0.8570091,TRUE,FALSE,FALSE,FALSE,FALSE,,,,FALSE,3.8,Aire de repos.,TRUE,osm
Reisberg,aire_repos,autoroute,,,France,49.1206851,9.3000279,TRUE,FALSE,FALSE,FALSE,FALSE,FALSE,,,FALSE,3.8,Aire de repos.,TRUE,osm
Aire des Pérouzes,aire_repos,autoroute,,,France,49.1190033,-0.1495835,TRUE,FALSE,FALSE,FALSE,FALSE,,,,FALSE,3.8,Aire de repos.,TRUE,osm
Aire de repos,aire_repos,autoroute,,,France,49.1174304,7.8642449,TRUE,FALSE,FALSE,FALSE,FALSE,,,,FALSE,3.8,Aire de repos.,TRUE,osm
Aire de repos,aire_repos,autoroute,,,France,49.1140704,6.6676672,TRUE,FALSE,FALSE,FALSE,FALSE,,,,FALSE,3.8,Aire de repos.,TRUE,osm
Aire de repos,aire_repos,autoroute,,,France,49.113245,0.890257,TRUE,FALSE,FALSE,FALSE,FALSE,,,,FALSE,3.8,Aire de repos.,TRUE,osm
Aire de repos,aire_repos,autoroute,,,France,49.1118903,5.6363919,TRUE,FALSE,FALSE,FALSE,FALSE,,,,FALSE,3.8,Aire de repos.,TRUE,osm
Aire Nord de Beauchêne,aire_repos,autoroute,,,France,49.1077528,1.3424411,TRUE,FALSE,FALSE,FALSE,FALSE,TRUE,,,FALSE,3.8,Aire de repos.,TRUE,osm
Aire de Survilliers Est,aire_repos,autoroute,,,France,49.1050284,2.5516911,TRUE,FALSE,FALSE,FALSE,FALSE,TRUE,,,FALSE,3.8,Aire de repos.,TRUE,osm
Aire de Survilliers Ouest,aire_repos,autoroute,,,France,49.1047431,2.5505281,TRUE,FALSE,FALSE,FALSE,FALSE,FALSE,,,FALSE,3.8,Aire de repos.,TRUE,osm
Aire Sud de Beauchêne,aire_repos,autoroute,,,France,49.1045991,1.3450871,TRUE,FALSE,FALSE,FALSE,FALSE,TRUE,,,FALSE,3.8,Aire de repos.,TRUE,osm
Aire de repos,aire_repos,autoroute,,,France,49.1038607,8.5425469,TRUE,FALSE,FALSE,FALSE,FALSE,FALSE,,,FALSE,3.8,Aire de repos.,TRUE,osm
Aire de repos,aire_repos,autoroute,,,France,49.101979,6.750849,TRUE,FALSE,FALSE,FALSE,FALSE,FALSE,,,FALSE,3.8,Aire de repos.,TRUE,osm
Aire de repos,aire_repos,autoroute,,,France,49.1006452,4.4991598,TRUE,FALSE,FALSE,FALSE,FALSE,,,,FALSE,3.8,Aire de repos.,TRUE,osm
Aire d'Argonne Nord,aire_repos,autoroute,,,France,49.1003477,4.9711057,TRUE,FALSE,FALSE,FALSE,FALSE,,,,FALSE,3.8,Aire de repos.,TRUE,osm
Aire d'Argonne Sud,aire_repos,autoroute,,,France,49.0998765,4.9695506,TRUE,FALSE,FALSE,FALSE,FALSE,,,,FALSE,3.8,Aire de repos.,TRUE,osm
Aire de repos,aire_repos,autoroute,,,France,49.0993822,0.9519657,TRUE,FALSE,FALSE,FALSE,FALSE,,,,FALSE,3.8,Aire de repos.,TRUE,osm
Aire des Genièvres,aire_repos,autoroute,,,France,49.0985852,5.2971377,TRUE,FALSE,FALSE,FALSE,FALSE,TRUE,,,FALSE,3.8,Aire de repos.,TRUE,osm
Aire de la Rouge Haie,aire_repos,autoroute,,,France,49.0977189,5.2983867,TRUE,FALSE,FALSE,FALSE,FALSE,TRUE,,,FALSE,3.8,Aire de repos.,TRUE,osm
Grafenwald,aire_repos,autoroute,,,France,49.0923985,9.2932695,TRUE,FALSE,FALSE,FALSE,FALSE,FALSE,,,FALSE,3.8,Aire de repos.,TRUE,osm
Aire de Jubécourt,aire_repos,autoroute,,,France,49.0923325,5.1405445,TRUE,FALSE,FALSE,FALSE,FALSE,TRUE,,,FALSE,3.8,Aire de repos.,TRUE,osm
Aire de Rarécourt,aire_repos,autoroute,,,France,49.0912943,5.1402434,TRUE,FALSE,FALSE,FALSE,FALSE,TRUE,,,FALSE,3.8,Aire de repos.,TRUE,osm
Aire de repos,aire_repos,autoroute,,,France,49.0833033,4.482233,TRUE,FALSE,FALSE,FALSE,FALSE,,,,FALSE,3.8,Aire de repos.,TRUE,osm
Aire de la Fontaine d’Olive-Sud,aire_repos,autoroute,,,France,49.0827418,4.9590103,TRUE,FALSE,FALSE,FALSE,FALSE,TRUE,,,FALSE,3.8,Aire de repos.,TRUE,osm
Aire de repos,aire_repos,autoroute,,,France,49.0776928,1.0010162,TRUE,FALSE,FALSE,FALSE,FALSE,,,,FALSE,3.8,Aire de repos.,TRUE,osm
Péage de Loupershouse,aire_repos,autoroute,,,France,49.0754876,6.8963798,TRUE,FALSE,FALSE,FALSE,FALSE,,,,FALSE,3.8,Aire de repos.,TRUE,osm
Aire de repos,aire_repos,autoroute,,,France,49.0747929,6.8303162,TRUE,FALSE,FALSE,FALSE,FALSE,,,,FALSE,3.8,Aire de repos.,TRUE,osm
Höfenschlag,aire_repos,autoroute,,,France,49.0711704,8.509914,TRUE,FALSE,FALSE,FALSE,FALSE,TRUE,,,FALSE,3.8,Aire de repos.,TRUE,osm
Kreuzlach,aire_repos,autoroute,,,France,49.0691926,8.5074752,TRUE,FALSE,FALSE,FALSE,FALSE,TRUE,,,FALSE,3.8,Aire de repos.,TRUE,osm
Aire de repos,aire_repos,autoroute,,,France,49.0619514,1.9617976,TRUE,FALSE,FALSE,FALSE,FALSE,FALSE,,,FALSE,3.8,Aire de repos.,TRUE,osm
Aire de repos,aire_repos,autoroute,,,France,49.0598954,9.1613172,TRUE,FALSE,FALSE,FALSE,FALSE,,,,FALSE,3.8,Aire de repos.,TRUE,osm
La Lune,aire_repos,autoroute,,,France,49.05939,3.8369453,TRUE,FALSE,FALSE,FALSE,FALSE,FALSE,,,FALSE,3.8,Aire de repos.,TRUE,osm
Aire de la Talmouse,aire_repos,autoroute,,,France,49.0565462,3.3225479,TRUE,FALSE,FALSE,FALSE,FALSE,TRUE,,,FALSE,3.8,Aire de repos.,TRUE,osm
Aire Nord de Douains,aire_repos,autoroute,,,France,49.0560712,1.4359924,TRUE,FALSE,FALSE,FALSE,FALSE,TRUE,,,FALSE,3.8,Aire de repos.,TRUE,osm
Aire Sud de Douains,aire_repos,autoroute,,,France,49.0558889,1.4355882,TRUE,FALSE,FALSE,FALSE,TRUE,TRUE,,,FALSE,3.8,Aire de repos.,TRUE,osm
Aire de repos,aire_repos,autoroute,,,France,49.0554571,7.9537954,TRUE,FALSE,FALSE,FALSE,FALSE,,,,FALSE,3.8,Aire de repos.,TRUE,osm
Aire de Villeron,aire_repos,autoroute,,,France,49.0552934,2.5493446,TRUE,FALSE,FALSE,FALSE,FALSE,,,,FALSE,3.8,Aire de repos.,TRUE,osm
Aire de Saint-Jean-des-Essartiers,aire_repos,autoroute,,,France,49.0476504,-0.7821308,TRUE,FALSE,FALSE,FALSE,TRUE,TRUE,,,FALSE,3.8,Aire de repos.,TRUE,osm
Aire de la Fontenelle,aire_repos,autoroute,,,France,49.0475053,3.2919095,TRUE,FALSE,FALSE,FALSE,FALSE,TRUE,,,FALSE,3.8,Aire de repos.,TRUE,osm
Aire de Cahagnes,aire_repos,autoroute,,,France,49.0473612,-0.7746321,TRUE,FALSE,FALSE,FALSE,TRUE,TRUE,,,FALSE,3.8,Aire de repos.,TRUE,osm
Aire de Petit Hambach,aire_repos,autoroute,,,France,49.0470473,6.9981067,TRUE,FALSE,FALSE,FALSE,FALSE,TRUE,,,FALSE,3.8,Aire de repos.,TRUE,osm
Aire de Grundviller,aire_repos,autoroute,,,France,49.0468224,6.9965243,TRUE,FALSE,FALSE,FALSE,FALSE,TRUE,,,FALSE,3.8,Aire de repos.,TRUE,osm
Aire de repos,aire_repos,autoroute,,,France,49.041664,5.6538823,TRUE,FALSE,FALSE,FALSE,FALSE,,,,FALSE,3.8,Aire de repos.,TRUE,osm
Aire de Chennevières,aire_repos,autoroute,,,France,49.0409502,2.5422067,TRUE,FALSE,FALSE,FALSE,FALSE,TRUE,,,FALSE,3.8,Aire de repos.,TRUE,osm
Parkplatz Henninger,aire_repos,autoroute,,,France,49.0391545,8.4871636,TRUE,FALSE,FALSE,FALSE,FALSE,FALSE,,,FALSE,3.8,Aire de repos.,TRUE,osm
Aire de repos,aire_repos,autoroute,,,France,49.034563,1.9391194,TRUE,FALSE,FALSE,FALSE,FALSE,FALSE,,,FALSE,3.8,Aire de repos.,TRUE,osm
Aire de repos,aire_repos,autoroute,,,France,49.0303953,3.999549,TRUE,FALSE,FALSE,FALSE,FALSE,,,,FALSE,3.8,Aire de repos.,TRUE,osm
Aire de la Noblette,aire_repos,autoroute,,,France,49.0284092,4.5239969,TRUE,FALSE,FALSE,FALSE,FALSE,TRUE,,,FALSE,3.8,Aire de repos.,TRUE,osm
Aire de repos,aire_repos,autoroute,,,France,49.027095,2.2262793,TRUE,FALSE,FALSE,FALSE,FALSE,,,,FALSE,3.8,Aire de repos.,TRUE,osm
Aire du Mont de Charme,aire_repos,autoroute,,,France,49.0267767,4.5209435,TRUE,FALSE,FALSE,FALSE,FALSE,TRUE,,,FALSE,3.8,Aire de repos.,TRUE,osm
Aire de repos,aire_repos,autoroute,,,France,49.0246759,4.2461823,TRUE,FALSE,FALSE,FALSE,FALSE,,,,FALSE,3.8,Aire de repos.,TRUE,osm
Aire Nord de la Villeneuve-en-Chevrie,aire_repos,autoroute,,,France,49.0213964,1.5462799,TRUE,FALSE,FALSE,FALSE,FALSE,TRUE,,,FALSE,3.8,Aire de repos.,TRUE,osm
Aire Sud de la Villeneuve-en-Chevrie,aire_repos,autoroute,,,France,49.0204752,1.5455007,TRUE,FALSE,FALSE,FALSE,FALSE,TRUE,,,FALSE,3.8,Aire de repos.,TRUE,osm
Aire de repos,aire_repos,autoroute,,,France,49.0204449,-1.0419468,TRUE,FALSE,FALSE,FALSE,TRUE,,,,FALSE,3.8,Aire de repos.,TRUE,osm
Aire de repos,aire_repos,autoroute,,,France,49.019751,4.0535123,TRUE,FALSE,FALSE,FALSE,FALSE,,,,FALSE,3.8,Aire de repos.,TRUE,osm
Aire de repos,aire_repos,autoroute,,,France,49.0161858,4.1042544,TRUE,FALSE,FALSE,FALSE,FALSE,,,,FALSE,3.8,Aire de repos.,TRUE,osm
Aire de repos,aire_repos,autoroute,,,France,49.015883,4.1108013,TRUE,FALSE,FALSE,FALSE,FALSE,,,,FALSE,3.8,Aire de repos.,TRUE,osm
Aire de repos,aire_repos,autoroute,,,France,49.0135679,4.1425469,TRUE,FALSE,FALSE,FALSE,FALSE,,,,FALSE,3.8,Aire de repos.,TRUE,osm
Aire de repos,aire_repos,autoroute,,,France,49.0132529,4.1467223,TRUE,FALSE,FALSE,FALSE,FALSE,,,,FALSE,3.8,Aire de repos.,TRUE,osm
Aire de repos,aire_repos,autoroute,,,France,49.0122675,7.4979303,TRUE,FALSE,FALSE,FALSE,FALSE,FALSE,,,FALSE,3.8,Aire de repos.,TRUE,osm
Saubrick,aire_repos,autoroute,,,France,49.0094138,7.4003398,TRUE,FALSE,FALSE,FALSE,FALSE,,,,FALSE,3.8,Aire de repos.,TRUE,osm
Aire des Grands Traquiers,aire_repos,autoroute,,,France,49.0075181,4.2995604,TRUE,FALSE,FALSE,FALSE,FALSE,,,,FALSE,3.8,Aire de repos.,TRUE,osm
Aire de repos,aire_repos,autoroute,,,France,49.0071687,7.392147,TRUE,FALSE,FALSE,FALSE,FALSE,,,,FALSE,3.8,Aire de repos.,TRUE,osm
Aire de repos,aire_repos,autoroute,,,France,49.00662,4.1956312,TRUE,FALSE,FALSE,FALSE,FALSE,,,,FALSE,3.8,Aire de repos.,TRUE,osm
Aire de repos,aire_repos,autoroute,,,France,49.0018613,4.2111122,TRUE,FALSE,FALSE,FALSE,FALSE,,,,FALSE,3.8,Aire de repos.,TRUE,osm
Aire de repos,aire_repos,autoroute,,,France,48.9962638,-1.027675,TRUE,FALSE,FALSE,FALSE,FALSE,,,,FALSE,3.8,Aire de repos.,TRUE,osm
Aire de repos,aire_repos,autoroute,,,France,48.9954986,5.5901087,TRUE,FALSE,FALSE,FALSE,FALSE,,,,FALSE,3.8,Aire de repos.,TRUE,osm
Kälbling,aire_repos,autoroute,,,France,48.990599,9.2315807,TRUE,FALSE,FALSE,FALSE,FALSE,TRUE,,,FALSE,3.8,Aire de repos.,TRUE,osm
Aire de repos,aire_repos,autoroute,,,France,48.9889138,4.2529531,TRUE,FALSE,FALSE,FALSE,FALSE,,,,FALSE,3.8,Aire de repos.,TRUE,osm
Aire de repos,aire_repos,autoroute,,,France,48.9880416,4.2561655,TRUE,FALSE,FALSE,FALSE,FALSE,,,,FALSE,3.8,Aire de repos.,TRUE,osm
Aire de repos,aire_repos,autoroute,,,France,48.9876871,1.1567475,TRUE,FALSE,FALSE,FALSE,FALSE,,,,FALSE,3.8,Aire de repos.,TRUE,osm
Aire de repos,aire_repos,autoroute,,,France,48.9800694,1.1581077,TRUE,FALSE,FALSE,FALSE,FALSE,,,,FALSE,3.8,Aire de repos.,TRUE,osm
Aire de repos,aire_repos,autoroute,,,France,48.97868,1.3320297,TRUE,FALSE,FALSE,FALSE,FALSE,,,,FALSE,3.8,Aire de repos.,TRUE,osm
Aire de la marche,aire_repos,autoroute,,,France,48.9774043,2.9655942,TRUE,FALSE,FALSE,FALSE,FALSE,,,,FALSE,3.8,Aire de repos.,TRUE,osm
Aire de repos,aire_repos,autoroute,,,France,48.9763641,8.1556396,TRUE,FALSE,FALSE,FALSE,FALSE,,,,FALSE,3.8,Aire de repos.,TRUE,osm
Aire de repos,aire_repos,autoroute,,,France,48.968793,3.280239,TRUE,FALSE,FALSE,FALSE,FALSE,FALSE,,,FALSE,3.8,Aire de repos.,TRUE,osm
Aire de repos,aire_repos,autoroute,,,France,48.9674681,3.2680413,TRUE,FALSE,FALSE,FALSE,FALSE,,,,FALSE,3.8,Aire de repos.,TRUE,osm
Parkbucht,aire_repos,autoroute,,,France,48.9665495,8.8605813,TRUE,FALSE,FALSE,FALSE,FALSE,FALSE,,,FALSE,3.8,Aire de repos.,TRUE,osm
Parkbucht,aire_repos,autoroute,,,France,48.9658183,8.8833746,TRUE,FALSE,FALSE,FALSE,FALSE,FALSE,,,FALSE,3.8,Aire de repos.,TRUE,osm
Aire Nord d’Épône,aire_repos,autoroute,,,France,48.963515,1.8374686,TRUE,FALSE,FALSE,FALSE,FALSE,TRUE,,,FALSE,3.8,Aire de repos.,TRUE,osm
Aire Sud d’Épône,aire_repos,autoroute,,,France,48.9625245,1.837264,TRUE,FALSE,FALSE,FALSE,FALSE,TRUE,,,FALSE,3.8,Aire de repos.,TRUE,osm
Aire du Bardon,aire_repos,autoroute,,,France,48.9601931,0.1785057,TRUE,FALSE,FALSE,FALSE,FALSE,,,,FALSE,3.8,Aire de repos.,TRUE,osm
Birkenwäldle,aire_repos,autoroute,,,France,48.9566461,8.4819096,TRUE,FALSE,FALSE,FALSE,FALSE,TRUE,,,FALSE,3.8,Aire de repos.,TRUE,osm
Aire de la Garenne,aire_repos,autoroute,,,France,48.9508504,4.2883799,TRUE,FALSE,FALSE,FALSE,FALSE,,,,FALSE,3.8,Aire de repos.,TRUE,osm
Aire de repos,aire_repos,autoroute,,,France,48.9490571,9.1290948,TRUE,FALSE,FALSE,FALSE,FALSE,FALSE,,,FALSE,3.8,Aire de repos.,TRUE,osm
Steinig,aire_repos,autoroute,,,France,48.9413213,8.5057696,TRUE,FALSE,FALSE,FALSE,FALSE,TRUE,,,FALSE,3.8,Aire de repos.,TRUE,osm
Aire de Soulangy Est,aire_repos,autoroute,,,France,48.9362191,-0.2079789,TRUE,FALSE,FALSE,FALSE,FALSE,TRUE,,,FALSE,3.8,Aire de repos.,TRUE,osm
Aire de Soulangy Ouest,aire_repos,autoroute,,,France,48.9361916,-0.2096969,TRUE,FALSE,FALSE,FALSE,FALSE,TRUE,,,FALSE,3.8,Aire de repos.,TRUE,osm
Aire du Bois du Juré,aire_repos,autoroute,,,France,48.9268567,6.1121474,TRUE,FALSE,FALSE,FALSE,FALSE,TRUE,,,FALSE,3.8,Aire de repos.,TRUE,osm
Aire de Lesménils,aire_repos,autoroute,,,France,48.9267674,6.1098045,TRUE,FALSE,FALSE,FALSE,FALSE,,,,FALSE,3.8,Aire de repos.,TRUE,osm
Aire de repos,aire_repos,autoroute,,,France,48.9237325,0.2147363,TRUE,FALSE,FALSE,FALSE,FALSE,,,,FALSE,3.8,Aire de repos.,TRUE,osm
Aire de repos,aire_repos,autoroute,,,France,48.9192782,1.1673681,TRUE,FALSE,FALSE,FALSE,FALSE,,,,FALSE,3.8,Aire de repos.,TRUE,osm
Gare de Péage de Montesson,aire_repos,autoroute,,,France,48.9138609,2.1590334,TRUE,FALSE,FALSE,FALSE,FALSE,TRUE,,,FALSE,3.8,Aire de repos.,TRUE,osm
Aire de repos,aire_repos,autoroute,,,France,48.9131134,2.1599272,TRUE,FALSE,FALSE,FALSE,FALSE,TRUE,,,FALSE,3.8,Aire de repos.,TRUE,osm
Parkplatz Kämpfelbach-Süd,aire_repos,autoroute,,,France,48.9127416,8.6196101,TRUE,FALSE,FALSE,FALSE,FALSE,FALSE,,,FALSE,3.8,Aire de repos.,TRUE,osm
Aire de Vaucourtois,aire_repos,autoroute,,,France,48.909981,2.9540608,TRUE,FALSE,FALSE,FALSE,FALSE,TRUE,,,FALSE,3.8,Aire de repos.,TRUE,osm
Aire de repos,aire_repos,autoroute,,,France,48.9098336,4.3098809,TRUE,FALSE,FALSE,FALSE,FALSE,,,,FALSE,3.8,Aire de repos.,TRUE,osm
Rastanlage Kämpfelbach-Nord,aire_repos,autoroute,,,France,48.909779,8.6898051,TRUE,FALSE,FALSE,FALSE,FALSE,TRUE,,,FALSE,3.8,Aire de repos.,TRUE,osm
Am Waisenrain,aire_repos,autoroute,,,France,48.9086045,8.6897213,TRUE,FALSE,FALSE,FALSE,FALSE,TRUE,,,FALSE,3.8,Aire de repos.,TRUE,osm
Aire de Prévilliers,aire_repos,autoroute,,,France,48.90817,2.9434884,TRUE,FALSE,FALSE,FALSE,FALSE,TRUE,,,FALSE,3.8,Aire de repos.,TRUE,osm
Aire de la Rigaudière,aire_repos,autoroute,,,France,48.9049848,-1.0017943,TRUE,FALSE,FALSE,FALSE,FALSE,,,,FALSE,3.8,Aire de repos.,TRUE,osm
Aire de repos,aire_repos,autoroute,,,France,48.898593,4.3015617,TRUE,FALSE,FALSE,FALSE,FALSE,,,,FALSE,3.8,Aire de repos.,TRUE,osm
Silbergrund,aire_repos,autoroute,,,France,48.8890457,8.2888764,TRUE,FALSE,FALSE,FALSE,FALSE,TRUE,,,FALSE,3.8,Aire de repos.,TRUE,osm
Schleifweg,aire_repos,autoroute,,,France,48.8883775,8.2890369,TRUE,FALSE,FALSE,FALSE,FALSE,TRUE,,,FALSE,3.8,Aire de repos.,TRUE,osm
Aire de la Bardolle,aire_repos,autoroute,,,France,48.8858391,4.2907782,TRUE,FALSE,FALSE,FALSE,FALSE,TRUE,,,FALSE,3.8,Aire de repos.,TRUE,osm
Aire de repos,aire_repos,autoroute,,,France,48.8831271,1.6653858,TRUE,FALSE,FALSE,FALSE,FALSE,FALSE,,,FALSE,3.8,Aire de repos.,TRUE,osm
Aire d'Eywiller,aire_repos,autoroute,,,France,48.8808182,7.1189457,TRUE,FALSE,FALSE,FALSE,FALSE,TRUE,,,FALSE,3.8,Aire de repos.,TRUE,osm
Aire de Berg,aire_repos,autoroute,,,France,48.8807209,7.1205092,TRUE,FALSE,FALSE,FALSE,FALSE,TRUE,,,FALSE,3.8,Aire de repos.,TRUE,osm
Aire du Piou,aire_repos,autoroute,,,France,48.8774455,-0.9646136,TRUE,FALSE,FALSE,FALSE,FALSE,,,,FALSE,3.8,Aire de repos.,TRUE,osm
Aire de repos,aire_repos,autoroute,,,France,48.8719332,2.7752239,TRUE,FALSE,FALSE,FALSE,FALSE,,,,FALSE,3.8,Aire de repos.,TRUE,osm
Aire de repos,aire_repos,autoroute,,,France,48.8703841,8.4509606,TRUE,FALSE,FALSE,FALSE,FALSE,FALSE,,,FALSE,3.8,Aire de repos.,TRUE,osm
Aire de la Petite Vallee,aire_repos,autoroute,,,France,48.8694246,1.1770151,TRUE,FALSE,FALSE,FALSE,FALSE,TRUE,,,FALSE,3.8,Aire de repos.,TRUE,osm
Aire de repos,aire_repos,autoroute,,,France,48.8652578,3.0913927,TRUE,FALSE,FALSE,FALSE,FALSE,,,,FALSE,3.8,Aire de repos.,TRUE,osm
Aire des Îles,aire_repos,autoroute,,,France,48.8634406,-0.5700426,TRUE,FALSE,FALSE,FALSE,FALSE,,,,FALSE,3.8,Aire de repos.,TRUE,osm
Aire de repos,aire_repos,autoroute,,,France,48.8609369,7.7056029,TRUE,FALSE,FALSE,FALSE,FALSE,,,,FALSE,3.8,Aire de repos.,TRUE,osm
Aire de repos,aire_repos,autoroute,,,France,48.8541802,1.1783873,TRUE,FALSE,FALSE,FALSE,FALSE,TRUE,,,FALSE,3.8,Aire de repos.,TRUE,osm
Aire de la Mare des Fourches,aire_repos,autoroute,,,France,48.8541374,1.1786204,TRUE,FALSE,FALSE,FALSE,FALSE,TRUE,,,FALSE,3.8,Aire de repos.,TRUE,osm
Korber Kopf,aire_repos,autoroute,,,France,48.8533733,9.3521591,TRUE,FALSE,FALSE,FALSE,FALSE,TRUE,,,FALSE,3.8,Aire de repos.,TRUE,osm
Aire de repos,aire_repos,autoroute,,,France,48.8488945,5.5316563,TRUE,FALSE,FALSE,FALSE,FALSE,,,,FALSE,3.8,Aire de repos.,TRUE,osm
Aire de repos,aire_repos,autoroute,,,France,48.8464065,3.0891299,TRUE,FALSE,FALSE,FALSE,FALSE,,,,FALSE,3.8,Aire de repos.,TRUE,osm
Aire de repos,aire_repos,autoroute,,,France,48.8398308,2.3251466,TRUE,FALSE,FALSE,FALSE,FALSE,,,,FALSE,3.8,Aire de repos.,TRUE,osm
Aire de Rœschwoog,aire_repos,autoroute,,,France,48.8384804,8.0230741,TRUE,FALSE,FALSE,FALSE,FALSE,,,,FALSE,3.8,Aire de repos.,TRUE,osm
Aire de repos,aire_repos,autoroute,,,France,48.8311029,9.4097241,TRUE,FALSE,FALSE,FALSE,FALSE,FALSE,,,FALSE,3.8,Aire de repos.,TRUE,osm
Aire de repos,aire_repos,autoroute,,,France,48.8292538,3.087365,TRUE,FALSE,FALSE,FALSE,FALSE,,,,FALSE,3.8,Aire de repos.,TRUE,osm
Höllberg,aire_repos,autoroute,,,France,48.8240397,8.8887858,TRUE,FALSE,FALSE,FALSE,FALSE,TRUE,,,FALSE,3.8,Aire de repos.,TRUE,osm
Heckengäu,aire_repos,autoroute,,,France,48.8231855,8.8883916,TRUE,FALSE,FALSE,FALSE,FALSE,TRUE,,,FALSE,3.8,Aire de repos.,TRUE,osm
Aire de Katzenkopf,aire_repos,autoroute,,,France,48.8230259,7.1493545,TRUE,FALSE,FALSE,FALSE,FALSE,,,,FALSE,3.8,Aire de repos.,TRUE,osm
Aire de Schalbach,aire_repos,autoroute,,,France,48.821069,7.1515356,TRUE,FALSE,FALSE,FALSE,FALSE,TRUE,,,FALSE,3.8,Aire de repos.,TRUE,osm
Aire de repos,aire_repos,autoroute,,,France,48.8173467,9.2911685,TRUE,FALSE,FALSE,FALSE,FALSE,,,,FALSE,3.8,Aire de repos.,TRUE,osm
Hochparkplatz,aire_repos,autoroute,,,France,48.8162186,9.3365531,TRUE,FALSE,FALSE,FALSE,FALSE,FALSE,,,FALSE,3.8,Aire de repos.,TRUE,osm
Aire de repos,aire_repos,autoroute,,,France,48.8154794,9.3614095,TRUE,FALSE,FALSE,FALSE,FALSE,FALSE,,,FALSE,3.8,Aire de repos.,TRUE,osm
Rugles,aire_repos,autoroute,,,France,48.8154705,0.7072231,TRUE,FALSE,FALSE,FALSE,FALSE,,,,FALSE,3.8,Aire de repos.,TRUE,osm
Aire du Bois de Thomas,aire_repos,autoroute,,,France,48.8129517,6.0409786,TRUE,FALSE,FALSE,FALSE,FALSE,,,,FALSE,3.8,Aire de repos.,TRUE,osm
Engelberg,aire_repos,autoroute,,,France,48.8090359,9.0483422,TRUE,FALSE,FALSE,FALSE,FALSE,TRUE,,,FALSE,3.8,Aire de repos.,TRUE,osm
Gerlinger Höhe,aire_repos,autoroute,,,France,48.8080848,9.0478257,TRUE,FALSE,FALSE,FALSE,FALSE,TRUE,,,FALSE,3.8,Aire de repos.,TRUE,osm
Aire de repos,aire_repos,autoroute,,,France,48.8074712,0.3101292,TRUE,FALSE,FALSE,FALSE,FALSE,,,,FALSE,3.8,Aire de repos.,TRUE,osm
Aire de repos,aire_repos,autoroute,,,France,48.8062173,9.4588786,TRUE,FALSE,FALSE,FALSE,FALSE,TRUE,,,FALSE,3.8,Aire de repos.,TRUE,osm
Aire de repos,aire_repos,autoroute,,,France,48.796112,9.0593682,TRUE,FALSE,FALSE,FALSE,FALSE,FALSE,,,FALSE,3.8,Aire de repos.,TRUE,osm
Aire de repos,aire_repos,autoroute,,,France,48.7815861,2.0208313,TRUE,FALSE,FALSE,FALSE,FALSE,,,,FALSE,3.8,Aire de repos.,TRUE,osm
Aire de repos,aire_repos,autoroute,,,France,48.7734205,8.2815965,TRUE,FALSE,FALSE,FALSE,FALSE,,,,FALSE,3.8,Aire de repos.,TRUE,osm
"Espace détente/snack/""plage"" du KABLE",aire_repos,autoroute,,,France,48.7720776,2.426563,TRUE,FALSE,FALSE,FALSE,FALSE,,,,FALSE,3.8,Aire de repos.,TRUE,osm
Aire de Quatre-Vents,aire_repos,autoroute,,,France,48.7712454,7.3079042,TRUE,FALSE,FALSE,FALSE,FALSE,TRUE,,,FALSE,3.8,Aire de repos.,TRUE,osm
Aire de Gottesheim,aire_repos,autoroute,,,France,48.7704424,7.4869984,TRUE,FALSE,FALSE,FALSE,FALSE,TRUE,,,FALSE,3.8,Aire de repos.,TRUE,osm
Aire de Lienbach,aire_repos,autoroute,,,France,48.7703948,7.4941179,TRUE,FALSE,FALSE,FALSE,FALSE,TRUE,,,FALSE,3.8,Aire de repos.,TRUE,osm
Aire de Danne,aire_repos,autoroute,,,France,48.7703201,7.3091526,TRUE,FALSE,FALSE,FALSE,FALSE,,,,FALSE,3.8,Aire de repos.,TRUE,osm
Aire du Péage de Schwindratzheim Nord,aire_repos,autoroute,,,France,48.7698407,7.5993762,TRUE,FALSE,FALSE,FALSE,FALSE,,,,FALSE,3.8,Aire de repos.,TRUE,osm
Aire du Péage de Schwindratzheim Sud,aire_repos,autoroute,,,France,48.7693951,7.6050221,TRUE,FALSE,FALSE,FALSE,FALSE,,,,FALSE,3.8,Aire de repos.,TRUE,osm
Aire de repos,aire_repos,autoroute,,,France,48.7672985,7.3126492,TRUE,FALSE,FALSE,FALSE,FALSE,,,,FALSE,3.8,Aire de repos.,TRUE,osm
Aire du Corsaire,aire_repos,autoroute,,,France,48.7588782,-3.5356128,TRUE,FALSE,FALSE,FALSE,FALSE,FALSE,,,FALSE,3.8,Aire de repos.,TRUE,osm
Aire de repos,aire_repos,autoroute,,,France,48.7560449,0.3400189,TRUE,FALSE,FALSE,FALSE,FALSE,,,,FALSE,3.8,Aire de repos.,TRUE,osm
Aire de Repos de la Mésangère Nord,aire_repos,autoroute,,,France,48.7527061,1.4574033,TRUE,FALSE,FALSE,FALSE,FALSE,FALSE,,,FALSE,3.8,Aire de repos.,TRUE,osm
Aire de repos,aire_repos,autoroute,,,France,48.7504755,9.3509551,TRUE,FALSE,FALSE,FALSE,FALSE,FALSE,,,FALSE,3.8,Aire de repos.,TRUE,osm
Aire de Repos,aire_repos,autoroute,,,France,48.7500953,7.4858944,TRUE,FALSE,FALSE,FALSE,FALSE,FALSE,,,FALSE,3.8,Aire de repos.,TRUE,osm
Aire de repos,aire_repos,autoroute,,,France,48.7492106,-3.355068,TRUE,FALSE,FALSE,FALSE,FALSE,,,,FALSE,3.8,Aire de repos.,TRUE,osm
Aire de repos,aire_repos,autoroute,,,France,48.7448397,4.4215432,TRUE,FALSE,FALSE,FALSE,FALSE,FALSE,,,FALSE,3.8,Aire de repos.,TRUE,osm
Aire de repos,aire_repos,autoroute,,,France,48.7436199,-3.3923075,TRUE,FALSE,FALSE,FALSE,FALSE,,,,FALSE,3.8,Aire de repos.,TRUE,osm
Aire de repos,aire_repos,autoroute,,,France,48.7435988,4.4759134,TRUE,FALSE,FALSE,FALSE,FALSE,,,,FALSE,3.8,Aire de repos.,TRUE,osm
Aire de la Baie,aire_repos,autoroute,,,France,48.7424363,-1.287596,TRUE,FALSE,FALSE,FALSE,TRUE,TRUE,,,FALSE,3.8,Aire de repos.,TRUE,osm
Aire de l'arche du gazon,aire_repos,autoroute,,,France,48.7411716,1.3097716,TRUE,FALSE,FALSE,FALSE,FALSE,FALSE,,,FALSE,3.8,Aire de repos.,TRUE,osm
Aire de repos,aire_repos,autoroute,,,France,48.7393577,0.5819658,TRUE,FALSE,FALSE,FALSE,FALSE,,,,FALSE,3.8,Aire de repos.,TRUE,osm
Aire de repos,aire_repos,autoroute,,,France,48.7387598,4.3621345,TRUE,FALSE,FALSE,FALSE,FALSE,,,,FALSE,3.8,Aire de repos.,TRUE,osm
Oberfeld,aire_repos,autoroute,,,France,48.7383548,8.1148996,TRUE,FALSE,FALSE,FALSE,FALSE,TRUE,,,FALSE,3.8,Aire de repos.,TRUE,osm
Aire de repos,aire_repos,autoroute,,,France,48.7375529,4.3418285,TRUE,FALSE,FALSE,FALSE,FALSE,,,,FALSE,3.8,Aire de repos.,TRUE,osm
Sommerhofen,aire_repos,autoroute,,,France,48.7337769,9.0459039,TRUE,FALSE,FALSE,FALSE,FALSE,TRUE,,,FALSE,3.8,Aire de repos.,TRUE,osm
Aire de Sommesous,aire_repos,autoroute,,,France,48.729767,4.2268561,TRUE,FALSE,FALSE,FALSE,FALSE,,,,FALSE,3.8,Aire de repos.,TRUE,osm
Aire de repos,aire_repos,autoroute,,,France,48.7252554,0.8971775,TRUE,FALSE,FALSE,FALSE,FALSE,FALSE,,,FALSE,3.8,Aire de repos.,TRUE,osm
Aire de repos,aire_repos,autoroute,,,France,48.7156322,6.9357844,TRUE,FALSE,FALSE,FALSE,FALSE,FALSE,,,FALSE,3.8,Aire de repos.,TRUE,osm
Aire de repos,aire_repos,autoroute,,,France,48.7075737,8.2327526,TRUE,FALSE,FALSE,FALSE,FALSE,,,,FALSE,3.8,Aire de repos.,TRUE,osm
Wolfsbrunnen,aire_repos,autoroute,,,France,48.7074858,8.2326938,TRUE,FALSE,FALSE,FALSE,FALSE,,,,FALSE,3.8,Aire de repos.,TRUE,osm
Aire de repos,aire_repos,autoroute,,,France,48.7061571,5.8593359,TRUE,FALSE,FALSE,FALSE,FALSE,FALSE,,,FALSE,3.8,Aire de repos.,TRUE,osm
Aire de repos,aire_repos,autoroute,,,France,48.7010757,3.2543981,TRUE,FALSE,FALSE,FALSE,FALSE,FALSE,,,FALSE,3.8,Aire de repos.,TRUE,osm
Aire de Chanteraine,aire_repos,autoroute,,,France,48.6982032,5.3862032,TRUE,FALSE,FALSE,FALSE,FALSE,FALSE,,,FALSE,3.8,Aire de repos.,TRUE,osm
Aire de Morlaincourt,aire_repos,autoroute,,,France,48.6953999,5.3731277,TRUE,FALSE,FALSE,FALSE,FALSE,FALSE,,,FALSE,3.8,Aire de repos.,TRUE,osm
Aire de la Pfeffermatt,aire_repos,autoroute,,,France,48.6946725,7.8339714,TRUE,FALSE,FALSE,FALSE,FALSE,,,,FALSE,3.8,Aire de repos.,TRUE,osm
Aire de repos,aire_repos,autoroute,,,France,48.6944309,3.2264301,TRUE,FALSE,FALSE,FALSE,FALSE,,,,FALSE,3.8,Aire de repos.,TRUE,osm
Aire du Landgraben,aire_repos,autoroute,,,France,48.6940246,7.829429,TRUE,FALSE,FALSE,FALSE,FALSE,TRUE,,,FALSE,3.8,Aire de repos.,TRUE,osm
Aire de repos,aire_repos,autoroute,,,France,48.6919194,5.9182274,TRUE,FALSE,FALSE,FALSE,FALSE,,,,FALSE,3.8,Aire de repos.,TRUE,osm
Aire de la Forêt de Haye,aire_repos,autoroute,,,France,48.6883368,6.0114184,TRUE,FALSE,FALSE,FALSE,FALSE,TRUE,,,FALSE,3.8,Aire de repos.,TRUE,osm
Aire des Petits Prés,aire_repos,autoroute,,,France,48.6769199,1.4630227,TRUE,FALSE,FALSE,FALSE,FALSE,,,,FALSE,3.8,Aire de repos.,TRUE,osm
Aire de repos,aire_repos,autoroute,,,France,48.6746546,1.9129672,TRUE,FALSE,FALSE,FALSE,FALSE,,,,FALSE,3.8,Aire de repos.,TRUE,osm
Brachfeld,aire_repos,autoroute,,,France,48.6742133,8.0545892,TRUE,FALSE,FALSE,FALSE,FALSE,TRUE,,,FALSE,3.8,Aire de repos.,TRUE,osm
Aire de repos,aire_repos,autoroute,,,France,48.6686237,9.1944982,TRUE,FALSE,FALSE,FALSE,FALSE,FALSE,,,FALSE,3.8,Aire de repos.,TRUE,osm
Aire de repos,aire_repos,autoroute,,,France,48.6648836,9.2113428,TRUE,FALSE,FALSE,FALSE,FALSE,FALSE,,,FALSE,3.8,Aire de repos.,TRUE,osm
Aire de repos,aire_repos,autoroute,,,France,48.6641766,-0.5982705,TRUE,FALSE,FALSE,FALSE,FALSE,,,,FALSE,3.8,Aire de repos.,TRUE,osm
Aire de Villers,aire_repos,autoroute,,,France,48.6638412,6.1246161,TRUE,FALSE,FALSE,FALSE,FALSE,FALSE,,,FALSE,3.8,Aire de repos.,TRUE,osm
Aire de Clairlieu,aire_repos,autoroute,,,France,48.663454,6.1240773,TRUE,FALSE,FALSE,FALSE,FALSE,FALSE,,,FALSE,3.8,Aire de repos.,TRUE,osm
Feldmatt,aire_repos,autoroute,,,France,48.6586014,8.0364582,TRUE,FALSE,FALSE,FALSE,FALSE,TRUE,,,FALSE,3.8,Aire de repos.,TRUE,osm
Aire des Sources de l'Orne,aire_repos,autoroute,,,France,48.656731,0.2231018,TRUE,FALSE,FALSE,FALSE,FALSE,,,,FALSE,3.8,Aire de repos.,TRUE,osm
Aire de repos,aire_repos,autoroute,,,France,48.653518,-0.9444952,TRUE,FALSE,FALSE,FALSE,FALSE,FALSE,,,FALSE,3.8,Aire de repos.,TRUE,osm
Im Rübholz,aire_repos,autoroute,,,France,48.6526142,9.3970866,TRUE,FALSE,FALSE,FALSE,FALSE,TRUE,,,FALSE,3.8,Aire de repos.,TRUE,osm
Aire de repos,aire_repos,autoroute,,,France,48.6474949,9.4639223,TRUE,FALSE,FALSE,FALSE,FALSE,FALSE,,,FALSE,3.8,Aire de repos.,TRUE,osm
Aire du Berrois,aire_repos,autoroute,,,France,48.6422082,5.1057241,TRUE,FALSE,FALSE,FALSE,FALSE,TRUE,,,FALSE,3.8,Aire de repos.,TRUE,osm
Aire de repos,aire_repos,autoroute,,,France,48.637144,-2.0758039,TRUE,FALSE,FALSE,FALSE,FALSE,,,,FALSE,3.8,Aire de repos.,TRUE,osm
Aire du Champ du Carreau,aire_repos,autoroute,,,France,48.636006,4.1792359,TRUE,FALSE,FALSE,FALSE,FALSE,TRUE,,,FALSE,3.8,Aire de repos.,TRUE,osm
Aire de Champ l’Epée,aire_repos,autoroute,,,France,48.6359516,4.1808436,TRUE,FALSE,FALSE,FALSE,FALSE,TRUE,,,FALSE,3.8,Aire de repos.,TRUE,osm
Aire de repos,aire_repos,autoroute,,,France,48.6358051,4.1807542,TRUE,FALSE,FALSE,FALSE,FALSE,TRUE,,,FALSE,3.8,Aire de repos.,TRUE,osm
Sées-Est,aire_repos,autoroute,,,France,48.6341826,0.1894988,TRUE,FALSE,FALSE,FALSE,FALSE,,,,FALSE,3.8,Aire de repos.,TRUE,osm
Urweltfunde,aire_repos,autoroute,,,France,48.632305,9.5376761,TRUE,FALSE,FALSE,FALSE,FALSE,TRUE,,,FALSE,3.8,Aire de repos.,TRUE,osm
Sées-Ouest,aire_repos,autoroute,,,France,48.6317581,0.1909608,TRUE,FALSE,FALSE,FALSE,FALSE,,,,FALSE,3.8,Aire de repos.,TRUE,osm
Vor dem Aichelberg,aire_repos,autoroute,,,France,48.6313856,9.5381284,TRUE,FALSE,FALSE,FALSE,FALSE,TRUE,,,FALSE,3.8,Aire de repos.,TRUE,osm
Aichtal,aire_repos,autoroute,,,France,48.6303409,9.2260185,TRUE,FALSE,FALSE,FALSE,FALSE,FALSE,,,FALSE,3.8,Aire de repos.,TRUE,osm
Aire de la Gare de Péage de Gye,aire_repos,autoroute,,,France,48.6299605,5.8834726,TRUE,FALSE,FALSE,FALSE,TRUE,TRUE,,,FALSE,3.8,Aire de repos.,TRUE,osm
Aire de repos,aire_repos,autoroute,,,France,48.6232191,8.2009047,TRUE,FALSE,FALSE,FALSE,FALSE,FALSE,,,FALSE,3.8,Aire de repos.,TRUE,osm
Aire de repos,aire_repos,autoroute,,,France,48.6215501,5.8580924,TRUE,FALSE,FALSE,FALSE,FALSE,,,,FALSE,3.8,Aire de repos.,TRUE,osm
Aire de repos,aire_repos,autoroute,,,France,48.6188636,-3.0017853,TRUE,FALSE,FALSE,FALSE,FALSE,,,,FALSE,3.8,Aire de repos.,TRUE,osm
Aire de repos,aire_repos,autoroute,,,France,48.6176753,5.6620613,TRUE,FALSE,FALSE,FALSE,FALSE,,,,FALSE,3.8,Aire de repos.,TRUE,osm
Parc+ Paris Sud Est,aire_repos,autoroute,,,France,48.6163292,2.6278407,TRUE,FALSE,FALSE,FALSE,FALSE,TRUE,,,FALSE,3.8,Aire de repos.,TRUE,osm
Aire de repos,aire_repos,autoroute,,,France,48.6129497,-1.9818533,TRUE,FALSE,FALSE,FALSE,FALSE,,,,FALSE,3.8,Aire de repos.,TRUE,osm
Aire du Petit Moulin,aire_repos,autoroute,,,France,48.6060967,0.1650125,TRUE,FALSE,FALSE,FALSE,FALSE,,,,FALSE,3.8,Aire de repos.,TRUE,osm
Aire de repos,aire_repos,autoroute,,,France,48.6060135,0.1651103,TRUE,FALSE,FALSE,FALSE,FALSE,,,,FALSE,3.8,Aire de repos.,TRUE,osm
Aire du Pont Tinguy,aire_repos,autoroute,,,France,48.602665,-2.2854858,TRUE,FALSE,FALSE,FALSE,FALSE,,,,FALSE,3.8,Aire de repos.,TRUE,osm
Aire d'Ittenheim-Est,aire_repos,autoroute,,,France,48.6007389,7.6232493,TRUE,FALSE,FALSE,FALSE,FALSE,,,,FALSE,3.8,Aire de repos.,TRUE,osm
Aire de repos,aire_repos,autoroute,,,France,48.5998451,7.616464,TRUE,FALSE,FALSE,FALSE,FALSE,,,,FALSE,3.8,Aire de repos.,TRUE,osm
Aire d'Ittenheim-Ouest,aire_repos,autoroute,,,France,48.5980838,7.6178188,TRUE,FALSE,FALSE,FALSE,FALSE,,,,FALSE,3.8,Aire de repos.,TRUE,osm
Aire de Lancelin,aire_repos,autoroute,,,France,48.5937899,-4.3117474,TRUE,FALSE,FALSE,FALSE,FALSE,,,,FALSE,3.8,Aire de repos.,TRUE,osm
Aire de repos,aire_repos,autoroute,,,France,48.5930425,6.1107373,TRUE,FALSE,FALSE,FALSE,FALSE,FALSE,,,FALSE,3.8,Aire de repos.,TRUE,osm
Aire de repos,aire_repos,autoroute,,,France,48.5907496,0.1687101,TRUE,FALSE,FALSE,FALSE,FALSE,FALSE,,,FALSE,3.8,Aire de repos.,TRUE,osm
Aire de repos,aire_repos,autoroute,,,France,48.5902184,5.889836,TRUE,FALSE,FALSE,FALSE,FALSE,,,,FALSE,3.8,Aire de repos.,TRUE,osm
Aire de repos,aire_repos,autoroute,,,France,48.5875283,9.2478912,TRUE,FALSE,FALSE,FALSE,FALSE,FALSE,,,FALSE,3.8,Aire de repos.,TRUE,osm
Aire de repos,aire_repos,autoroute,,,France,48.5874616,3.8272945,TRUE,FALSE,FALSE,FALSE,FALSE,,,,FALSE,3.8,Aire de repos.,TRUE,osm
Aire de repos,aire_repos,autoroute,,,France,48.5850676,8.2146341,TRUE,FALSE,FALSE,FALSE,FALSE,FALSE,,,FALSE,3.8,Aire de repos.,TRUE,osm
Aire de la forêt de Mondon,aire_repos,autoroute,,,France,48.5826839,6.5698833,TRUE,FALSE,FALSE,FALSE,FALSE,TRUE,,,FALSE,3.8,Aire de repos.,TRUE,osm
Aire de Croismare,aire_repos,autoroute,,,France,48.5817011,6.5644102,TRUE,FALSE,FALSE,FALSE,FALSE,TRUE,,,FALSE,3.8,Aire de repos.,TRUE,osm
Aire de repos,aire_repos,autoroute,,,France,48.5813844,8.2219677,TRUE,FALSE,FALSE,FALSE,FALSE,FALSE,,,FALSE,3.8,Aire de repos.,TRUE,osm
Aire de repos,aire_repos,autoroute,,,France,48.5787491,-0.16969,TRUE,FALSE,FALSE,FALSE,FALSE,,,,FALSE,3.8,Aire de repos.,TRUE,osm
Aire de Chapsure,aire_repos,autoroute,,,France,48.5781618,6.7546272,TRUE,FALSE,FALSE,FALSE,FALSE,TRUE,,,FALSE,3.8,Aire de repos.,TRUE,osm
Aire de repos,aire_repos,autoroute,,,France,48.5778248,6.0921533,TRUE,FALSE,FALSE,FALSE,FALSE,FALSE,,,FALSE,3.8,Aire de repos.,TRUE,osm
Aire de Saint-Martin,aire_repos,autoroute,,,France,48.5775462,6.7539,TRUE,FALSE,FALSE,FALSE,FALSE,TRUE,,,FALSE,3.8,Aire de repos.,TRUE,osm
Aire de repos,aire_repos,autoroute,,,France,48.5737685,-0.159641,TRUE,FALSE,FALSE,FALSE,FALSE,,,,FALSE,3.8,Aire de repos.,TRUE,osm
Aire de repos,aire_repos,autoroute,,,France,48.5726176,-0.0976539,TRUE,FALSE,FALSE,FALSE,FALSE,,,,FALSE,3.8,Aire de repos.,TRUE,osm
Aire de Repos,aire_repos,autoroute,,,France,48.5693405,-1.7889353,TRUE,FALSE,FALSE,FALSE,FALSE,FALSE,,,FALSE,3.8,Aire de repos.,TRUE,osm
Aire de Repos Rance-Frémur Côte d'Émeraude,aire_repos,autoroute,,,France,48.5658062,-2.0594217,TRUE,FALSE,FALSE,FALSE,FALSE,,,,FALSE,3.8,Aire de repos.,TRUE,osm
Aire de repos,aire_repos,autoroute,,,France,48.5629826,6.5057835,TRUE,FALSE,FALSE,FALSE,FALSE,,,,FALSE,3.8,Aire de repos.,TRUE,osm
Aire de repos,aire_repos,autoroute,,,France,48.5593154,5.892012,TRUE,FALSE,FALSE,FALSE,FALSE,,,,FALSE,3.8,Aire de repos.,TRUE,osm
Aire de repos,aire_repos,autoroute,,,France,48.5569159,9.5323905,TRUE,FALSE,FALSE,FALSE,FALSE,FALSE,,,FALSE,3.8,Aire de repos.,TRUE,osm
Aire de Saint-Arnoult,aire_repos,autoroute,,,France,48.5555259,1.9369212,TRUE,FALSE,FALSE,FALSE,TRUE,TRUE,,,FALSE,3.8,Aire de repos.,TRUE,osm
Aire de Saint-Arnoult,aire_repos,autoroute,,,France,48.5551603,1.9329086,TRUE,FALSE,FALSE,FALSE,FALSE,TRUE,,,FALSE,3.8,Aire de repos.,TRUE,osm
Aire de Repos,aire_repos,autoroute,,,France,48.5544114,-3.4341069,TRUE,FALSE,FALSE,FALSE,FALSE,FALSE,,,FALSE,3.8,Aire de repos.,TRUE,osm
Aire de Mississipi,aire_repos,autoroute,,,France,48.5539519,6.5569162,TRUE,FALSE,FALSE,FALSE,FALSE,,,,FALSE,3.8,Aire de repos.,TRUE,osm
Aire de repos,aire_repos,autoroute,,,France,48.5536197,7.8683941,TRUE,FALSE,FALSE,FALSE,FALSE,,,,FALSE,3.8,Aire de repos.,TRUE,osm
Aire de la jetée de pierre,aire_repos,autoroute,,,France,48.5535552,6.5558848,TRUE,FALSE,FALSE,FALSE,FALSE,,,,FALSE,3.8,Aire de repos.,TRUE,osm
Aire de repos,aire_repos,autoroute,,,France,48.5480937,4.1441845,TRUE,FALSE,FALSE,FALSE,FALSE,TRUE,,,FALSE,3.8,Aire de repos.,TRUE,osm
Aire de repos,aire_repos,autoroute,,,France,48.5378113,9.4287535,TRUE,FALSE,FALSE,FALSE,FALSE,,,,FALSE,3.8,Aire de repos.,TRUE,osm
Aire de repos,aire_repos,autoroute,,,France,48.5375778,8.2223565,TRUE,FALSE,FALSE,FALSE,FALSE,FALSE,,,FALSE,3.8,Aire de repos.,TRUE,osm
Aire du Perron,aire_repos,autoroute,,,France,48.5371562,0.159995,TRUE,FALSE,FALSE,FALSE,FALSE,,,,FALSE,3.8,Aire de repos.,TRUE,osm
Aire de repos,aire_repos,autoroute,,,France,48.5369399,6.1837189,TRUE,FALSE,FALSE,FALSE,FALSE,,,,FALSE,3.8,Aire de repos.,TRUE,osm
Geyern,aire_repos,autoroute,,,France,48.5253481,8.8870125,TRUE,FALSE,FALSE,FALSE,FALSE,TRUE,,,FALSE,3.8,Aire de repos.,TRUE,osm
Ziegler,aire_repos,autoroute,,,France,48.5248627,8.8855886,TRUE,FALSE,FALSE,FALSE,FALSE,TRUE,,,FALSE,3.8,Aire de repos.,TRUE,osm
Aire de la Grivotière,aire_repos,autoroute,,,France,48.5239309,0.4897901,TRUE,FALSE,FALSE,FALSE,FALSE,TRUE,,,FALSE,3.8,Aire de repos.,TRUE,osm
Aire de repos,aire_repos,autoroute,,,France,48.5230569,9.5481867,TRUE,FALSE,FALSE,FALSE,FALSE,,,,FALSE,3.8,Aire de repos.,TRUE,osm
Aire de repos,aire_repos,autoroute,,,France,48.5216784,-4.0596265,TRUE,FALSE,FALSE,FALSE,TRUE,TRUE,,,FALSE,3.8,Aire de repos.,TRUE,osm
Aire de repos,aire_repos,autoroute,,,France,48.5216411,9.5438844,TRUE,FALSE,FALSE,FALSE,FALSE,,,,FALSE,3.8,Aire de repos.,TRUE,osm
Aire de Gourville,aire_repos,autoroute,,,France,48.5203898,1.7995651,TRUE,FALSE,FALSE,FALSE,FALSE,TRUE,,,FALSE,3.8,Aire de repos.,TRUE,osm
Aire des Carreaux,aire_repos,autoroute,,,France,48.5187445,0.4810746,TRUE,FALSE,FALSE,FALSE,FALSE,TRUE,,,FALSE,3.8,Aire de repos.,TRUE,osm
Aire de repos,aire_repos,autoroute,,,France,48.5165589,-1.1764825,TRUE,FALSE,FALSE,FALSE,FALSE,,,,FALSE,3.8,Aire de repos.,TRUE,osm
Aire de repos,aire_repos,autoroute,,,France,48.514546,9.5375611,TRUE,FALSE,FALSE,FALSE,FALSE,,,,FALSE,3.8,Aire de repos.,TRUE,osm
Aire des Chaudonnes,aire_repos,autoroute,,,France,48.5133311,1.7759945,TRUE,FALSE,FALSE,FALSE,FALSE,TRUE,,,FALSE,3.8,Aire de repos.,TRUE,osm
Aire de repos,aire_repos,autoroute,,,France,48.5131593,5.8848636,TRUE,FALSE,FALSE,FALSE,FALSE,FALSE,,,FALSE,3.8,Aire de repos.,TRUE,osm
Aire de Faverosse,aire_repos,autoroute,,,France,48.5100865,5.9119957,TRUE,FALSE,FALSE,FALSE,FALSE,TRUE,,,FALSE,3.8,Aire de repos.,TRUE,osm
Aire de Malvaux,aire_repos,autoroute,,,France,48.5068565,5.9135165,TRUE,FALSE,FALSE,FALSE,FALSE,TRUE,,,FALSE,3.8,Aire de repos.,TRUE,osm
Aire de Saint Servais,aire_repos,autoroute,,,France,48.5034816,-4.1500399,TRUE,FALSE,FALSE,FALSE,FALSE,,,,FALSE,3.8,Aire de repos.,TRUE,osm
Aire de repos,aire_repos,autoroute,,,France,48.4964964,9.2340557,TRUE,FALSE,FALSE,FALSE,FALSE,FALSE,,,FALSE,3.8,Aire de repos.,TRUE,osm
Aire de repos,aire_repos,autoroute,,,France,48.4946164,8.2586785,TRUE,FALSE,FALSE,FALSE,FALSE,FALSE,,,FALSE,3.8,Aire de repos.,TRUE,osm
Fachschaft Informatik (FSI),aire_repos,autoroute,,,France,48.4831675,9.1876158,TRUE,FALSE,FALSE,FALSE,FALSE,,,,FALSE,3.8,Aire de repos.,TRUE,osm
Aire de Crantenoy,aire_repos,autoroute,,,France,48.4815827,6.2437393,TRUE,FALSE,FALSE,FALSE,FALSE,,,,FALSE,3.8,Aire de repos.,TRUE,osm
Aire d'Yffiniac,aire_repos,autoroute,,,France,48.4798181,-2.6613796,TRUE,FALSE,FALSE,FALSE,FALSE,,,,FALSE,3.8,Aire de repos.,TRUE,osm
Aire de la Pommeraie,aire_repos,autoroute,,,France,48.4752299,-0.1176739,TRUE,FALSE,FALSE,FALSE,FALSE,,,,FALSE,3.8,Aire de repos.,TRUE,osm
Aire de la Longrais,aire_repos,autoroute,,,France,48.4736535,-0.1220867,TRUE,FALSE,FALSE,FALSE,FALSE,FALSE,,,FALSE,3.8,Aire de repos.,TRUE,osm
Aire de Porzh Chevance,aire_repos,autoroute,,,France,48.4653721,-3.0983265,TRUE,FALSE,FALSE,FALSE,FALSE,,,,FALSE,3.8,Aire de repos.,TRUE,osm
Aire de repos,aire_repos,autoroute,,,France,48.4647501,8.3236634,TRUE,FALSE,FALSE,FALSE,FALSE,FALSE,,,FALSE,3.8,Aire de repos.,TRUE,osm
Aire de repos,aire_repos,autoroute,,,France,48.4636131,1.4571558,TRUE,FALSE,FALSE,FALSE,FALSE,,,,FALSE,3.8,Aire de repos.,TRUE,osm
Aire de repos,aire_repos,autoroute,,,France,48.4624955,8.3590732,TRUE,FALSE,FALSE,FALSE,FALSE,,,,FALSE,3.8,Aire de repos.,TRUE,osm
Aire du Bois du Ménil,aire_repos,autoroute,,,France,48.4609203,6.2431151,TRUE,FALSE,FALSE,FALSE,TRUE,TRUE,,,FALSE,3.8,Aire de repos.,TRUE,osm
Aire de Pont Preuig,aire_repos,autoroute,,,France,48.4598076,-3.1932814,TRUE,FALSE,FALSE,FALSE,FALSE,,,,FALSE,3.8,Aire de repos.,TRUE,osm
Neckarblick,aire_repos,autoroute,,,France,48.4563524,8.774837,TRUE,FALSE,FALSE,FALSE,FALSE,TRUE,,,FALSE,3.8,Aire de repos.,TRUE,osm
Hirtenhaus,aire_repos,autoroute,,,France,48.4559077,8.775681,TRUE,FALSE,FALSE,FALSE,FALSE,TRUE,,,FALSE,3.8,Aire de repos.,TRUE,osm
Aire de repos,aire_repos,autoroute,,,France,48.4547779,5.167427,TRUE,FALSE,FALSE,FALSE,FALSE,,,,FALSE,3.8,Aire de repos.,TRUE,osm
Aire de repos,aire_repos,autoroute,,,France,48.4537868,3.9028723,TRUE,FALSE,FALSE,FALSE,FALSE,FALSE,,,FALSE,3.8,Aire de repos.,TRUE,osm
Aire de repos,aire_repos,autoroute,,,France,48.4505632,0.1003474,TRUE,FALSE,FALSE,FALSE,FALSE,FALSE,,,FALSE,3.8,Aire de repos.,TRUE,osm
Aire de repos,aire_repos,autoroute,,,France,48.4448426,7.1938504,TRUE,FALSE,FALSE,FALSE,FALSE,FALSE,,,FALSE,3.8,Aire de repos.,TRUE,osm
Aire du Coglais,aire_repos,autoroute,,,France,48.444478,-1.3254981,TRUE,FALSE,FALSE,FALSE,FALSE,TRUE,,,FALSE,3.8,Aire de repos.,TRUE,osm
Aire de repos,aire_repos,autoroute,,,France,48.4428008,2.6129143,TRUE,FALSE,FALSE,FALSE,FALSE,FALSE,,,FALSE,3.8,Aire de repos.,TRUE,osm
Aire de repos,aire_repos,autoroute,,,France,48.4408231,-1.0184714,TRUE,FALSE,FALSE,FALSE,FALSE,,,,FALSE,3.8,Aire de repos.,TRUE,osm
Aire du Coglais,aire_repos,autoroute,,,France,48.4373481,-1.3207546,TRUE,FALSE,FALSE,FALSE,FALSE,TRUE,,,FALSE,3.8,Aire de repos.,TRUE,osm
Aire de repos,aire_repos,autoroute,,,France,48.4364848,-3.3771741,TRUE,FALSE,FALSE,FALSE,FALSE,,,,FALSE,3.8,Aire de repos.,TRUE,osm
La Croix des Chênes,aire_repos,autoroute,,,France,48.4354487,0.8857938,TRUE,FALSE,FALSE,FALSE,FALSE,,,,FALSE,3.8,Aire de repos.,TRUE,osm
Aire de repos,aire_repos,autoroute,,,France,48.4350237,-1.4616434,TRUE,FALSE,FALSE,FALSE,TRUE,FALSE,,,FALSE,3.8,Aire de repos.,TRUE,osm
Aire de repos,aire_repos,autoroute,,,France,48.4294498,-0.4919791,TRUE,FALSE,FALSE,FALSE,FALSE,,,,FALSE,3.8,Aire de repos.,TRUE,osm
Aire de repos,aire_repos,autoroute,,,France,48.4286026,4.67273,TRUE,FALSE,FALSE,FALSE,FALSE,FALSE,,,FALSE,3.8,Aire de repos.,TRUE,osm
Aire du Grand Chêne,aire_repos,autoroute,,,France,48.427782,5.8588376,TRUE,FALSE,FALSE,FALSE,FALSE,,,,FALSE,3.8,Aire de repos.,TRUE,osm
Aire de repos,aire_repos,autoroute,,,France,48.4274365,2.6643602,TRUE,FALSE,FALSE,FALSE,FALSE,FALSE,,,FALSE,3.8,Aire de repos.,TRUE,osm
Aire de Fleury-en-Bière,aire_repos,autoroute,,,France,48.4274144,2.5402816,TRUE,FALSE,FALSE,FALSE,FALSE,,,,FALSE,3.8,Aire de repos.,TRUE,osm
Aire du Pays de Plélan,aire_repos,autoroute,,,France,48.4261361,-2.1865955,TRUE,FALSE,FALSE,FALSE,FALSE,TRUE,,,FALSE,3.8,Aire de repos.,TRUE,osm
Aire du Val au Renard,aire_repos,autoroute,,,France,48.424572,5.8613383,TRUE,FALSE,FALSE,FALSE,FALSE,TRUE,,,FALSE,3.8,Aire de repos.,TRUE,osm
Aire de repos,aire_repos,autoroute,,,France,48.4243916,7.8846259,TRUE,FALSE,FALSE,FALSE,FALSE,FALSE,,,FALSE,3.8,Aire de repos.,TRUE,osm
Aire de Fleury-en-Bière,aire_repos,autoroute,,,France,48.4227726,2.5407823,TRUE,FALSE,FALSE,FALSE,FALSE,TRUE,,,FALSE,3.8,Aire de repos.,TRUE,osm
Aire de Carmoran,aire_repos,autoroute,,,France,48.4188866,-2.4394985,TRUE,FALSE,FALSE,FALSE,FALSE,TRUE,,,FALSE,3.8,Aire de repos.,TRUE,osm
Aire de repos,aire_repos,autoroute,,,France,48.4152318,8.4383778,TRUE,FALSE,FALSE,FALSE,FALSE,,,,FALSE,3.8,Aire de repos.,TRUE,osm
Aire d'Arbonne,aire_repos,autoroute,,,France,48.4136769,2.5477552,TRUE,FALSE,FALSE,FALSE,FALSE,TRUE,,,FALSE,3.8,Aire de repos.,TRUE,osm
Aire de repos,aire_repos,autoroute,,,France,48.4053523,-1.0021054,TRUE,FALSE,FALSE,FALSE,FALSE,,,,FALSE,3.8,Aire de repos.,TRUE,osm
Unditz,aire_repos,autoroute,,,France,48.4028498,7.8555746,TRUE,FALSE,FALSE,FALSE,FALSE,TRUE,,,FALSE,3.8,Aire de repos.,TRUE,osm
Schutter,aire_repos,autoroute,,,France,48.4022265,7.8559367,TRUE,FALSE,FALSE,FALSE,FALSE,TRUE,,,FALSE,3.8,Aire de repos.,TRUE,osm
Empfingen West,aire_repos,autoroute,,,France,48.4013437,8.7274937,TRUE,FALSE,FALSE,FALSE,FALSE,FALSE,,,FALSE,3.8,Aire de repos.,TRUE,osm
Empfingen Ost,aire_repos,autoroute,,,France,48.4012997,8.7284493,TRUE,FALSE,FALSE,FALSE,FALSE,FALSE,,,FALSE,3.8,Aire de repos.,TRUE,osm
espace de pause,aire_repos,autoroute,,,France,48.3984776,-4.5026129,TRUE,FALSE,FALSE,FALSE,FALSE,,,,FALSE,3.8,Aire de repos.,TRUE,osm
Aire de repos,aire_repos,autoroute,,,France,48.3897776,0.5551624,TRUE,FALSE,FALSE,FALSE,FALSE,FALSE,,,FALSE,3.8,Aire de repos.,TRUE,osm
Aire de Boutroux,aire_repos,autoroute,,,France,48.3895926,1.8896841,TRUE,FALSE,FALSE,FALSE,FALSE,TRUE,,,FALSE,3.8,Aire de repos.,TRUE,osm
Aire de repos,aire_repos,autoroute,,,France,48.3886249,2.689465,TRUE,FALSE,FALSE,FALSE,FALSE,FALSE,,,FALSE,3.8,Aire de repos.,TRUE,osm
Aire des Marnières,aire_repos,autoroute,,,France,48.3885371,1.8921434,TRUE,FALSE,FALSE,FALSE,FALSE,TRUE,,,FALSE,3.8,Aire de repos.,TRUE,osm
Aire de repos,aire_repos,autoroute,,,France,48.3882714,0.5542629,TRUE,FALSE,FALSE,FALSE,FALSE,FALSE,,,FALSE,3.8,Aire de repos.,TRUE,osm
Prise électrique gratuite,aire_repos,autoroute,,,France,48.3868613,-0.5854043,TRUE,FALSE,FALSE,FALSE,FALSE,,,,FALSE,3.8,Aire de repos.,TRUE,osm
Aire de repos,aire_repos,autoroute,,,France,48.3847777,2.6881551,TRUE,FALSE,FALSE,FALSE,FALSE,FALSE,,,FALSE,3.8,Aire de repos.,TRUE,osm
Aire de Ver-lès-Chartres les Moineaux,aire_repos,autoroute,,,France,48.3749113,1.4761008,TRUE,FALSE,FALSE,FALSE,FALSE,TRUE,,,FALSE,3.8,Aire de repos.,TRUE,osm
Aire de Ver-lès-Chartres les Souchets,aire_repos,autoroute,,,France,48.3722867,1.4651925,TRUE,FALSE,FALSE,FALSE,FALSE,TRUE,,,FALSE,3.8,Aire de repos.,TRUE,osm
Aire de Service de Gravon,aire_repos,autoroute,,,France,48.371709,3.1267091,TRUE,FALSE,FALSE,FALSE,FALSE,TRUE,,,FALSE,3.8,Aire de repos.,TRUE,osm
Aire de repos,aire_repos,autoroute,,,France,48.3712036,8.6937608,TRUE,FALSE,FALSE,FALSE,FALSE,FALSE,,,FALSE,3.8,Aire de repos.,TRUE,osm
Aire de Repos des Rasets,aire_repos,autoroute,,,France,48.370211,3.1277912,TRUE,FALSE,FALSE,FALSE,FALSE,TRUE,,,FALSE,3.8,Aire de repos.,TRUE,osm
Aire de repos,aire_repos,autoroute,,,France,48.3667351,7.7334319,TRUE,FALSE,FALSE,FALSE,FALSE,,,,FALSE,3.8,Aire de repos.,TRUE,osm
Erlen,aire_repos,autoroute,,,France,48.3577791,8.4642141,TRUE,FALSE,FALSE,FALSE,FALSE,FALSE,,,FALSE,3.8,Aire de repos.,TRUE,osm
Aire de repos,aire_repos,autoroute,,,France,48.3568011,8.6079001,TRUE,FALSE,FALSE,FALSE,FALSE,FALSE,,,FALSE,3.8,Aire de repos.,TRUE,osm
Aire de repos,aire_repos,autoroute,,,France,48.3558757,2.6947566,TRUE,FALSE,FALSE,FALSE,FALSE,FALSE,,,FALSE,3.8,Aire de repos.,TRUE,osm
Aire de repos,aire_repos,autoroute,,,France,48.3527591,5.7170749,TRUE,FALSE,FALSE,FALSE,FALSE,,,,FALSE,3.8,Aire de repos.,TRUE,osm
Aire des Cheminées,aire_repos,autoroute,,,France,48.3522039,-0.4971016,TRUE,FALSE,FALSE,FALSE,FALSE,,,,FALSE,3.8,Aire de repos.,TRUE,osm
Aire de repos,aire_repos,autoroute,,,France,48.3494435,9.5123341,TRUE,FALSE,FALSE,FALSE,FALSE,,,,FALSE,3.8,Aire de repos.,TRUE,osm
Aire de repos,aire_repos,autoroute,,,France,48.3428104,8.5907396,TRUE,FALSE,FALSE,FALSE,FALSE,,,,FALSE,3.8,Aire de repos.,TRUE,osm
Aire de repos,aire_repos,autoroute,,,France,48.3407476,6.1164246,TRUE,FALSE,FALSE,FALSE,FALSE,,,,FALSE,3.8,Aire de repos.,TRUE,osm
Aire de repos,aire_repos,autoroute,,,France,48.3341602,9.5874524,TRUE,FALSE,FALSE,FALSE,FALSE,,,,FALSE,3.8,Aire de repos.,TRUE,osm
Aire de Villechétif,aire_repos,autoroute,,,France,48.3328042,4.1657886,TRUE,FALSE,FALSE,FALSE,FALSE,TRUE,,,FALSE,3.8,Aire de repos.,TRUE,osm
Aire de repos,aire_repos,autoroute,,,France,48.3327669,7.1953454,TRUE,FALSE,FALSE,FALSE,FALSE,,,,FALSE,3.8,Aire de repos.,TRUE,osm
Aire de repos,aire_repos,autoroute,,,France,48.3320784,9.3551867,TRUE,FALSE,FALSE,FALSE,FALSE,,,,FALSE,3.8,Aire de repos.,TRUE,osm
Aire de repos,aire_repos,autoroute,,,France,48.3314331,5.7551113,TRUE,FALSE,FALSE,FALSE,FALSE,,,,FALSE,3.8,Aire de repos.,TRUE,osm
Aire des Crocs de la Terre,aire_repos,autoroute,,,France,48.3310241,4.168438,TRUE,FALSE,FALSE,FALSE,FALSE,TRUE,,,FALSE,3.8,Aire de repos.,TRUE,osm
Aire de repos,aire_repos,autoroute,,,France,48.3303758,6.1349131,TRUE,FALSE,FALSE,FALSE,FALSE,,,,FALSE,3.8,Aire de repos.,TRUE,osm
Aire de repos,aire_repos,autoroute,,,France,48.3278612,6.7967438,TRUE,FALSE,FALSE,FALSE,FALSE,FALSE,,,FALSE,3.8,Aire de repos.,TRUE,osm
Aire de repos,aire_repos,autoroute,,,France,48.3264372,6.7877468,TRUE,FALSE,FALSE,FALSE,FALSE,FALSE,,,FALSE,3.8,Aire de repos.,TRUE,osm
Aire de repos,aire_repos,autoroute,,,France,48.3255378,7.719766,TRUE,FALSE,FALSE,FALSE,FALSE,,,,FALSE,3.8,Aire de repos.,TRUE,osm
Aire de repos,aire_repos,autoroute,,,France,48.325443,8.6761505,TRUE,FALSE,FALSE,FALSE,FALSE,,,,FALSE,3.8,Aire de repos.,TRUE,osm
Aire de repos,aire_repos,autoroute,,,France,48.3251426,8.5903001,TRUE,FALSE,FALSE,FALSE,FALSE,,,,FALSE,3.8,Aire de repos.,TRUE,osm
Hasenrain,aire_repos,autoroute,,,France,48.3246752,8.6465883,TRUE,FALSE,FALSE,FALSE,FALSE,TRUE,,,FALSE,3.8,Aire de repos.,TRUE,osm
Aire de la Poële Percée,aire_repos,autoroute,,,France,48.3238299,1.3626588,TRUE,FALSE,FALSE,FALSE,FALSE,,,,FALSE,3.8,Aire de repos.,TRUE,osm
Aire des Dix Sept Setiers,aire_repos,autoroute,,,France,48.3224673,1.3621264,TRUE,FALSE,FALSE,FALSE,FALSE,TRUE,,,FALSE,3.8,Aire de repos.,TRUE,osm
Aire de Repos Claude Idoux,aire_repos,autoroute,,,France,48.3212544,6.830834,TRUE,FALSE,FALSE,FALSE,FALSE,FALSE,,,FALSE,3.8,Aire de repos.,TRUE,osm
Aire de repos,aire_repos,autoroute,,,France,48.3204662,6.7607798,TRUE,FALSE,FALSE,FALSE,FALSE,FALSE,,,FALSE,3.8,Aire de repos.,TRUE,osm
Aire de repos,aire_repos,autoroute,,,France,48.3195674,-2.1209438,TRUE,FALSE,FALSE,FALSE,FALSE,,,,FALSE,3.8,Aire de repos.,TRUE,osm
Aire de la Lande,aire_repos,autoroute,,,France,48.3179172,-1.3319488,TRUE,FALSE,FALSE,FALSE,FALSE,TRUE,,,FALSE,3.8,Aire de repos.,TRUE,osm
Aire de la Chaine,aire_repos,autoroute,,,France,48.3175096,-1.3290748,TRUE,FALSE,FALSE,FALSE,FALSE,TRUE,,,FALSE,3.8,Aire de repos.,TRUE,osm
Aire de repos,aire_repos,autoroute,,,France,48.314652,5.6677998,TRUE,FALSE,FALSE,FALSE,FALSE,,,,FALSE,3.8,Aire de repos.,TRUE,osm
Aire de Villiers,aire_repos,autoroute,,,France,48.3129309,2.6363272,TRUE,FALSE,FALSE,FALSE,FALSE,TRUE,,,FALSE,3.8,Aire de repos.,TRUE,osm
Aire de Montmuran,aire_repos,autoroute,,,France,48.3091116,-1.8345371,TRUE,FALSE,FALSE,FALSE,FALSE,,,,FALSE,3.8,Aire de repos.,TRUE,osm
Aire de repos,aire_repos,autoroute,,,France,48.3034958,6.0775845,TRUE,FALSE,FALSE,FALSE,FALSE,,,,FALSE,3.8,Aire de repos.,TRUE,osm
Aire de repos,aire_repos,autoroute,,,France,48.3031381,5.822661,TRUE,FALSE,FALSE,FALSE,FALSE,,,,FALSE,3.8,Aire de repos.,TRUE,osm
Aire de repos,aire_repos,autoroute,,,France,48.3000679,6.5970969,TRUE,FALSE,FALSE,FALSE,FALSE,FALSE,,,FALSE,3.8,Aire de repos.,TRUE,osm
Aire de repos,aire_repos,autoroute,,,France,48.298155,9.2404957,TRUE,FALSE,FALSE,FALSE,FALSE,FALSE,,,FALSE,3.8,Aire de repos.,TRUE,osm
Burladingen,aire_repos,autoroute,,,France,48.2928853,9.0898793,TRUE,FALSE,FALSE,FALSE,FALSE,,,,FALSE,3.8,Aire de repos.,TRUE,osm
Aire de repos,aire_repos,autoroute,,,France,48.2921852,8.3123414,TRUE,FALSE,FALSE,FALSE,FALSE,FALSE,,,FALSE,3.8,Aire de repos.,TRUE,osm
Aire de repos,aire_repos,autoroute,,,France,48.2917409,6.5847682,TRUE,FALSE,FALSE,FALSE,FALSE,,,,FALSE,3.8,Aire de repos.,TRUE,osm
Aire de Lusse - Sud,aire_repos,autoroute,,,France,48.28986,7.1092913,TRUE,FALSE,FALSE,FALSE,FALSE,,,,FALSE,3.8,Aire de repos.,TRUE,osm
Aire de repos,aire_repos,autoroute,,,France,48.2896639,2.6813821,TRUE,FALSE,FALSE,FALSE,FALSE,FALSE,,,FALSE,3.8,Aire de repos.,TRUE,osm
Aire de repos,aire_repos,autoroute,,,France,48.2866179,-4.1244871,TRUE,FALSE,FALSE,FALSE,FALSE,,,,FALSE,3.8,Aire de repos.,TRUE,osm
Aire de repos,aire_repos,autoroute,,,France,48.2851348,9.346333,TRUE,FALSE,FALSE,FALSE,FALSE,,,,FALSE,3.8,Aire de repos.,TRUE,osm
Aire de repos,aire_repos,autoroute,,,France,48.2841317,9.3040359,TRUE,FALSE,FALSE,FALSE,FALSE,FALSE,,,FALSE,3.8,Aire de repos.,TRUE,osm
Aire de la Charonnerie,aire_repos,autoroute,,,France,48.2800907,1.2161364,TRUE,FALSE,FALSE,FALSE,FALSE,,,,FALSE,3.8,Aire de repos.,TRUE,osm
Aire de repos,aire_repos,autoroute,,,France,48.2791242,8.1217083,TRUE,FALSE,FALSE,FALSE,FALSE,TRUE,,,FALSE,3.8,Aire de repos.,TRUE,osm
Aire de La Leu,aire_repos,autoroute,,,France,48.278993,1.2151319,TRUE,FALSE,FALSE,FALSE,FALSE,,,,FALSE,3.8,Aire de repos.,TRUE,osm
Aire de repos,aire_repos,autoroute,,,France,48.2739783,6.1552861,TRUE,FALSE,FALSE,FALSE,FALSE,,,,FALSE,3.8,Aire de repos.,TRUE,osm
Aire de Fontvannes,aire_repos,autoroute,,,France,48.273458,3.8690799,TRUE,FALSE,FALSE,FALSE,FALSE,TRUE,,,FALSE,3.8,Aire de repos.,TRUE,osm
Aire de repos,aire_repos,autoroute,,,France,48.272126,8.8008174,TRUE,FALSE,FALSE,FALSE,FALSE,,,,FALSE,3.8,Aire de repos.,TRUE,osm
Aire des Tomelles,aire_repos,autoroute,,,France,48.271846,3.8703058,TRUE,FALSE,FALSE,FALSE,FALSE,TRUE,,,FALSE,3.8,Aire de repos.,TRUE,osm
Aire de repos,aire_repos,autoroute,,,France,48.2714006,9.5408066,TRUE,FALSE,FALSE,FALSE,FALSE,,,,FALSE,3.8,Aire de repos.,TRUE,osm
Aire du Kemberg,aire_repos,autoroute,,,France,48.2703512,6.9443908,TRUE,FALSE,FALSE,FALSE,FALSE,,,,FALSE,3.8,Aire de repos.,TRUE,osm
Aire de repos,aire_repos,autoroute,,,France,48.2681632,4.2132433,TRUE,FALSE,FALSE,FALSE,FALSE,FALSE,,,FALSE,3.8,Aire de repos.,TRUE,osm
Aire de repos,aire_repos,autoroute,,,France,48.2679032,4.6109935,TRUE,FALSE,FALSE,FALSE,FALSE,,,,FALSE,3.8,Aire de repos.,TRUE,osm
Aire de repos,aire_repos,autoroute,,,France,48.2664695,4.2169851,TRUE,FALSE,FALSE,FALSE,FALSE,FALSE,,,FALSE,3.8,Aire de repos.,TRUE,osm
Aire de repos,aire_repos,autoroute,,,France,48.2661884,3.7638318,TRUE,FALSE,FALSE,FALSE,FALSE,FALSE,,,FALSE,3.8,Aire de repos.,TRUE,osm
Aire de repos,aire_repos,autoroute,,,France,48.2658512,3.2360154,TRUE,FALSE,FALSE,FALSE,FALSE,,,,FALSE,3.8,Aire de repos.,TRUE,osm
Aire de repos,aire_repos,autoroute,,,France,48.2647024,8.6385664,TRUE,FALSE,FALSE,FALSE,FALSE,FALSE,,,FALSE,3.8,Aire de repos.,TRUE,osm
Aire de repos,aire_repos,autoroute,,,France,48.2645043,-4.4968743,TRUE,FALSE,FALSE,FALSE,FALSE,,,,FALSE,3.8,Aire de repos.,TRUE,osm
Aire de repos,aire_repos,autoroute,,,France,48.2640757,9.498816,TRUE,FALSE,FALSE,FALSE,FALSE,,,,FALSE,3.8,Aire de repos.,TRUE,osm
Aire de repos,aire_repos,autoroute,,,France,48.263997,0.4467105,TRUE,FALSE,FALSE,FALSE,FALSE,,,,FALSE,3.8,Aire de repos.,TRUE,osm
Aire des Trois Fauteuils,aire_repos,autoroute,,,France,48.2639419,6.9466048,TRUE,FALSE,FALSE,FALSE,FALSE,FALSE,,,FALSE,3.8,Aire de repos.,TRUE,osm
Aire de repos,aire_repos,autoroute,,,France,48.2639345,-3.6052252,TRUE,FALSE,FALSE,FALSE,FALSE,FALSE,,,FALSE,3.8,Aire de repos.,TRUE,osm
Aire de repos,aire_repos,autoroute,,,France,48.2617368,3.2371963,TRUE,FALSE,FALSE,FALSE,FALSE,FALSE,,,FALSE,3.8,Aire de repos.,TRUE,osm
Aire de repos,aire_repos,autoroute,,,France,48.2617143,5.3531291,TRUE,FALSE,FALSE,FALSE,FALSE,FALSE,,,FALSE,3.8,Aire de repos.,TRUE,osm
Aire de repos,aire_repos,autoroute,,,France,48.26141,8.1027673,TRUE,FALSE,FALSE,FALSE,FALSE,FALSE,,,FALSE,3.8,Aire de repos.,TRUE,osm
Aire de repos,aire_repos,autoroute,,,France,48.2602753,9.5354502,TRUE,FALSE,FALSE,FALSE,FALSE,,,,FALSE,3.8,Aire de repos.,TRUE,osm
Aire de repos,aire_repos,autoroute,,,France,48.259253,-0.9083435,TRUE,FALSE,FALSE,FALSE,FALSE,FALSE,,,FALSE,3.8,Aire de repos.,TRUE,osm
Aire de repos,aire_repos,autoroute,,,France,48.2568075,5.3634162,TRUE,FALSE,FALSE,FALSE,FALSE,FALSE,,,FALSE,3.8,Aire de repos.,TRUE,osm
Aire de Montaphilant,aire_repos,autoroute,,,France,48.2549779,3.3371306,TRUE,FALSE,FALSE,FALSE,FALSE,TRUE,,,FALSE,3.8,Aire de repos.,TRUE,osm
Wanderparkplatz,aire_repos,autoroute,,,France,48.2540542,9.2309665,TRUE,FALSE,FALSE,FALSE,FALSE,,,,FALSE,3.8,Aire de repos.,TRUE,osm
Aire de repos,aire_repos,autoroute,,,France,48.2489886,6.7627146,TRUE,FALSE,FALSE,FALSE,FALSE,FALSE,,,FALSE,3.8,Aire de repos.,TRUE,osm
Aire de repos,aire_repos,autoroute,,,France,48.247391,-4.4027831,TRUE,FALSE,FALSE,FALSE,FALSE,,,,FALSE,3.8,Aire de repos.,TRUE,osm
Aire de Montard,aire_repos,autoroute,,,France,48.2463675,3.3487332,TRUE,FALSE,FALSE,FALSE,FALSE,TRUE,,,FALSE,3.8,Aire de repos.,TRUE,osm
Ruhebank,aire_repos,autoroute,,,France,48.2456968,7.3295998,TRUE,FALSE,FALSE,FALSE,FALSE,FALSE,,,FALSE,3.8,Aire de repos.,TRUE,osm
Aire de repos,aire_repos,autoroute,,,France,48.2445582,9.2279718,TRUE,FALSE,FALSE,FALSE,FALSE,,,,FALSE,3.8,Aire de repos.,TRUE,osm
Aire de La Suzannerie,aire_repos,autoroute,,,France,48.2444759,0.1656113,TRUE,FALSE,FALSE,FALSE,FALSE,TRUE,,,FALSE,3.8,Aire de repos.,TRUE,osm
Aire de Repos des Chevries,aire_repos,autoroute,,,France,48.2442456,-0.6427683,TRUE,FALSE,FALSE,FALSE,TRUE,TRUE,,,FALSE,3.8,Aire de repos.,TRUE,osm
Aire de repos,aire_repos,autoroute,,,France,48.2431944,8.6482896,TRUE,FALSE,FALSE,FALSE,FALSE,FALSE,,,FALSE,3.8,Aire de repos.,TRUE,osm
Aire de repos,aire_repos,autoroute,,,France,48.2427132,9.2975933,TRUE,FALSE,FALSE,FALSE,FALSE,FALSE,,,FALSE,3.8,Aire de repos.,TRUE,osm
Joël Boisgard,aire_repos,autoroute,,,France,48.2420446,0.1640854,TRUE,FALSE,FALSE,FALSE,FALSE,TRUE,,,FALSE,3.8,Aire de repos.,TRUE,osm
Aire de Pont-de-Buis,aire_repos,autoroute,,,France,48.2391607,-4.1053045,TRUE,FALSE,FALSE,FALSE,FALSE,TRUE,,,FALSE,3.8,Aire de repos.,TRUE,osm
Aire de repos,aire_repos,autoroute,,,France,48.2350304,5.7563209,TRUE,FALSE,FALSE,FALSE,FALSE,FALSE,,,FALSE,3.8,Aire de repos.,TRUE,osm
Aire de Saint-Pouange,aire_repos,autoroute,,,France,48.2333589,4.0369958,TRUE,FALSE,FALSE,FALSE,FALSE,TRUE,,,FALSE,3.8,Aire de repos.,TRUE,osm
Aire de la Coloterie,aire_repos,autoroute,,,France,48.2324196,4.0529312,TRUE,FALSE,FALSE,FALSE,FALSE,TRUE,,,FALSE,3.8,Aire de repos.,TRUE,osm
Aire de repos,aire_repos,autoroute,,,France,48.2315482,9.4517063,TRUE,FALSE,FALSE,FALSE,FALSE,FALSE,,,FALSE,3.8,Aire de repos.,TRUE,osm
Aire de repos,aire_repos,autoroute,,,France,48.2290772,8.5666819,TRUE,FALSE,FALSE,FALSE,FALSE,,,,FALSE,3.8,Aire de repos.,TRUE,osm
Aire de repos,aire_repos,autoroute,,,France,48.2265477,9.2283335,TRUE,FALSE,FALSE,FALSE,FALSE,,,,FALSE,3.8,Aire de repos.,TRUE,osm
Aire de repos,aire_repos,autoroute,,,France,48.2187114,7.2715752,TRUE,FALSE,FALSE,FALSE,FALSE,,,,FALSE,3.8,Aire de repos.,TRUE,osm
Aire de repos,aire_repos,autoroute,,,France,48.216563,8.9713803,TRUE,FALSE,FALSE,FALSE,FALSE,,,,FALSE,3.8,Aire de repos.,TRUE,osm
Aire des Charmes,aire_repos,autoroute,,,France,48.2141649,0.9417612,TRUE,FALSE,FALSE,FALSE,FALSE,TRUE,,,FALSE,3.8,Aire de repos.,TRUE,osm
Aire de repos,aire_repos,autoroute,,,France,48.2139384,8.945839,TRUE,FALSE,FALSE,FALSE,FALSE,,,,FALSE,3.8,Aire de repos.,TRUE,osm
Aire de repos,aire_repos,autoroute,,,France,48.2128642,8.607439,TRUE,FALSE,FALSE,FALSE,FALSE,,,,FALSE,3.8,Aire de repos.,TRUE,osm
Aire de la Petite Jardinière,aire_repos,autoroute,,,France,48.2125644,0.9412917,TRUE,FALSE,FALSE,FALSE,FALSE,TRUE,,,FALSE,3.8,Aire de repos.,TRUE,osm
Aire des Neufs Lieux,aire_repos,autoroute,,,France,48.2117113,6.457429,TRUE,FALSE,FALSE,FALSE,FALSE,,,,FALSE,3.8,Aire de repos.,TRUE,osm
Aire de repos,aire_repos,autoroute,,,France,48.2108606,6.1770416,TRUE,FALSE,FALSE,FALSE,FALSE,FALSE,,,FALSE,3.8,Aire de repos.,TRUE,osm
Aire de repos,aire_repos,autoroute,,,France,48.2102922,3.4784912,TRUE,FALSE,FALSE,FALSE,FALSE,,,,FALSE,3.8,Aire de repos.,TRUE,osm
Aire de repos,aire_repos,autoroute,,,France,48.2073872,-0.3667118,TRUE,FALSE,FALSE,FALSE,FALSE,FALSE,,,FALSE,3.8,Aire de repos.,TRUE,osm
Aire de repos,aire_repos,autoroute,,,France,48.2058479,8.772526,TRUE,FALSE,FALSE,FALSE,FALSE,,,,FALSE,3.8,Aire de repos.,TRUE,osm
Aire de Chigy,aire_repos,autoroute,,,France,48.203849,3.4697002,TRUE,FALSE,FALSE,FALSE,FALSE,TRUE,,,FALSE,3.8,Aire de repos.,TRUE,osm
Aire de repos,aire_repos,autoroute,,,France,48.2028953,8.9613864,TRUE,FALSE,FALSE,FALSE,FALSE,,,,FALSE,3.8,Aire de repos.,TRUE,osm
Aire de repos,aire_repos,autoroute,,,France,48.2025208,8.1187785,TRUE,FALSE,FALSE,FALSE,FALSE,,,,FALSE,3.8,Aire de repos.,TRUE,osm
Aire de repos,aire_repos,autoroute,,,France,48.1995357,8.9954081,TRUE,FALSE,FALSE,FALSE,FALSE,FALSE,,,FALSE,3.8,Aire de repos.,TRUE,osm
Aire de repos,aire_repos,autoroute,,,France,48.1979231,-3.5014952,TRUE,FALSE,FALSE,FALSE,FALSE,,,,FALSE,3.8,Aire de repos.,TRUE,osm
Aire de repos,aire_repos,autoroute,,,France,48.1942885,3.4542341,TRUE,FALSE,FALSE,FALSE,FALSE,,,,FALSE,3.8,Aire de repos.,TRUE,osm
Aire de repos,aire_repos,autoroute,,,France,48.1933634,9.0735832,TRUE,FALSE,FALSE,FALSE,FALSE,,,,FALSE,3.8,Aire de repos.,TRUE,osm
Aire de repos,aire_repos,autoroute,,,France,48.1913054,8.6028756,TRUE,FALSE,FALSE,FALSE,FALSE,FALSE,,,FALSE,3.8,Aire de repos.,TRUE,osm
Aire de repos,aire_repos,autoroute,,,France,48.1907493,8.5454375,TRUE,FALSE,FALSE,FALSE,FALSE,,,,FALSE,3.8,Aire de repos.,TRUE,osm
Aire de repos,aire_repos,autoroute,,,France,48.1897658,9.4870484,TRUE,FALSE,FALSE,FALSE,FALSE,FALSE,,,FALSE,3.8,Aire de repos.,TRUE,osm
Aire de Floée,aire_repos,autoroute,,,France,48.1866327,2.8267244,TRUE,FALSE,FALSE,FALSE,FALSE,TRUE,,,FALSE,3.8,Aire de repos.,TRUE,osm
Aire de repos,aire_repos,autoroute,,,France,48.1866105,8.7563093,TRUE,FALSE,FALSE,FALSE,FALSE,FALSE,,,FALSE,3.8,Aire de repos.,TRUE,osm
Aire de Sonville,aire_repos,autoroute,,,France,48.1864403,2.8253941,TRUE,FALSE,FALSE,FALSE,FALSE,TRUE,,,FALSE,3.8,Aire de repos.,TRUE,osm
Aire de repos,aire_repos,autoroute,,,France,48.184016,4.0079524,TRUE,FALSE,FALSE,FALSE,FALSE,,,,FALSE,3.8,Aire de repos.,TRUE,osm
Aire de repos,aire_repos,autoroute,,,France,48.1812967,8.6567213,TRUE,FALSE,FALSE,FALSE,FALSE,FALSE,,,FALSE,3.8,Aire de repos.,TRUE,osm
Aire de Théligny,aire_repos,autoroute,,,France,48.1812929,0.7849837,TRUE,FALSE,FALSE,FALSE,FALSE,TRUE,,,FALSE,3.8,Aire de repos.,TRUE,osm
Aire de Montmirail,aire_repos,autoroute,,,France,48.1780566,0.7767616,TRUE,FALSE,FALSE,FALSE,FALSE,TRUE,,,FALSE,3.8,Aire de repos.,TRUE,osm
Aire du Val-de-Loing,aire_repos,autoroute,,,France,48.1775514,2.7676481,TRUE,FALSE,FALSE,FALSE,FALSE,TRUE,,,FALSE,3.8,Aire de repos.,TRUE,osm
Aire de repos,aire_repos,autoroute,,,France,48.1753481,3.4057023,TRUE,FALSE,FALSE,FALSE,FALSE,FALSE,,,FALSE,3.8,Aire de repos.,TRUE,osm
Aire du Val-de-Loing,aire_repos,autoroute,,,France,48.1746721,2.7663301,TRUE,FALSE,FALSE,FALSE,FALSE,,,,FALSE,3.8,Aire de repos.,TRUE,osm
Aire de repos,aire_repos,autoroute,,,France,48.1738943,8.5488522,TRUE,FALSE,FALSE,FALSE,FALSE,,,,FALSE,3.8,Aire de repos.,TRUE,osm
Aire de repos,aire_repos,autoroute,,,France,48.1720462,2.736272,TRUE,FALSE,FALSE,FALSE,FALSE,,,,FALSE,3.8,Aire de repos.,TRUE,osm
Aire de repos,aire_repos,autoroute,,,France,48.1714628,9.1669992,TRUE,FALSE,FALSE,FALSE,FALSE,,,,FALSE,3.8,Aire de repos.,TRUE,osm
Aire de repos,aire_repos,autoroute,,,France,48.1713789,8.506432,TRUE,FALSE,FALSE,FALSE,FALSE,,,,FALSE,3.8,Aire de repos.,TRUE,osm
Aire de repos,aire_repos,autoroute,,,France,48.1637288,3.3008846,TRUE,FALSE,FALSE,FALSE,FALSE,FALSE,,,FALSE,3.8,Aire de repos.,TRUE,osm
Aire de repos,aire_repos,autoroute,,,France,48.1635615,6.4683244,TRUE,FALSE,FALSE,FALSE,FALSE,,,,FALSE,3.8,Aire de repos.,TRUE,osm
Aire de repos,aire_repos,autoroute,,,France,48.1608452,0.4046038,TRUE,FALSE,FALSE,FALSE,FALSE,,,,FALSE,3.8,Aire de repos.,TRUE,osm
Aire d’Égreville,aire_repos,autoroute,,,France,48.160074,2.8827181,TRUE,FALSE,FALSE,FALSE,FALSE,TRUE,,,FALSE,3.8,Aire de repos.,TRUE,osm
Aire de repos,aire_repos,autoroute,,,France,48.1599276,6.9198574,TRUE,FALSE,FALSE,FALSE,FALSE,FALSE,,,FALSE,3.8,Aire de repos.,TRUE,osm
Aire du Liard,aire_repos,autoroute,,,France,48.159724,2.8822101,TRUE,FALSE,FALSE,FALSE,FALSE,TRUE,,,FALSE,3.8,Aire de repos.,TRUE,osm
Aire de repos,aire_repos,autoroute,,,France,48.1585533,8.5654414,TRUE,FALSE,FALSE,FALSE,FALSE,,,,FALSE,3.8,Aire de repos.,TRUE,osm
Aire de repos,aire_repos,autoroute,,,France,48.1570641,9.1420763,TRUE,FALSE,FALSE,FALSE,FALSE,,,,FALSE,3.8,Aire de repos.,TRUE,osm
Aire de repos,aire_repos,autoroute,,,France,48.1551224,6.5500563,TRUE,FALSE,FALSE,FALSE,FALSE,FALSE,,,FALSE,3.8,Aire de repos.,TRUE,osm
Aire de repos,aire_repos,autoroute,,,France,48.1517892,7.5950262,TRUE,FALSE,FALSE,FALSE,FALSE,FALSE,,,FALSE,3.8,Aire de repos.,TRUE,osm
Aire de repos,aire_repos,autoroute,,,France,48.1516762,7.594601,TRUE,FALSE,FALSE,FALSE,FALSE,FALSE,,,FALSE,3.8,Aire de repos.,TRUE,osm
Aire de repos,aire_repos,autoroute,,,France,48.1498845,8.615345,TRUE,FALSE,FALSE,FALSE,FALSE,,,,FALSE,3.8,Aire de repos.,TRUE,osm
Aire de repos,aire_repos,autoroute,,,France,48.1486683,6.4969401,TRUE,FALSE,FALSE,FALSE,FALSE,,,,FALSE,3.8,Aire de repos.,TRUE,osm
Aire de repos,aire_repos,autoroute,,,France,48.1473356,9.5320807,TRUE,FALSE,FALSE,FALSE,FALSE,FALSE,,,FALSE,3.8,Aire de repos.,TRUE,osm
Aire du Grand Repenti,aire_repos,autoroute,,,France,48.1473331,5.6877076,TRUE,FALSE,FALSE,FALSE,FALSE,TRUE,,,FALSE,3.8,Aire de repos.,TRUE,osm
Aire du Bois de Chaumont,aire_repos,autoroute,,,France,48.1471018,5.6896792,TRUE,FALSE,FALSE,FALSE,FALSE,,,,FALSE,3.8,Aire de repos.,TRUE,osm
Aire de repos,aire_repos,autoroute,,,France,48.1460213,-0.0565158,TRUE,FALSE,FALSE,FALSE,FALSE,FALSE,,,FALSE,3.8,Aire de repos.,TRUE,osm
Aire de repos,aire_repos,autoroute,,,France,48.1452505,8.7460613,TRUE,FALSE,FALSE,FALSE,FALSE,,,,FALSE,3.8,Aire de repos.,TRUE,osm
Aire de repos,aire_repos,autoroute,,,France,48.1443663,6.9178416,TRUE,FALSE,FALSE,FALSE,FALSE,FALSE,,,FALSE,3.8,Aire de repos.,TRUE,osm
Aire de repos,aire_repos,autoroute,,,France,48.1433046,7.7231978,TRUE,FALSE,FALSE,FALSE,FALSE,,,,FALSE,3.8,Aire de repos.,TRUE,osm
Aire de repos,aire_repos,autoroute,,,France,48.1425149,8.951992,TRUE,FALSE,FALSE,FALSE,FALSE,,,,FALSE,3.8,Aire de repos.,TRUE,osm
Eschachtal West,aire_repos,autoroute,,,France,48.1422085,8.5697854,TRUE,FALSE,FALSE,FALSE,FALSE,TRUE,,,FALSE,3.8,Aire de repos.,TRUE,osm
Eschachtal Ost,aire_repos,autoroute,,,France,48.141773,8.5716659,TRUE,FALSE,FALSE,FALSE,FALSE,TRUE,,,FALSE,3.8,Aire de repos.,TRUE,osm
Aire de repos,aire_repos,autoroute,,,France,48.1398614,7.9034784,TRUE,FALSE,FALSE,FALSE,FALSE,,,,FALSE,3.8,Aire de repos.,TRUE,osm
Aire de repos,aire_repos,autoroute,,,France,48.1390722,3.3024417,TRUE,FALSE,FALSE,FALSE,FALSE,FALSE,,,FALSE,3.8,Aire de repos.,TRUE,osm
Aire de repos,aire_repos,autoroute,,,France,48.1390081,9.5729663,TRUE,FALSE,FALSE,FALSE,FALSE,FALSE,,,FALSE,3.8,Aire de repos.,TRUE,osm
Aire de repos,aire_repos,autoroute,,,France,48.1382281,9.5525187,TRUE,FALSE,FALSE,FALSE,FALSE,FALSE,,,FALSE,3.8,Aire de repos.,TRUE,osm
Aire de repos,aire_repos,autoroute,,,France,48.1374987,8.8303304,TRUE,FALSE,FALSE,FALSE,FALSE,FALSE,,,FALSE,3.8,Aire de repos.,TRUE,osm
Aire du Pont Rouge,aire_repos,autoroute,,,France,48.1372681,-2.7944298,TRUE,FALSE,FALSE,FALSE,FALSE,,,,FALSE,3.8,Aire de repos.,TRUE,osm
Aire du Hêtre Pourpre,aire_repos,autoroute,,,France,48.1366427,2.7258823,TRUE,FALSE,FALSE,FALSE,FALSE,TRUE,,,FALSE,3.8,Aire de repos.,TRUE,osm
Aire de repos,aire_repos,autoroute,,,France,48.1365719,7.282091,TRUE,FALSE,FALSE,FALSE,FALSE,FALSE,,,FALSE,3.8,Aire de repos.,TRUE,osm
Aire de Champignol,aire_repos,autoroute,,,France,48.1351425,4.6509097,TRUE,FALSE,FALSE,FALSE,FALSE,TRUE,,,FALSE,3.8,Aire de repos.,TRUE,osm
Aire de Mondeville,aire_repos,autoroute,,,France,48.1340795,4.6506619,TRUE,FALSE,FALSE,FALSE,FALSE,TRUE,,,FALSE,3.8,Aire de repos.,TRUE,osm
Aire de repos,aire_repos,autoroute,,,France,48.1330035,7.7781973,TRUE,FALSE,FALSE,FALSE,FALSE,,,,FALSE,3.8,Aire de repos.,TRUE,osm
Aire du Sophora,aire_repos,autoroute,,,France,48.1299822,2.7162238,TRUE,FALSE,FALSE,FALSE,FALSE,,,,FALSE,3.8,Aire de repos.,TRUE,osm
Aire de repos,aire_repos,autoroute,,,France,48.126517,2.7638546,TRUE,FALSE,FALSE,FALSE,FALSE,FALSE,,,FALSE,3.8,Aire de repos.,TRUE,osm
Aire de repos,aire_repos,autoroute,,,France,48.1247162,8.7484833,TRUE,FALSE,FALSE,FALSE,FALSE,FALSE,,,FALSE,3.8,Aire de repos.,TRUE,osm
Aire de repos,aire_repos,autoroute,,,France,48.1230858,8.7409805,TRUE,FALSE,FALSE,FALSE,FALSE,FALSE,,,FALSE,3.8,Aire de repos.,TRUE,osm
Aire de Villaines-la-Gonais,aire_repos,autoroute,,,France,48.122273,0.604478,TRUE,FALSE,FALSE,FALSE,FALSE,,,,FALSE,3.8,Aire de repos.,TRUE,osm
Aire de repos,aire_repos,autoroute,,,France,48.1211547,2.7655015,TRUE,FALSE,FALSE,FALSE,FALSE,FALSE,,,FALSE,3.8,Aire de repos.,TRUE,osm
Aire de repos,aire_repos,autoroute,,,France,48.1211297,7.7849088,TRUE,FALSE,FALSE,FALSE,FALSE,FALSE,,,FALSE,3.8,Aire de repos.,TRUE,osm
Aire de repos,aire_repos,autoroute,,,France,48.1178359,6.26709,TRUE,FALSE,FALSE,FALSE,FALSE,,,,FALSE,3.8,Aire de repos.,TRUE,osm
Aire de repos,aire_repos,autoroute,,,France,48.1167991,6.6801213,TRUE,FALSE,FALSE,FALSE,FALSE,,,,FALSE,3.8,Aire de repos.,TRUE,osm
Aire du Château de Ricoudet,aire_repos,autoroute,,,France,48.1152824,-0.784624,TRUE,FALSE,FALSE,FALSE,FALSE,,,,FALSE,3.8,Aire de repos.,TRUE,osm
Aire de repos,aire_repos,autoroute,,,France,48.1116202,8.8687804,TRUE,FALSE,FALSE,FALSE,FALSE,FALSE,,,FALSE,3.8,Aire de repos.,TRUE,osm
Aire du Héron Cendré,aire_repos,autoroute,,,France,48.1091107,1.8490928,TRUE,FALSE,FALSE,FALSE,FALSE,,,,FALSE,3.8,Aire de repos.,TRUE,osm
Aire de repos,aire_repos,autoroute,,,France,48.1089186,8.8918944,TRUE,FALSE,FALSE,FALSE,FALSE,FALSE,,,FALSE,3.8,Aire de repos.,TRUE,osm
Aire de la Dauneuse,aire_repos,autoroute,,,France,48.1083134,1.8527634,TRUE,FALSE,FALSE,FALSE,FALSE,TRUE,,,FALSE,3.8,Aire de repos.,TRUE,osm
Aire du Parc Thierry,aire_repos,autoroute,,,France,48.1060843,3.0161749,TRUE,FALSE,FALSE,FALSE,FALSE,TRUE,,,FALSE,3.8,Aire de repos.,TRUE,osm
Aire de repos,aire_repos,autoroute,,,France,48.1058989,6.907151,TRUE,FALSE,FALSE,FALSE,FALSE,FALSE,,,FALSE,3.8,Aire de repos.,TRUE,osm
Aire de la Roche,aire_repos,autoroute,,,France,48.1054929,3.0190863,TRUE,FALSE,FALSE,FALSE,FALSE,TRUE,,,FALSE,3.8,Aire de repos.,TRUE,osm
Aire de repos,aire_repos,autoroute,,,France,48.1053751,8.2754061,TRUE,FALSE,FALSE,FALSE,FALSE,,,,FALSE,3.8,Aire de repos.,TRUE,osm
Aire de repos,aire_repos,autoroute,,,France,48.1029884,6.702041,TRUE,FALSE,FALSE,FALSE,FALSE,FALSE,,,FALSE,3.8,Aire de repos.,TRUE,osm
Aire de repos,aire_repos,autoroute,,,France,48.0990758,3.2897345,TRUE,FALSE,FALSE,FALSE,FALSE,FALSE,,,FALSE,3.8,Aire de repos.,TRUE,osm
Aire de Teillay,aire_repos,autoroute,,,France,48.0961364,2.07245,TRUE,FALSE,FALSE,FALSE,FALSE,,,,FALSE,3.8,Aire de repos.,TRUE,osm
Aire de Mauregard,aire_repos,autoroute,,,France,48.0956647,2.0716051,TRUE,FALSE,FALSE,FALSE,FALSE,,,,FALSE,3.8,Aire de repos.,TRUE,osm
Aire de repos,aire_repos,autoroute,,,France,48.0938106,7.7951757,TRUE,FALSE,FALSE,FALSE,FALSE,,,,FALSE,3.8,Aire de repos.,TRUE,osm
Aire de repos,aire_repos,autoroute,,,France,48.0842006,6.3013404,TRUE,FALSE,FALSE,FALSE,FALSE,,,,FALSE,3.8,Aire de repos.,TRUE,osm
Aire du Loiret,aire_repos,autoroute,,,France,48.0840782,2.4712881,TRUE,FALSE,FALSE,FALSE,FALSE,,,,FALSE,3.8,Aire de repos.,TRUE,osm
Aire de repos,aire_repos,autoroute,,,France,48.0815242,8.2064414,TRUE,FALSE,FALSE,FALSE,FALSE,,,,FALSE,3.8,Aire de repos.,TRUE,osm
Aire de repos,aire_repos,autoroute,,,France,48.0806093,-3.2206777,TRUE,FALSE,FALSE,FALSE,FALSE,FALSE,,,FALSE,3.8,Aire de repos.,TRUE,osm
Aire de repos,aire_repos,autoroute,,,France,48.0803877,7.3745243,TRUE,FALSE,FALSE,FALSE,FALSE,,,,FALSE,3.8,Aire de repos.,TRUE,osm
Aire de repos,aire_repos,autoroute,,,France,48.0786455,-2.9522393,TRUE,FALSE,FALSE,FALSE,FALSE,,,,FALSE,3.8,Aire de repos.,TRUE,osm
Aire de repos,aire_repos,autoroute,,,France,48.0775575,8.3727555,TRUE,FALSE,FALSE,FALSE,FALSE,,,,FALSE,3.8,Aire de repos.,TRUE,osm
Aire de la Paplonnière,aire_repos,autoroute,,,France,48.0765333,-0.9220355,TRUE,FALSE,FALSE,FALSE,FALSE,TRUE,,,FALSE,3.8,Aire de repos.,TRUE,osm
Aire de repos,aire_repos,autoroute,,,France,48.0759822,8.3779389,TRUE,FALSE,FALSE,FALSE,FALSE,,,,FALSE,3.8,Aire de repos.,TRUE,osm
Aire de la Sorinière,aire_repos,autoroute,,,France,48.0754576,-0.9238849,TRUE,FALSE,FALSE,FALSE,FALSE,,,,FALSE,3.8,Aire de repos.,TRUE,osm
Aire de repos,aire_repos,autoroute,,,France,48.0752075,6.8090649,TRUE,FALSE,FALSE,FALSE,FALSE,,,,FALSE,3.8,Aire de repos.,TRUE,osm
Aire de Parnouette,aire_repos,autoroute,,,France,48.075174,0.4507586,TRUE,FALSE,FALSE,FALSE,FALSE,TRUE,,,FALSE,3.8,Aire de repos.,TRUE,osm
Aire de la Charpenterie,aire_repos,autoroute,,,France,48.0740828,0.4514727,TRUE,FALSE,FALSE,FALSE,FALSE,TRUE,,,FALSE,3.8,Aire de repos.,TRUE,osm
Aire de repos,aire_repos,autoroute,,,France,48.0732873,9.0099942,TRUE,FALSE,FALSE,FALSE,FALSE,,,,FALSE,3.8,Aire de repos.,TRUE,osm
Aire de repos,aire_repos,autoroute,,,France,48.0731662,8.6027079,TRUE,FALSE,FALSE,FALSE,FALSE,FALSE,,,FALSE,3.8,Aire de repos.,TRUE,osm
Aire de repos,aire_repos,autoroute,,,France,48.0705492,8.6067984,TRUE,FALSE,FALSE,FALSE,FALSE,FALSE,,,FALSE,3.8,Aire de repos.,TRUE,osm
Aire de repos,aire_repos,autoroute,,,France,48.0676124,8.8555209,TRUE,FALSE,FALSE,FALSE,FALSE,,,,FALSE,3.8,Aire de repos.,TRUE,osm
Aire de repos,aire_repos,autoroute,,,France,48.0657375,9.1578756,TRUE,FALSE,FALSE,FALSE,FALSE,FALSE,,,FALSE,3.8,Aire de repos.,TRUE,osm
Aire de repos,aire_repos,autoroute,,,France,48.0641575,8.6408865,TRUE,FALSE,FALSE,FALSE,FALSE,,,,FALSE,3.8,Aire de repos.,TRUE,osm
Aire de repos,aire_repos,autoroute,,,France,48.0622482,9.0380031,TRUE,FALSE,FALSE,FALSE,FALSE,FALSE,,,FALSE,3.8,Aire de repos.,TRUE,osm
Aire de repos,aire_repos,autoroute,,,France,48.0611447,8.9541202,TRUE,FALSE,FALSE,FALSE,FALSE,,,,FALSE,3.8,Aire de repos.,TRUE,osm
Aire de repos,aire_repos,autoroute,,,France,48.0603887,6.5657024,TRUE,FALSE,FALSE,FALSE,FALSE,,,,FALSE,3.8,Aire de repos.,TRUE,osm
Aire de Villeray,aire_repos,autoroute,,,France,48.0595099,-0.502145,TRUE,FALSE,FALSE,FALSE,FALSE,TRUE,,,FALSE,3.8,Aire de repos.,TRUE,osm
Aire de la Vallée du Loing,aire_repos,autoroute,,,France,48.058285,2.7334476,TRUE,FALSE,FALSE,FALSE,FALSE,TRUE,,,FALSE,3.8,Aire de repos.,TRUE,osm
Aire de Loriolet,aire_repos,autoroute,,,France,48.0582639,-0.5026145,TRUE,FALSE,FALSE,FALSE,FALSE,,,,FALSE,3.8,Aire de repos.,TRUE,osm
Aire de Cepoy,aire_repos,autoroute,,,France,48.0570659,2.7319881,TRUE,FALSE,FALSE,FALSE,FALSE,TRUE,,,FALSE,3.8,Aire de repos.,TRUE,osm
Aire du Hil,aire_repos,autoroute,,,France,48.0562865,-1.6795427,TRUE,FALSE,FALSE,FALSE,FALSE,,,,FALSE,3.8,Aire de repos.,TRUE,osm
Aire des Haras de Maulepaire,aire_repos,autoroute,,,France,48.0537723,0.3300566,TRUE,FALSE,FALSE,FALSE,FALSE,TRUE,,,FALSE,3.8,Aire de repos.,TRUE,osm
Aire de repos,aire_repos,autoroute,,,France,48.0532895,3.7994372,TRUE,FALSE,FALSE,FALSE,FALSE,FALSE,,,FALSE,3.8,Aire de repos.,TRUE,osm
Aire de la Martinière,aire_repos,autoroute,,,France,48.0529746,0.3297065,TRUE,FALSE,FALSE,FALSE,FALSE,TRUE,,,FALSE,3.8,Aire de repos.,TRUE,osm
Aire Le Mans Nord,aire_repos,autoroute,,,France,48.0513162,0.1742101,TRUE,FALSE,FALSE,FALSE,FALSE,,,,FALSE,3.8,Aire de repos.,TRUE,osm
Aire de repos,aire_repos,autoroute,,,France,48.0488399,8.9277542,TRUE,FALSE,FALSE,FALSE,FALSE,,,,FALSE,3.8,Aire de repos.,TRUE,osm
Aire de repos,aire_repos,autoroute,,,France,48.0480278,7.1848012,TRUE,FALSE,FALSE,FALSE,FALSE,,,,FALSE,3.8,Aire de repos.,TRUE,osm
Aire de repos,aire_repos,autoroute,,,France,48.0460425,-2.404827,TRUE,FALSE,FALSE,FALSE,FALSE,,,,FALSE,3.8,Aire de repos.,TRUE,osm
Aire de repos,aire_repos,autoroute,,,France,48.0435937,8.892674,TRUE,FALSE,FALSE,FALSE,FALSE,FALSE,,,FALSE,3.8,Aire de repos.,TRUE,osm
Aire de repos,aire_repos,autoroute,,,France,48.0424364,8.48859,TRUE,FALSE,FALSE,FALSE,FALSE,,,,FALSE,3.8,Aire de repos.,TRUE,osm
Aire de la Landrière,aire_repos,autoroute,,,France,48.0420562,0.0780254,TRUE,FALSE,FALSE,FALSE,FALSE,TRUE,,,FALSE,3.8,Aire de repos.,TRUE,osm
Aire de la Chevallerie,aire_repos,autoroute,,,France,48.0409588,0.0781681,TRUE,FALSE,FALSE,FALSE,FALSE,TRUE,,,FALSE,3.8,Aire de repos.,TRUE,osm
Aire de Chantecoq,aire_repos,autoroute,,,France,48.0390836,2.950875,TRUE,FALSE,FALSE,FALSE,FALSE,TRUE,,,FALSE,3.8,Aire de repos.,TRUE,osm
Aire Philippe Rossi,aire_repos,autoroute,,,France,48.0389724,2.9491045,TRUE,FALSE,FALSE,FALSE,FALSE,TRUE,,,FALSE,3.8,Aire de repos.,TRUE,osm
Aire de repos,aire_repos,autoroute,,,France,48.0384536,8.1846451,TRUE,FALSE,FALSE,FALSE,FALSE,FALSE,,,FALSE,3.8,Aire de repos.,TRUE,osm
Aire de Ranfaing,aire_repos,autoroute,,,France,48.0383909,6.5830826,TRUE,FALSE,FALSE,FALSE,FALSE,,,,FALSE,3.8,Aire de repos.,TRUE,osm
Aire de repos,aire_repos,autoroute,,,France,48.0376579,-4.7181175,TRUE,FALSE,FALSE,FALSE,FALSE,,,,FALSE,3.8,Aire de repos.,TRUE,osm
Aire de repos,aire_repos,autoroute,,,France,48.035289,6.4149454,TRUE,FALSE,FALSE,FALSE,FALSE,,,,FALSE,3.8,Aire de repos.,TRUE,osm
Aire de repos,aire_repos,autoroute,,,France,48.0335078,-0.3550378,TRUE,FALSE,FALSE,FALSE,FALSE,TRUE,,,FALSE,3.8,Aire de repos.,TRUE,osm
Aire de repos,aire_repos,autoroute,,,France,48.0333128,3.7748979,TRUE,FALSE,FALSE,FALSE,FALSE,,,,FALSE,3.8,Aire de repos.,TRUE,osm
Aire de repos,aire_repos,autoroute,,,France,48.0329556,3.3240965,TRUE,FALSE,FALSE,FALSE,FALSE,FALSE,,,FALSE,3.8,Aire de repos.,TRUE,osm
Aire de repos,aire_repos,autoroute,,,France,48.0318602,0.3915942,TRUE,FALSE,FALSE,FALSE,FALSE,,,,FALSE,3.8,Aire de repos.,TRUE,osm
Aire de repos,aire_repos,autoroute,,,France,48.0315325,8.748126,TRUE,FALSE,FALSE,FALSE,FALSE,,,,FALSE,3.8,Aire de repos.,TRUE,osm
Aire de repos,aire_repos,autoroute,,,France,48.0282489,8.6509395,TRUE,FALSE,FALSE,FALSE,FALSE,FALSE,,,FALSE,3.8,Aire de repos.,TRUE,osm
Aire de repos,aire_repos,autoroute,,,France,48.0281057,-3.0923907,TRUE,FALSE,FALSE,FALSE,FALSE,FALSE,,,FALSE,3.8,Aire de repos.,TRUE,osm
Aire du Fronholz,aire_repos,autoroute,,,France,48.0273138,7.3715859,TRUE,FALSE,FALSE,FALSE,FALSE,,,,FALSE,3.8,Aire de repos.,TRUE,osm
Aire de repos,aire_repos,autoroute,,,France,48.0248747,-0.2359687,TRUE,FALSE,FALSE,FALSE,FALSE,TRUE,,,FALSE,3.8,Aire de repos.,TRUE,osm
Aire de repos,aire_repos,autoroute,,,France,48.0229198,9.2649015,TRUE,FALSE,FALSE,FALSE,FALSE,,,,FALSE,3.8,Aire de repos.,TRUE,osm
Aire de Paimpont-Brocéliande,aire_repos,autoroute,,,France,48.021322,-2.0554927,TRUE,FALSE,FALSE,FALSE,FALSE,TRUE,,,FALSE,3.8,Aire de repos.,TRUE,osm
Aire de repos,aire_repos,autoroute,,,France,48.0212035,8.0802507,TRUE,FALSE,FALSE,FALSE,TRUE,FALSE,,,FALSE,3.8,Aire de repos.,TRUE,osm
Aire de repos,aire_repos,autoroute,,,France,48.0206401,8.1815185,TRUE,FALSE,FALSE,FALSE,FALSE,FALSE,,,FALSE,3.8,Aire de repos.,TRUE,osm
Aire de repos,aire_repos,autoroute,,,France,48.0197624,8.8820003,TRUE,FALSE,FALSE,FALSE,FALSE,FALSE,,,FALSE,3.8,Aire de repos.,TRUE,osm
Aire de repos,aire_repos,autoroute,,,France,48.0166761,8.5898012,TRUE,FALSE,FALSE,FALSE,FALSE,FALSE,,,FALSE,3.8,Aire de repos.,TRUE,osm
Haldenwald (Tuningen),aire_repos,autoroute,,,France,48.0158384,8.6072103,TRUE,FALSE,FALSE,FALSE,FALSE,TRUE,,,FALSE,3.8,Aire de repos.,TRUE,osm
Aire des Châtaigniers,aire_repos,autoroute,,,France,48.0154119,3.1449651,TRUE,FALSE,FALSE,FALSE,TRUE,TRUE,,,FALSE,3.8,Aire de repos.,TRUE,osm
Aire de Pruillé-le-Chétif,aire_repos,autoroute,,,France,48.0109434,0.1061109,TRUE,FALSE,FALSE,FALSE,FALSE,,,,FALSE,3.8,Aire de repos.,TRUE,osm
Aire de repos,aire_repos,autoroute,,,France,48.009486,7.529702,TRUE,FALSE,FALSE,FALSE,FALSE,,,,FALSE,3.8,Aire de repos.,TRUE,osm
Aire du Buisson,aire_repos,autoroute,,,France,48.0093418,3.7495753,TRUE,FALSE,FALSE,FALSE,FALSE,,,,FALSE,3.8,Aire de repos.,TRUE,osm
Aire de repos,aire_repos,autoroute,,,France,48.0093383,6.7155862,TRUE,FALSE,FALSE,FALSE,FALSE,,,,FALSE,3.8,Aire de repos.,TRUE,osm
Aire de repos,aire_repos,autoroute,,,France,48.0093274,3.7490907,TRUE,FALSE,FALSE,FALSE,FALSE,,,,FALSE,3.8,Aire de repos.,TRUE,osm
Aire des Gripperies,aire_repos,autoroute,,,France,48.0084736,-0.1596213,TRUE,FALSE,FALSE,FALSE,FALSE,,,,FALSE,3.8,Aire de repos.,TRUE,osm
Aire de Sainte-Appoline,aire_repos,autoroute,,,France,48.0074183,1.2693834,TRUE,FALSE,FALSE,FALSE,FALSE,TRUE,,,FALSE,3.8,Aire de repos.,TRUE,osm
Aire de la Coire,aire_repos,autoroute,,,France,48.0069346,-0.1610452,TRUE,FALSE,FALSE,FALSE,FALSE,TRUE,,,FALSE,3.8,Aire de repos.,TRUE,osm
Aire de repos,aire_repos,autoroute,,,France,48.0035079,8.2014057,TRUE,FALSE,FALSE,FALSE,FALSE,FALSE,,,FALSE,3.8,Aire de repos.,TRUE,osm
Aire de Pruillé-le-Chétif,aire_repos,autoroute,,,France,48.0029542,0.095801,TRUE,FALSE,FALSE,FALSE,FALSE,TRUE,,,FALSE,3.8,Aire de repos.,TRUE,osm
Aire de repos,aire_repos,autoroute,,,France,48.0017931,8.8448283,TRUE,FALSE,FALSE,FALSE,FALSE,FALSE,,,FALSE,3.8,Aire de repos.,TRUE,osm
Aire de repos,aire_repos,autoroute,,,France,48.0017922,8.9203562,TRUE,FALSE,FALSE,FALSE,FALSE,FALSE,,,FALSE,3.8,Aire de repos.,TRUE,osm
Aire de repos,aire_repos,autoroute,,,France,47.9991467,9.1371032,TRUE,FALSE,FALSE,FALSE,FALSE,TRUE,,,FALSE,3.8,Aire de repos.,TRUE,osm
Aire de repos,aire_repos,autoroute,,,France,47.9985401,6.8639653,TRUE,FALSE,FALSE,FALSE,FALSE,FALSE,,,FALSE,3.8,Aire de repos.,TRUE,osm
Le Parapluie,aire_repos,autoroute,,,France,47.9971963,6.2808805,TRUE,FALSE,FALSE,FALSE,FALSE,,,,FALSE,3.8,Aire de repos.,TRUE,osm
Aire de repos,aire_repos,autoroute,,,France,47.9953767,9.3035102,TRUE,FALSE,FALSE,FALSE,FALSE,FALSE,,,FALSE,3.8,Aire de repos.,TRUE,osm
Aire de repos,aire_repos,autoroute,,,France,47.9933511,8.7241919,TRUE,FALSE,FALSE,FALSE,FALSE,FALSE,,,FALSE,3.8,Aire de repos.,TRUE,osm
Aire de repos,aire_repos,autoroute,,,France,47.9902789,8.3608773,TRUE,FALSE,FALSE,FALSE,FALSE,,,,FALSE,3.8,Aire de repos.,TRUE,osm
Aire de repos,aire_repos,autoroute,,,France,47.9902419,8.7349543,TRUE,FALSE,FALSE,FALSE,FALSE,FALSE,,,FALSE,3.8,Aire de repos.,TRUE,osm
Aire de repos,aire_repos,autoroute,,,France,47.9893305,8.3776842,TRUE,FALSE,FALSE,FALSE,FALSE,FALSE,,,FALSE,3.8,Aire de repos.,TRUE,osm
Aire de repos,aire_repos,autoroute,,,France,47.9864893,3.7333184,TRUE,FALSE,FALSE,FALSE,FALSE,,,,FALSE,3.8,Aire de repos.,TRUE,osm
Aire de repos,aire_repos,autoroute,,,France,47.9838872,9.0499475,TRUE,FALSE,FALSE,FALSE,FALSE,TRUE,,,FALSE,3.8,Aire de repos.,TRUE,osm
Aire de repos de la Bourguignotte,aire_repos,autoroute,,,France,47.9833393,6.2757312,TRUE,FALSE,FALSE,FALSE,FALSE,,,,FALSE,3.8,Aire de repos.,TRUE,osm
Aire de repos,aire_repos,autoroute,,,France,47.9828856,8.52001,TRUE,FALSE,FALSE,FALSE,FALSE,FALSE,,,FALSE,3.8,Aire de repos.,TRUE,osm
Aire de repos,aire_repos,autoroute,,,France,47.982613,-0.6143816,TRUE,FALSE,FALSE,FALSE,FALSE,,,,FALSE,3.8,Aire de repos.,TRUE,osm
Aire de la Plaine,aire_repos,autoroute,,,France,47.9798878,7.3750208,TRUE,FALSE,FALSE,FALSE,FALSE,,,,FALSE,3.8,Aire de repos.,TRUE,osm
Aire de repos,aire_repos,autoroute,,,France,47.9780597,8.6841338,TRUE,FALSE,FALSE,FALSE,FALSE,FALSE,,,FALSE,3.8,Aire de repos.,TRUE,osm
Aire de repos,aire_repos,autoroute,,,France,47.9777795,9.140122,TRUE,FALSE,FALSE,FALSE,FALSE,TRUE,,,FALSE,3.8,Aire de repos.,TRUE,osm
Aire du Cèdre,aire_repos,autoroute,,,France,47.976577,2.6728713,TRUE,FALSE,FALSE,FALSE,FALSE,TRUE,,,FALSE,3.8,Aire de repos.,TRUE,osm
Aire du Liquidambar,aire_repos,autoroute,,,France,47.9765012,2.674195,TRUE,FALSE,FALSE,FALSE,FALSE,TRUE,,,FALSE,3.8,Aire de repos.,TRUE,osm
Aire de repos,aire_repos,autoroute,,,France,47.9738225,8.9891607,TRUE,FALSE,FALSE,FALSE,FALSE,,,,FALSE,3.8,Aire de repos.,TRUE,osm
Aire de repos,aire_repos,autoroute,,,France,47.9736718,8.4101271,TRUE,FALSE,FALSE,FALSE,FALSE,FALSE,,,FALSE,3.8,Aire de repos.,TRUE,osm
Aire du Breil du Coq,aire_repos,autoroute,,,France,47.9731137,-2.0965883,TRUE,FALSE,FALSE,FALSE,FALSE,TRUE,,,FALSE,3.8,Aire de repos.,TRUE,osm
Aire de repos,aire_repos,autoroute,,,France,47.9697229,3.4143153,TRUE,FALSE,FALSE,FALSE,FALSE,FALSE,,,FALSE,3.8,Aire de repos.,TRUE,osm
Aire de repos,aire_repos,autoroute,,,France,47.9696654,3.8066474,TRUE,FALSE,FALSE,FALSE,FALSE,,,,FALSE,3.8,Aire de repos.,TRUE,osm
Aire de repos,aire_repos,autoroute,,,France,47.9666223,5.1452156,TRUE,FALSE,FALSE,FALSE,FALSE,TRUE,,,FALSE,3.8,Aire de repos.,TRUE,osm
Aire de repos,aire_repos,autoroute,,,France,47.9666017,8.9541498,TRUE,FALSE,FALSE,FALSE,FALSE,,,,FALSE,3.8,Aire de repos.,TRUE,osm
Aire de repos,aire_repos,autoroute,,,France,47.9656233,0.5822219,TRUE,FALSE,FALSE,FALSE,FALSE,FALSE,,,FALSE,3.8,Aire de repos.,TRUE,osm
Aire de repos,aire_repos,autoroute,,,France,47.9651194,8.8511394,TRUE,FALSE,FALSE,FALSE,FALSE,FALSE,,,FALSE,3.8,Aire de repos.,TRUE,osm
Räthisgraben,aire_repos,autoroute,,,France,47.9648643,8.6220466,TRUE,FALSE,FALSE,FALSE,FALSE,TRUE,,,FALSE,3.8,Aire de repos.,TRUE,osm
Aire de repos,aire_repos,autoroute,,,France,47.963971,-1.2240953,TRUE,FALSE,FALSE,FALSE,FALSE,,,,FALSE,3.8,Aire de repos.,TRUE,osm
Aire du Bois-Moyen,aire_repos,autoroute,,,France,47.9637198,5.1482532,TRUE,FALSE,FALSE,FALSE,FALSE,TRUE,,,FALSE,3.8,Aire de repos.,TRUE,osm
Aire de repos,aire_repos,autoroute,,,France,47.9618272,6.8013758,TRUE,FALSE,FALSE,FALSE,FALSE,,,,FALSE,3.8,Aire de repos.,TRUE,osm
Aire du Champ à la Croix,aire_repos,autoroute,,,France,47.9600209,5.1526433,TRUE,FALSE,FALSE,FALSE,FALSE,TRUE,,,FALSE,3.8,Aire de repos.,TRUE,osm
Aire de repos,aire_repos,autoroute,,,France,47.9584478,-1.8025288,TRUE,FALSE,FALSE,FALSE,FALSE,,,,FALSE,3.8,Aire de repos.,TRUE,osm
Aire de repos,aire_repos,autoroute,,,France,47.9557788,3.4524211,TRUE,FALSE,FALSE,FALSE,FALSE,FALSE,,,FALSE,3.8,Aire de repos.,TRUE,osm
Aire de repos,aire_repos,autoroute,,,France,47.9539066,3.4568658,TRUE,FALSE,FALSE,FALSE,FALSE,FALSE,,,FALSE,3.8,Aire de repos.,TRUE,osm
Aire de repos,aire_repos,autoroute,,,France,47.9533587,3.3077377,TRUE,FALSE,FALSE,FALSE,FALSE,,,,FALSE,3.8,Aire de repos.,TRUE,osm
Aire de Bousseraucourt,aire_repos,autoroute,,,France,47.9508721,5.9229367,TRUE,FALSE,FALSE,FALSE,FALSE,,,,FALSE,3.8,Aire de repos.,TRUE,osm
Aire de repos,aire_repos,autoroute,,,France,47.948695,7.6535236,TRUE,FALSE,FALSE,FALSE,FALSE,,,,FALSE,3.8,Aire de repos.,TRUE,osm
Aire de repos,aire_repos,autoroute,,,France,47.9473827,3.8914944,TRUE,FALSE,FALSE,FALSE,FALSE,,,,FALSE,3.8,Aire de repos.,TRUE,osm
Aire des Quatre Vents,aire_repos,autoroute,,,France,47.9468342,-2.5826233,TRUE,FALSE,FALSE,FALSE,FALSE,,,,FALSE,3.8,Aire de repos.,TRUE,osm
Unterhölzer Wald,aire_repos,autoroute,,,France,47.945664,8.6187961,TRUE,FALSE,FALSE,FALSE,FALSE,TRUE,,,FALSE,3.8,Aire de repos.,TRUE,osm
Aire de repos,aire_repos,autoroute,,,France,47.9441394,9.2346427,TRUE,FALSE,FALSE,FALSE,FALSE,,,,FALSE,3.8,Aire de repos.,TRUE,osm
Aire de la Côte Robert,aire_repos,autoroute,,,France,47.9439027,5.3012042,TRUE,FALSE,FALSE,FALSE,FALSE,,,,FALSE,3.8,Aire de repos.,TRUE,osm
Aire de Val de Gris,aire_repos,autoroute,,,France,47.94329,5.3025662,TRUE,FALSE,FALSE,FALSE,FALSE,TRUE,,,FALSE,3.8,Aire de repos.,TRUE,osm
Aire de repos,aire_repos,autoroute,,,France,47.9417127,8.0134453,TRUE,FALSE,FALSE,FALSE,FALSE,FALSE,,,FALSE,3.8,Aire de repos.,TRUE,osm
Hirschsprung,aire_repos,autoroute,,,France,47.9384154,8.0191998,TRUE,FALSE,FALSE,FALSE,FALSE,FALSE,,,FALSE,3.8,Aire de repos.,TRUE,osm
Aire de repos,aire_repos,autoroute,,,France,47.9358169,8.7663388,TRUE,FALSE,FALSE,FALSE,FALSE,FALSE,,,FALSE,3.8,Aire de repos.,TRUE,osm
Aire de repos,aire_repos,autoroute,,,France,47.9355203,5.2876995,TRUE,FALSE,FALSE,FALSE,FALSE,TRUE,,,FALSE,3.8,Aire de repos.,TRUE,osm
Aire de repos de Kersabiec,aire_repos,autoroute,,,France,47.9353264,-4.1854815,TRUE,FALSE,FALSE,FALSE,FALSE,FALSE,,,FALSE,3.8,Aire de repos.,TRUE,osm
Aire de la Pointe,aire_repos,autoroute,,,France,47.9341546,-2.6266546,TRUE,FALSE,FALSE,FALSE,FALSE,,,,FALSE,3.8,Aire de repos.,TRUE,osm
Aire de repos,aire_repos,autoroute,,,France,47.9311895,8.7723631,TRUE,FALSE,FALSE,FALSE,FALSE,,,,FALSE,3.8,Aire de repos.,TRUE,osm
Aire de repos,aire_repos,autoroute,,,France,47.9310843,8.805542,TRUE,FALSE,FALSE,FALSE,FALSE,,,,FALSE,3.8,Aire de repos.,TRUE,osm
Parkplatz Höllbach,aire_repos,autoroute,,,France,47.9278499,8.0312305,TRUE,FALSE,FALSE,FALSE,FALSE,FALSE,,,FALSE,3.8,Aire de repos.,TRUE,osm
Aire de repos,aire_repos,autoroute,,,France,47.9271013,8.7594099,TRUE,FALSE,FALSE,FALSE,FALSE,FALSE,,,FALSE,3.8,Aire de repos.,TRUE,osm
Aire de repos de Manério,aire_repos,autoroute,,,France,47.9265571,-3.3558217,TRUE,FALSE,FALSE,FALSE,FALSE,,,,FALSE,3.8,Aire de repos.,TRUE,osm
Aire de repos,aire_repos,autoroute,,,France,47.9249953,8.5938469,TRUE,FALSE,FALSE,FALSE,FALSE,FALSE,,,FALSE,3.8,Aire de repos.,TRUE,osm
Aire de repos,aire_repos,autoroute,,,France,47.9240455,5.2915818,TRUE,FALSE,FALSE,FALSE,FALSE,FALSE,,,FALSE,3.8,Aire de repos.,TRUE,osm
Aire de repos,aire_repos,autoroute,,,France,47.9236662,8.5958862,TRUE,FALSE,FALSE,FALSE,FALSE,FALSE,,,FALSE,3.8,Aire de repos.,TRUE,osm
Poschthalde,aire_repos,autoroute,,,France,47.922782,8.0444501,TRUE,FALSE,FALSE,FALSE,FALSE,FALSE,,,FALSE,3.8,Aire de repos.,TRUE,osm
Aire de Montcourt,aire_repos,autoroute,,Montcourt,France,47.9226406,5.9583163,TRUE,FALSE,FALSE,FALSE,FALSE,,,,FALSE,3.8,Aire de repos. (Montcourt),TRUE,osm
Aire de repos,aire_repos,autoroute,,,France,47.922124,6.0077934,TRUE,FALSE,FALSE,FALSE,FALSE,,,,FALSE,3.8,Aire de repos.,TRUE,osm
Aire de repos,aire_repos,autoroute,,,France,47.9214082,7.5962419,TRUE,FALSE,FALSE,FALSE,FALSE,FALSE,,,FALSE,3.8,Aire de repos.,TRUE,osm
Aire de repos,aire_repos,autoroute,,,France,47.9193135,0.0796428,TRUE,FALSE,FALSE,FALSE,FALSE,FALSE,,,FALSE,3.8,Aire de repos.,TRUE,osm
Aire de La Loupière,aire_repos,autoroute,,,France,47.9186185,3.2877509,TRUE,FALSE,FALSE,FALSE,FALSE,TRUE,,,FALSE,3.8,Aire de repos.,TRUE,osm
Aire de repos,aire_repos,autoroute,,,France,47.9185684,3.9343111,TRUE,FALSE,FALSE,FALSE,FALSE,FALSE,,,FALSE,3.8,Aire de repos.,TRUE,osm
Aire de repos,aire_repos,autoroute,,,France,47.9161999,8.0709057,TRUE,FALSE,FALSE,FALSE,FALSE,FALSE,,,FALSE,3.8,Aire de repos.,TRUE,osm
Teufelsschwänzli,aire_repos,autoroute,,,France,47.9144355,8.0800691,TRUE,FALSE,FALSE,FALSE,FALSE,FALSE,,,FALSE,3.8,Aire de repos.,TRUE,osm
Verschnuufeckli,aire_repos,autoroute,,,France,47.9141038,8.0812164,TRUE,FALSE,FALSE,FALSE,FALSE,FALSE,,,FALSE,3.8,Aire de repos.,TRUE,osm
Aire de repos – Humes-Jorquenay,aire_repos,autoroute,,Humes-Jorquenay,France,47.9135878,5.2899762,TRUE,FALSE,FALSE,FALSE,FALSE,FALSE,,,FALSE,3.8,Aire de repos. (Humes-Jorquenay),TRUE,osm
Aire de Pirmil,aire_repos,autoroute,,,France,47.9125608,-0.0834953,TRUE,FALSE,FALSE,FALSE,FALSE,TRUE,,,FALSE,3.8,Aire de repos.,TRUE,osm
Aire de repos,aire_repos,autoroute,,,France,47.9120447,6.407762,TRUE,FALSE,FALSE,FALSE,FALSE,,,,FALSE,3.8,Aire de repos.,TRUE,osm
Aire de la Racheuse,aire_repos,autoroute,,,France,47.9117906,3.2959099,TRUE,FALSE,FALSE,FALSE,FALSE,TRUE,,,FALSE,3.8,Aire de repos.,TRUE,osm
Aire de repos,aire_repos,autoroute,,,France,47.9111954,8.2080538,TRUE,FALSE,FALSE,FALSE,FALSE,,,,FALSE,3.8,Aire de repos.,TRUE,osm
Aire de Pirmil,aire_repos,autoroute,,,France,47.9109547,-0.087654,TRUE,FALSE,FALSE,FALSE,FALSE,TRUE,,,FALSE,3.8,Aire de repos.,TRUE,osm
s'Grafewäldele,aire_repos,autoroute,,,France,47.9065353,8.1230071,TRUE,FALSE,FALSE,FALSE,FALSE,FALSE,,,FALSE,3.8,Aire de repos.,TRUE,osm
Vierthäler,aire_repos,autoroute,,,France,47.9060458,8.1360205,TRUE,FALSE,FALSE,FALSE,FALSE,FALSE,,,FALSE,3.8,Aire de repos.,TRUE,osm
Goschehobel,aire_repos,autoroute,,,France,47.9054847,8.1293293,TRUE,FALSE,FALSE,FALSE,FALSE,FALSE,,,FALSE,3.8,Aire de repos.,TRUE,osm
Schatteloch,aire_repos,autoroute,,,France,47.9030673,8.2574573,TRUE,FALSE,FALSE,FALSE,FALSE,FALSE,,,FALSE,3.8,Aire de repos.,TRUE,osm
Aire de repos,aire_repos,autoroute,,,France,47.8996931,3.5211933,TRUE,FALSE,FALSE,FALSE,FALSE,FALSE,,,FALSE,3.8,Aire de repos.,TRUE,osm
Aire de repos,aire_repos,autoroute,,,France,47.897215,3.7120539,TRUE,FALSE,FALSE,FALSE,FALSE,FALSE,,,FALSE,3.8,Aire de repos.,TRUE,osm
Aire de la Berlaudais,aire_repos,autoroute,,,France,47.8968268,-1.6870624,TRUE,FALSE,FALSE,FALSE,FALSE,TRUE,,,FALSE,3.8,Aire de repos.,TRUE,osm
Aire de repos,aire_repos,autoroute,,,France,47.895596,8.7063212,TRUE,FALSE,FALSE,FALSE,FALSE,FALSE,,,FALSE,3.8,Aire de repos.,TRUE,osm
Aire de Bellevue,aire_repos,autoroute,,,France,47.8946829,1.7705355,TRUE,FALSE,FALSE,FALSE,FALSE,,,,FALSE,3.8,Aire de repos.,TRUE,osm
Aire de repos,aire_repos,autoroute,,,France,47.8943854,8.7070228,TRUE,FALSE,FALSE,FALSE,FALSE,FALSE,,,FALSE,3.8,Aire de repos.,TRUE,osm
Aire de repos,aire_repos,autoroute,,,France,47.8929151,4.0108614,TRUE,FALSE,FALSE,FALSE,FALSE,,,,FALSE,3.8,Aire de repos.,TRUE,osm
Aire de repos,aire_repos,autoroute,,,France,47.891461,8.8707063,TRUE,FALSE,FALSE,FALSE,FALSE,,,,FALSE,3.8,Aire de repos.,TRUE,osm
Aire de repos,aire_repos,autoroute,,,France,47.8900321,8.7704918,TRUE,FALSE,FALSE,FALSE,FALSE,FALSE,,,FALSE,3.8,Aire de repos.,TRUE,osm
Aire de repos,aire_repos,autoroute,,,France,47.8875288,6.9692923,TRUE,FALSE,FALSE,FALSE,FALSE,FALSE,,,FALSE,3.8,Aire de repos.,TRUE,osm
Aire de repos,aire_repos,autoroute,,,France,47.8874946,8.951719,TRUE,FALSE,FALSE,FALSE,FALSE,,,,FALSE,3.8,Aire de repos.,TRUE,osm
Aire de repos,aire_repos,autoroute,,,France,47.8856362,9.1046351,TRUE,FALSE,FALSE,FALSE,FALSE,,,,FALSE,3.8,Aire de repos.,TRUE,osm
Aire de repos,aire_repos,autoroute,,,France,47.8854944,9.3244284,TRUE,FALSE,FALSE,FALSE,FALSE,,,,FALSE,3.8,Aire de repos.,TRUE,osm
Aire de repos,aire_repos,autoroute,,,France,47.8849737,5.3184962,TRUE,FALSE,FALSE,FALSE,FALSE,FALSE,,,FALSE,3.8,Aire de repos.,TRUE,osm
Aire de repos,aire_repos,autoroute,,,France,47.883828,8.5324911,TRUE,FALSE,FALSE,FALSE,FALSE,FALSE,,,FALSE,3.8,Aire de repos.,TRUE,osm
Aire des Perrières,aire_repos,autoroute,,,France,47.882593,0.3034034,TRUE,FALSE,FALSE,FALSE,FALSE,TRUE,,,FALSE,3.8,Aire de repos.,TRUE,osm
Aire des Croiselles,aire_repos,autoroute,,,France,47.8825127,0.3050777,TRUE,FALSE,FALSE,FALSE,FALSE,TRUE,,,FALSE,3.8,Aire de repos.,TRUE,osm
Aire de repos,aire_repos,autoroute,,,France,47.8817975,6.3846693,TRUE,FALSE,FALSE,FALSE,FALSE,,,,FALSE,3.8,Aire de repos.,TRUE,osm
Aire des Pâtures,aire_repos,autoroute,,,France,47.8813969,3.4379468,TRUE,FALSE,FALSE,FALSE,FALSE,,,,FALSE,3.8,Aire de repos.,TRUE,osm
Aire de repos,aire_repos,autoroute,,,France,47.8804951,6.9453979,TRUE,FALSE,FALSE,FALSE,FALSE,,,,FALSE,3.8,Aire de repos.,TRUE,osm
Aire de repos,aire_repos,autoroute,,,France,47.8786923,8.7517471,TRUE,FALSE,FALSE,FALSE,FALSE,FALSE,,,FALSE,3.8,Aire de repos.,TRUE,osm
Aire de repos,aire_repos,autoroute,,,France,47.8772219,3.6977229,TRUE,FALSE,FALSE,FALSE,FALSE,FALSE,,,FALSE,3.8,Aire de repos.,TRUE,osm
Aire de repos,aire_repos,autoroute,,,France,47.8764502,8.2402919,TRUE,FALSE,FALSE,FALSE,FALSE,FALSE,,,FALSE,3.8,Aire de repos.,TRUE,osm
Aire de repos,aire_repos,autoroute,,,France,47.8751296,8.7443523,TRUE,FALSE,FALSE,FALSE,FALSE,FALSE,,,FALSE,3.8,Aire de repos.,TRUE,osm
Aire de repos,aire_repos,autoroute,,,France,47.8745007,7.5703328,TRUE,FALSE,FALSE,FALSE,FALSE,TRUE,,,FALSE,3.8,Aire de repos.,TRUE,osm
Aire de repos,aire_repos,autoroute,,,France,47.8742949,8.2376446,TRUE,FALSE,FALSE,FALSE,FALSE,FALSE,,,FALSE,3.8,Aire de repos.,TRUE,osm
Aire des Chauvry,aire_repos,autoroute,,,France,47.8704467,1.7263268,TRUE,FALSE,FALSE,FALSE,TRUE,TRUE,,,FALSE,3.8,Aire de repos.,TRUE,osm
Aire de repos,aire_repos,autoroute,,,France,47.8703232,3.5347438,TRUE,FALSE,FALSE,FALSE,FALSE,FALSE,,,FALSE,3.8,Aire de repos.,TRUE,osm
Aire de repos,aire_repos,autoroute,,,France,47.8676692,6.7997465,TRUE,FALSE,FALSE,FALSE,FALSE,FALSE,,,FALSE,3.8,Aire de repos.,TRUE,osm
Aire de la Biche,aire_repos,autoroute,,,France,47.8652443,3.4972639,TRUE,FALSE,FALSE,FALSE,FALSE,TRUE,,,FALSE,3.8,Aire de repos.,TRUE,osm
Aire de repos,aire_repos,autoroute,,,France,47.8648522,1.8736949,TRUE,FALSE,FALSE,FALSE,FALSE,,,,FALSE,3.8,Aire de repos.,TRUE,osm
Aire du Moulin de la Roche,aire_repos,autoroute,,,France,47.8620815,-0.6910527,TRUE,FALSE,FALSE,FALSE,FALSE,,,,FALSE,3.8,Aire de repos.,TRUE,osm
Aire de repos,aire_repos,autoroute,,,France,47.8612847,8.1720176,TRUE,FALSE,FALSE,FALSE,FALSE,,,,FALSE,3.8,Aire de repos.,TRUE,osm
Aire de repos,aire_repos,autoroute,,,France,47.8548814,-4.2110105,TRUE,FALSE,FALSE,FALSE,FALSE,,,,FALSE,3.8,Aire de repos.,TRUE,osm
Aire de repos,aire_repos,autoroute,,,France,47.854215,8.3317568,TRUE,FALSE,FALSE,FALSE,FALSE,,,,FALSE,3.8,Aire de repos.,TRUE,osm
Stein Art,aire_repos,autoroute,,,France,47.853034,8.0537389,TRUE,FALSE,FALSE,FALSE,FALSE,FALSE,,,FALSE,3.8,Aire de repos.,TRUE,osm
Aire de repos,aire_repos,autoroute,,,France,47.8524805,8.8734126,TRUE,FALSE,FALSE,FALSE,FALSE,,,,FALSE,3.8,Aire de repos.,TRUE,osm
Aire de repos,aire_repos,autoroute,,,France,47.8509236,4.1132855,TRUE,FALSE,FALSE,FALSE,FALSE,FALSE,,,FALSE,3.8,Aire de repos.,TRUE,osm
Aire de repos,aire_repos,autoroute,,,France,47.8506841,8.1236652,TRUE,FALSE,FALSE,FALSE,FALSE,FALSE,,,FALSE,3.8,Aire de repos.,TRUE,osm
Aire de repos,aire_repos,autoroute,,,France,47.8491631,-4.2883579,TRUE,FALSE,FALSE,FALSE,FALSE,,,,FALSE,3.8,Aire de repos.,TRUE,osm
Aire de repos,aire_repos,autoroute,,,France,47.8484272,0.9873405,TRUE,FALSE,FALSE,FALSE,FALSE,,,,FALSE,3.8,Aire de repos.,TRUE,osm
Aire de repos,aire_repos,autoroute,,,France,47.8464631,3.6210573,TRUE,FALSE,FALSE,FALSE,FALSE,,,,FALSE,3.8,Aire de repos.,TRUE,osm
Aire des Bois Impériaux,aire_repos,autoroute,,,France,47.8455082,3.6083282,TRUE,FALSE,FALSE,FALSE,FALSE,,,,FALSE,3.8,Aire de repos.,TRUE,osm
Aire du Thureau,aire_repos,autoroute,,,France,47.8450383,3.6098584,TRUE,FALSE,FALSE,FALSE,FALSE,TRUE,,,FALSE,3.8,Aire de repos.,TRUE,osm
Aire de repos,aire_repos,autoroute,,,France,47.8443806,0.9883353,TRUE,FALSE,FALSE,FALSE,FALSE,,,,FALSE,3.8,Aire de repos.,TRUE,osm
Aire de repos,aire_repos,autoroute,,,France,47.8440492,3.9646912,TRUE,FALSE,FALSE,FALSE,FALSE,FALSE,,,FALSE,3.8,Aire de repos.,TRUE,osm
Aire de repos,aire_repos,autoroute,,,France,47.8433237,3.777587,TRUE,FALSE,FALSE,FALSE,FALSE,,,,FALSE,3.8,Aire de repos.,TRUE,osm
Aire de repos,aire_repos,autoroute,,,France,47.8410398,3.9519247,TRUE,FALSE,FALSE,FALSE,FALSE,,,,FALSE,3.8,Aire de repos.,TRUE,osm
Aire de repos,aire_repos,autoroute,,,France,47.8406341,3.6044839,TRUE,FALSE,FALSE,FALSE,FALSE,,,,FALSE,3.8,Aire de repos.,TRUE,osm
Aire de repos,aire_repos,autoroute,,,France,47.8384316,4.7799831,TRUE,FALSE,FALSE,FALSE,FALSE,,,,FALSE,3.8,Aire de repos.,TRUE,osm
Aire de repos,aire_repos,autoroute,,,France,47.8361064,6.4380843,TRUE,FALSE,FALSE,FALSE,FALSE,,,,FALSE,3.8,Aire de repos.,TRUE,osm
Aire de repos,aire_repos,autoroute,,,France,47.8356543,8.3088264,TRUE,FALSE,FALSE,FALSE,FALSE,FALSE,,,FALSE,3.8,Aire de repos.,TRUE,osm
Aire de repos,aire_repos,autoroute,,,France,47.8337176,9.0323564,TRUE,FALSE,FALSE,FALSE,FALSE,FALSE,,,FALSE,3.8,Aire de repos.,TRUE,osm
Aire de repos,aire_repos,autoroute,,,France,47.8332415,8.2317173,TRUE,FALSE,FALSE,FALSE,FALSE,,,,FALSE,3.8,Aire de repos.,TRUE,osm
Nellenburg Nord,aire_repos,autoroute,,,France,47.8325992,8.9638617,TRUE,FALSE,FALSE,FALSE,FALSE,,,,FALSE,3.8,Aire de repos.,TRUE,osm
Neuenburg Ost,aire_repos,autoroute,,,France,47.8300687,7.563728,TRUE,FALSE,FALSE,FALSE,FALSE,TRUE,,,FALSE,3.8,Aire de repos.,TRUE,osm
Neuenburg West,aire_repos,autoroute,,,France,47.8298149,7.5623754,TRUE,FALSE,FALSE,FALSE,FALSE,TRUE,,,FALSE,3.8,Aire de repos.,TRUE,osm
Nellenburg Süd,aire_repos,autoroute,,,France,47.829677,8.9571009,TRUE,FALSE,FALSE,FALSE,FALSE,TRUE,,,FALSE,3.8,Aire de repos.,TRUE,osm
Aire de repos,aire_repos,autoroute,,,France,47.8289949,8.9961921,TRUE,FALSE,FALSE,FALSE,FALSE,FALSE,,,FALSE,3.8,Aire de repos.,TRUE,osm
Aire de repos,aire_repos,autoroute,,,France,47.82706,9.0390229,TRUE,FALSE,FALSE,FALSE,FALSE,,,,FALSE,3.8,Aire de repos.,TRUE,osm
Aire de repos,aire_repos,autoroute,,,France,47.8253144,4.5408336,TRUE,FALSE,FALSE,FALSE,FALSE,FALSE,,,FALSE,3.8,Aire de repos.,TRUE,osm
Klauseneck,aire_repos,autoroute,,,France,47.8249311,8.8341897,TRUE,FALSE,FALSE,FALSE,FALSE,FALSE,,,FALSE,3.8,Aire de repos.,TRUE,osm
Aire de repos,aire_repos,autoroute,,,France,47.8248907,9.0626935,TRUE,FALSE,FALSE,FALSE,FALSE,,,,FALSE,3.8,Aire de repos.,TRUE,osm
Bruckried,aire_repos,autoroute,,,France,47.8248297,8.8330926,TRUE,FALSE,FALSE,FALSE,FALSE,TRUE,,,FALSE,3.8,Aire de repos.,TRUE,osm
Aire de repos,aire_repos,autoroute,,,France,47.8238135,6.388138,TRUE,FALSE,FALSE,FALSE,FALSE,,,,FALSE,3.8,Aire de repos.,TRUE,osm
Aire de repos,aire_repos,autoroute,,,France,47.8220987,3.7841034,TRUE,FALSE,FALSE,FALSE,FALSE,FALSE,,,FALSE,3.8,Aire de repos.,TRUE,osm
Aire de repos,aire_repos,autoroute,,,France,47.8217529,8.3749214,TRUE,FALSE,FALSE,FALSE,FALSE,FALSE,,,FALSE,3.8,Aire de repos.,TRUE,osm
Aire de repos,aire_repos,autoroute,,,France,47.8197845,8.6424677,TRUE,FALSE,FALSE,FALSE,FALSE,,,,FALSE,3.8,Aire de repos.,TRUE,osm
Aire de repos,aire_repos,autoroute,,,France,47.8197514,8.6466561,TRUE,FALSE,FALSE,FALSE,FALSE,,,,FALSE,3.8,Aire de repos.,TRUE,osm
Aire de Chaudenay,aire_repos,autoroute,,Chaudenay,France,47.8187948,5.4850029,TRUE,FALSE,FALSE,FALSE,FALSE,FALSE,,,FALSE,3.8,Aire de repos. (Chaudenay),TRUE,osm
Aire de repos,aire_repos,autoroute,,,France,47.8156005,8.5801747,TRUE,FALSE,FALSE,FALSE,FALSE,FALSE,,,FALSE,3.8,Aire de repos.,TRUE,osm
Aire de repos,aire_repos,autoroute,,,France,47.815364,8.5323012,TRUE,FALSE,FALSE,FALSE,FALSE,FALSE,,,FALSE,3.8,Aire de repos.,TRUE,osm
Aire de repos,aire_repos,autoroute,,,France,47.8147171,8.5317689,TRUE,FALSE,FALSE,FALSE,FALSE,FALSE,,,FALSE,3.8,Aire de repos.,TRUE,osm
Aire de repos,aire_repos,autoroute,,,France,47.8122386,8.5988804,TRUE,FALSE,FALSE,FALSE,FALSE,FALSE,,,FALSE,3.8,Aire de repos.,TRUE,osm
Aire de repos,aire_repos,autoroute,,,France,47.8106212,8.077215,TRUE,FALSE,FALSE,FALSE,FALSE,FALSE,,,FALSE,3.8,Aire de repos.,TRUE,osm
Aire de repos,aire_repos,autoroute,,,France,47.8100406,8.8051115,TRUE,FALSE,FALSE,FALSE,FALSE,FALSE,,,FALSE,3.8,Aire de repos.,TRUE,osm
Aire de repos,aire_repos,autoroute,,,France,47.8094001,8.3466764,TRUE,FALSE,FALSE,FALSE,FALSE,,,,FALSE,3.8,Aire de repos.,TRUE,osm
Aire du Bois de Bailly,aire_repos,autoroute,,,France,47.8091082,1.8529484,TRUE,FALSE,FALSE,FALSE,FALSE,TRUE,,,FALSE,3.8,Aire de repos.,TRUE,osm
Aire de repos,aire_repos,autoroute,,,France,47.8089648,8.6146921,TRUE,FALSE,FALSE,FALSE,FALSE,,,,FALSE,3.8,Aire de repos.,TRUE,osm
Aire du Bois du Télégraphe,aire_repos,autoroute,,,France,47.8085401,1.8543789,TRUE,FALSE,FALSE,FALSE,FALSE,,,,FALSE,3.8,Aire de repos.,TRUE,osm
Aire de repos,aire_repos,autoroute,,,France,47.8078163,8.6570733,TRUE,FALSE,FALSE,FALSE,FALSE,,,,FALSE,3.8,Aire de repos.,TRUE,osm
Aire de repos,aire_repos,autoroute,,,France,47.8073839,8.6943493,TRUE,FALSE,FALSE,FALSE,FALSE,FALSE,,,FALSE,3.8,Aire de repos.,TRUE,osm
Aire d'Auxerre Venoy,aire_repos,autoroute,,,France,47.8063102,3.5957991,TRUE,FALSE,FALSE,FALSE,FALSE,,,,FALSE,3.8,Aire de repos.,TRUE,osm
Aire de repos,aire_repos,autoroute,,,France,47.8048862,8.3458757,TRUE,FALSE,FALSE,FALSE,FALSE,,,,FALSE,3.8,Aire de repos.,TRUE,osm
Aire de repos,aire_repos,autoroute,,,France,47.8016925,0.5281903,TRUE,FALSE,FALSE,FALSE,FALSE,,,,FALSE,3.8,Aire de repos.,TRUE,osm
Aire de Repos du Maquis de La Nouette,aire_repos,autoroute,,,France,47.7995432,-2.4480945,TRUE,FALSE,FALSE,FALSE,FALSE,,,,FALSE,3.8,Aire de repos.,TRUE,osm
Aire de repos,aire_repos,autoroute,,,France,47.7970447,8.7079373,TRUE,FALSE,FALSE,FALSE,FALSE,,,,FALSE,3.8,Aire de repos.,TRUE,osm
Aire de repos,aire_repos,autoroute,,,France,47.7960709,8.0824782,TRUE,FALSE,FALSE,FALSE,FALSE,FALSE,,,FALSE,3.8,Aire de repos.,TRUE,osm
Aire de repos,aire_repos,autoroute,,,France,47.7932018,8.51813,TRUE,FALSE,FALSE,FALSE,FALSE,FALSE,,,FALSE,3.8,Aire de repos.,TRUE,osm
Aire de repos,aire_repos,autoroute,,,France,47.7922031,8.9803305,TRUE,FALSE,FALSE,FALSE,FALSE,,,,FALSE,3.8,Aire de repos.,TRUE,osm
Aire de repos,aire_repos,autoroute,,,France,47.7904926,8.3660842,TRUE,FALSE,FALSE,FALSE,FALSE,,,,FALSE,3.8,Aire de repos.,TRUE,osm
Aire de repos,aire_repos,autoroute,,,France,47.7895628,8.3618732,TRUE,FALSE,FALSE,FALSE,FALSE,,,,FALSE,3.8,Aire de repos.,TRUE,osm
Aire de repos,aire_repos,autoroute,,,France,47.7891333,8.5147612,TRUE,FALSE,FALSE,FALSE,FALSE,FALSE,,,FALSE,3.8,Aire de repos.,TRUE,osm
Aire de repos,aire_repos,autoroute,,,France,47.7868625,2.7350483,TRUE,FALSE,FALSE,FALSE,FALSE,,,,FALSE,3.8,Aire de repos.,TRUE,osm
Aire de repos,aire_repos,autoroute,,,France,47.7823451,8.1824099,TRUE,FALSE,FALSE,FALSE,FALSE,FALSE,,,FALSE,3.8,Aire de repos.,TRUE,osm
Parkplatz Gletschermühle,aire_repos,autoroute,,,France,47.7777762,9.1315368,TRUE,FALSE,FALSE,FALSE,FALSE,FALSE,,,FALSE,3.8,Aire de repos.,TRUE,osm
Aire de repos,aire_repos,autoroute,,,France,47.7709102,8.1829652,TRUE,FALSE,FALSE,FALSE,FALSE,FALSE,,,FALSE,3.8,Aire de repos.,TRUE,osm
Brandbühl,aire_repos,autoroute,,,France,47.7705152,8.9653105,TRUE,FALSE,FALSE,FALSE,FALSE,TRUE,,,FALSE,3.8,Aire de repos.,TRUE,osm
Aire de repos,aire_repos,autoroute,,,France,47.7703984,8.4788745,TRUE,FALSE,FALSE,FALSE,FALSE,,,,FALSE,3.8,Aire de repos.,TRUE,osm
Brandbühl,aire_repos,autoroute,,,France,47.7698486,8.9645873,TRUE,FALSE,FALSE,FALSE,FALSE,TRUE,,,FALSE,3.8,Aire de repos.,TRUE,osm
Aire des Landes de Lanvaux,aire_repos,autoroute,,,France,47.7671173,-2.490293,TRUE,FALSE,FALSE,FALSE,FALSE,,,,FALSE,3.8,Aire de repos.,TRUE,osm
Alpenblick Grillplatz,aire_repos,autoroute,,,France,47.7669886,8.7027405,TRUE,FALSE,FALSE,FALSE,FALSE,,,,FALSE,3.8,Aire de repos.,TRUE,osm
Aire de repos,aire_repos,autoroute,,,France,47.7659748,3.5506603,TRUE,FALSE,FALSE,FALSE,FALSE,FALSE,,,FALSE,3.8,Aire de repos.,TRUE,osm
Aire des Fougères,aire_repos,autoroute,,,France,47.7602728,1.5548291,TRUE,FALSE,FALSE,FALSE,FALSE,,,,FALSE,3.8,Aire de repos.,TRUE,osm
Aire de repos,aire_repos,autoroute,,,France,47.7601819,6.197252,TRUE,FALSE,FALSE,FALSE,FALSE,,,,FALSE,3.8,Aire de repos.,TRUE,osm
Aire de Brusolle,aire_repos,autoroute,,,France,47.7596035,1.5552215,TRUE,FALSE,FALSE,FALSE,FALSE,TRUE,,,FALSE,3.8,Aire de repos.,TRUE,osm
Aire de repos,aire_repos,autoroute,,,France,47.7554035,8.181628,TRUE,FALSE,FALSE,FALSE,FALSE,FALSE,,,FALSE,3.8,Aire de repos.,TRUE,osm
Aire de la Grosse Tour,aire_repos,autoroute,,,France,47.7524911,3.7269509,TRUE,FALSE,FALSE,FALSE,FALSE,TRUE,,,FALSE,3.8,Aire de repos.,TRUE,osm
Aire de repos,aire_repos,autoroute,,,France,47.7510095,0.5523987,TRUE,FALSE,FALSE,FALSE,FALSE,,,,FALSE,3.8,Aire de repos.,TRUE,osm
Aire de repos,aire_repos,autoroute,,,France,47.7505963,5.7663688,TRUE,FALSE,FALSE,FALSE,FALSE,FALSE,,,FALSE,3.8,Aire de repos.,TRUE,osm
Aire de repos,aire_repos,autoroute,,,France,47.7455225,-1.4421503,TRUE,FALSE,FALSE,FALSE,FALSE,,,,FALSE,3.8,Aire de repos.,TRUE,osm
Aire de repos,aire_repos,autoroute,,,France,47.743562,8.2293089,TRUE,FALSE,FALSE,FALSE,FALSE,,,,FALSE,3.8,Aire de repos.,TRUE,osm
Aire de Cintrey,aire_repos,autoroute,,Cintrey,France,47.743366,5.7741151,TRUE,FALSE,FALSE,FALSE,FALSE,FALSE,,,FALSE,3.8,Aire de repos. (Cintrey),TRUE,osm
Aire de repos,aire_repos,autoroute,,,France,47.7428845,0.5923636,TRUE,FALSE,FALSE,FALSE,FALSE,,,,FALSE,3.8,Aire de repos.,TRUE,osm
Aire de repos,aire_repos,autoroute,,,France,47.7417861,9.1099773,TRUE,FALSE,FALSE,FALSE,FALSE,FALSE,,,FALSE,3.8,Aire de repos.,TRUE,osm
Aire de repos,aire_repos,autoroute,,,France,47.7407151,8.7191539,TRUE,FALSE,FALSE,FALSE,FALSE,,,,FALSE,3.8,Aire de repos.,TRUE,osm
Aire de repos,aire_repos,autoroute,,,France,47.740198,8.1737478,TRUE,FALSE,FALSE,FALSE,FALSE,FALSE,,,FALSE,3.8,Aire de repos.,TRUE,osm
Aire de repos,aire_repos,autoroute,,,France,47.7312295,4.5962409,TRUE,FALSE,FALSE,FALSE,FALSE,FALSE,,,FALSE,3.8,Aire de repos.,TRUE,osm
Aire de repos,aire_repos,autoroute,,,France,47.7239205,4.599257,TRUE,FALSE,FALSE,FALSE,FALSE,FALSE,,,FALSE,3.8,Aire de repos.,TRUE,osm
Aire de repos,aire_repos,autoroute,,,France,47.7234457,5.3756513,TRUE,FALSE,FALSE,FALSE,FALSE,,,,FALSE,3.8,Aire de repos.,TRUE,osm
Aire du Buisson Rond,aire_repos,autoroute,,,France,47.7170487,3.765163,TRUE,FALSE,FALSE,FALSE,FALSE,TRUE,,,FALSE,3.8,Aire de repos.,TRUE,osm
Aire de repos,aire_repos,autoroute,,,France,47.7027386,-2.9553208,TRUE,FALSE,FALSE,FALSE,FALSE,,,,FALSE,3.8,Aire de repos.,TRUE,osm
Aire de repos,aire_repos,autoroute,,,France,47.7025248,-3.3861831,TRUE,FALSE,FALSE,FALSE,FALSE,,,,FALSE,3.8,Aire de repos.,TRUE,osm
Aire de repos,aire_repos,autoroute,,,France,47.7024045,0.1931719,TRUE,FALSE,FALSE,FALSE,FALSE,,,,FALSE,3.8,Aire de repos.,TRUE,osm
Aire de repos,aire_repos,autoroute,,,France,47.7023756,3.5354764,TRUE,FALSE,FALSE,FALSE,FALSE,FALSE,,,FALSE,3.8,Aire de repos.,TRUE,osm
Aire de repos,aire_repos,autoroute,,,France,47.6990131,8.909125,TRUE,FALSE,FALSE,FALSE,FALSE,FALSE,,,FALSE,3.8,Aire de repos.,TRUE,osm
Aire du Haut Bois,aire_repos,autoroute,,,France,47.6978788,7.0239304,TRUE,FALSE,FALSE,FALSE,FALSE,TRUE,,,FALSE,3.8,Aire de repos.,TRUE,osm
Aire de repos,aire_repos,autoroute,,,France,47.6966127,-2.5113094,TRUE,FALSE,FALSE,FALSE,FALSE,FALSE,,,FALSE,3.8,Aire de repos.,TRUE,osm
Aire du Tertre,aire_repos,autoroute,,Lure,France,47.6964502,6.50329,TRUE,FALSE,FALSE,FALSE,FALSE,,,,FALSE,3.8,Aire de repos. (Lure),TRUE,osm
Aire d’Angeot,aire_repos,autoroute,,,France,47.6954062,7.0202069,TRUE,FALSE,FALSE,FALSE,FALSE,TRUE,,,FALSE,3.8,Aire de repos.,TRUE,osm
Aire du Chevreuil,aire_repos,autoroute,,,France,47.6945898,3.832752,TRUE,FALSE,FALSE,FALSE,FALSE,TRUE,,,FALSE,3.8,Aire de repos.,TRUE,osm
Aire de repos,aire_repos,autoroute,,,France,47.6916885,3.5364121,TRUE,FALSE,FALSE,FALSE,FALSE,FALSE,,,FALSE,3.8,Aire de repos.,TRUE,osm
Aire de Combe Suzon,aire_repos,autoroute,,,France,47.6903174,5.1853019,TRUE,FALSE,FALSE,FALSE,FALSE,TRUE,,,FALSE,3.8,Aire de repos.,TRUE,osm
Aire de Fontenelle,aire_repos,autoroute,,,France,47.6902037,5.1827929,TRUE,FALSE,FALSE,FALSE,FALSE,TRUE,,,FALSE,3.8,Aire de repos.,TRUE,osm
Aire des Bois,aire_repos,autoroute,,,France,47.6880087,5.9995332,TRUE,FALSE,FALSE,FALSE,FALSE,FALSE,,,FALSE,3.8,Aire de repos.,TRUE,osm
Aire de repos,aire_repos,autoroute,,,France,47.6873408,3.6598017,TRUE,FALSE,FALSE,FALSE,FALSE,FALSE,,,FALSE,3.8,Aire de repos.,TRUE,osm
Aire de repos,aire_repos,autoroute,,,France,47.6862319,4.2299074,TRUE,FALSE,FALSE,FALSE,FALSE,,,,FALSE,3.8,Aire de repos.,TRUE,osm
Aire de l'Europe,aire_repos,autoroute,,,France,47.6850941,-0.8578905,TRUE,FALSE,FALSE,FALSE,TRUE,TRUE,,,FALSE,3.8,Aire de repos.,TRUE,osm
Aire de repos,aire_repos,autoroute,,,France,47.6844518,4.9731642,TRUE,FALSE,FALSE,FALSE,FALSE,FALSE,,,FALSE,3.8,Aire de repos.,TRUE,osm
Aire du Ginkgo,aire_repos,autoroute,,,France,47.6829025,2.739172,TRUE,FALSE,FALSE,FALSE,FALSE,TRUE,,,FALSE,3.8,Aire de repos.,TRUE,osm
Aire de repos,aire_repos,autoroute,,,France,47.682805,8.7163701,TRUE,FALSE,FALSE,FALSE,FALSE,,,,FALSE,3.8,Aire de repos.,TRUE,osm
Aire de repos,aire_repos,autoroute,,,France,47.6819183,8.4730634,TRUE,FALSE,FALSE,FALSE,FALSE,FALSE,,,FALSE,3.8,Aire de repos.,TRUE,osm
Aire du Tulipier,aire_repos,autoroute,,,France,47.6818918,2.74078,TRUE,FALSE,FALSE,FALSE,FALSE,TRUE,,,FALSE,3.8,Aire de repos.,TRUE,osm
Aire de la Couée,aire_repos,autoroute,,,France,47.6814914,3.8554958,TRUE,FALSE,FALSE,FALSE,FALSE,TRUE,,,FALSE,3.8,Aire de repos.,TRUE,osm
Aire de repos,aire_repos,autoroute,,,France,47.6811795,6.9412049,TRUE,FALSE,FALSE,FALSE,FALSE,,,,FALSE,3.8,Aire de repos.,TRUE,osm
Aire de repos,aire_repos,autoroute,,,France,47.6749899,2.6386687,TRUE,FALSE,FALSE,FALSE,FALSE,,,,FALSE,3.8,Aire de repos.,TRUE,osm
Aire de repos,aire_repos,autoroute,,,France,47.6748164,6.3923974,TRUE,FALSE,FALSE,FALSE,FALSE,FALSE,,,FALSE,3.8,Aire de repos.,TRUE,osm
Aire de la Croix Laurent,aire_repos,autoroute,,Saint-Vincent-des-Landes,France,47.6743522,-1.4786594,TRUE,FALSE,FALSE,FALSE,FALSE,,,,FALSE,3.8,Aire de repos. (Saint-Vincent-des-Landes),TRUE,osm
Aire de repos,aire_repos,autoroute,,,France,47.6703043,-0.7954833,TRUE,FALSE,FALSE,FALSE,FALSE,,,,FALSE,3.8,Aire de repos.,TRUE,osm
Aire de repos,aire_repos,autoroute,,,France,47.6680185,3.7273528,TRUE,FALSE,FALSE,FALSE,FALSE,FALSE,,,FALSE,3.8,Aire de repos.,TRUE,osm
Aire du Val Saint Jean,aire_repos,autoroute,,,France,47.6676099,3.7186562,TRUE,FALSE,FALSE,FALSE,FALSE,FALSE,,,FALSE,3.8,Aire de repos.,TRUE,osm
Aire de repos,aire_repos,autoroute,,,France,47.666972,8.3723277,TRUE,FALSE,FALSE,FALSE,FALSE,,,,FALSE,3.8,Aire de repos.,TRUE,osm
Aire de repos,aire_repos,autoroute,,,France,47.6653742,3.7035832,TRUE,FALSE,FALSE,FALSE,FALSE,FALSE,,,FALSE,3.8,Aire de repos.,TRUE,osm
Aire de la Forêt,aire_repos,autoroute,,,France,47.6651409,6.9557576,TRUE,FALSE,FALSE,FALSE,FALSE,TRUE,,,FALSE,3.8,Aire de repos.,TRUE,osm
Aire de repos,aire_repos,autoroute,,,France,47.6644382,8.3963361,TRUE,FALSE,FALSE,FALSE,FALSE,FALSE,,,FALSE,3.8,Aire de repos.,TRUE,osm
Aire de repos,aire_repos,autoroute,,,France,47.6623426,1.2576885,TRUE,FALSE,FALSE,FALSE,FALSE,FALSE,,,FALSE,3.8,Aire de repos.,TRUE,osm
Aire de Saint-Goustan,aire_repos,autoroute,,,France,47.6607778,-2.9720176,TRUE,FALSE,FALSE,FALSE,FALSE,TRUE,,,FALSE,3.8,Aire de repos.,TRUE,osm
Aire de repos,aire_repos,autoroute,,,France,47.6601197,3.5019702,TRUE,FALSE,FALSE,FALSE,FALSE,,,,FALSE,3.8,Aire de repos.,TRUE,osm
Aire de repos,aire_repos,autoroute,,,France,47.6600722,3.877245,TRUE,FALSE,FALSE,FALSE,FALSE,FALSE,,,FALSE,3.8,Aire de repos.,TRUE,osm
Aire des Grands Prés,aire_repos,autoroute,,,France,47.6540734,6.9325322,TRUE,FALSE,FALSE,FALSE,FALSE,TRUE,,,FALSE,3.8,Aire de repos.,TRUE,osm
Aire de repos,aire_repos,autoroute,,,France,47.6535805,3.498828,TRUE,FALSE,FALSE,FALSE,FALSE,,,,FALSE,3.8,Aire de repos.,TRUE,osm
Aire de repos,aire_repos,autoroute,,,France,47.6509544,6.7611623,TRUE,FALSE,FALSE,FALSE,FALSE,,,,FALSE,3.8,Aire de repos.,TRUE,osm
Aire de repos,aire_repos,autoroute,,,France,47.6376307,3.7429985,TRUE,FALSE,FALSE,FALSE,FALSE,FALSE,,,FALSE,3.8,Aire de repos.,TRUE,osm
Aire de repos,aire_repos,autoroute,,,France,47.6361302,8.3372552,TRUE,FALSE,FALSE,FALSE,FALSE,FALSE,,,FALSE,3.8,Aire de repos.,TRUE,osm
Aire de repos,aire_repos,autoroute,,,France,47.6341723,8.3573341,TRUE,FALSE,FALSE,FALSE,FALSE,,,,FALSE,3.8,Aire de repos.,TRUE,osm
Point de vue sur le Château de Ménars,aire_repos,autoroute,,,France,47.633372,1.4138426,TRUE,FALSE,FALSE,FALSE,FALSE,,,,FALSE,3.8,Aire de repos.,TRUE,osm
Aire de repos,aire_repos,autoroute,,,France,47.630307,4.3592968,TRUE,FALSE,FALSE,FALSE,FALSE,,,,FALSE,3.8,Aire de repos.,TRUE,osm
Aire de repos,aire_repos,autoroute,,,France,47.6271567,8.3484424,TRUE,FALSE,FALSE,FALSE,FALSE,,,,FALSE,3.8,Aire de repos.,TRUE,osm
Aire de repos,aire_repos,autoroute,,,France,47.6261248,8.3877201,TRUE,FALSE,FALSE,FALSE,FALSE,,,,FALSE,3.8,Aire de repos.,TRUE,osm
Aire de repos,aire_repos,autoroute,,,France,47.6244918,3.8632499,TRUE,FALSE,FALSE,FALSE,FALSE,FALSE,,,FALSE,3.8,Aire de repos.,TRUE,osm
Aire de la Chapelle-Saint-Laud,aire_repos,autoroute,,,France,47.6237113,-0.2794973,TRUE,FALSE,FALSE,FALSE,FALSE,TRUE,,,FALSE,3.8,Aire de repos.,TRUE,osm
Aire de repos,aire_repos,autoroute,,,France,47.622946,8.1930985,TRUE,FALSE,FALSE,FALSE,FALSE,FALSE,,,FALSE,3.8,Aire de repos.,TRUE,osm
Aire de Repos de Courson les Carrieres,aire_repos,autoroute,,,France,47.6218829,3.4959259,TRUE,FALSE,FALSE,FALSE,FALSE,,,,FALSE,3.8,Aire de repos.,TRUE,osm
Aire de repos,aire_repos,autoroute,,,France,47.6212912,2.7592308,TRUE,FALSE,FALSE,FALSE,FALSE,,,,FALSE,3.8,Aire de repos.,TRUE,osm
Aire de repos,aire_repos,autoroute,,,France,47.6175973,-0.7172804,TRUE,FALSE,FALSE,FALSE,FALSE,TRUE,,,FALSE,3.8,Aire de repos.,TRUE,osm
Aire de repos,aire_repos,autoroute,,,France,47.6166142,9.2712867,TRUE,FALSE,FALSE,FALSE,FALSE,,,,FALSE,3.8,Aire de repos.,TRUE,osm
Aire de Repos de Courson les Carrieres,aire_repos,autoroute,,,France,47.6087673,3.501139,TRUE,FALSE,FALSE,FALSE,FALSE,,,,FALSE,3.8,Aire de repos.,TRUE,osm
Aire de repos,aire_repos,autoroute,,,France,47.6078201,8.2662887,TRUE,FALSE,FALSE,FALSE,FALSE,,,,FALSE,3.8,Aire de repos.,TRUE,osm
Aire de la Chatière,aire_repos,autoroute,,,France,47.6062173,1.1191168,TRUE,FALSE,FALSE,FALSE,FALSE,TRUE,,,FALSE,3.8,Aire de repos.,TRUE,osm
Aire des Bruères,aire_repos,autoroute,,,France,47.6058582,1.12268,TRUE,FALSE,FALSE,FALSE,FALSE,TRUE,,,FALSE,3.8,Aire de repos.,TRUE,osm
Aire des Bois de Vaux,aire_repos,autoroute,,Couthenans,France,47.5978551,6.7214476,TRUE,FALSE,FALSE,FALSE,FALSE,,,,FALSE,3.8,Aire de repos. (Couthenans),TRUE,osm
Aire de Montmorency,aire_repos,autoroute,,,France,47.5970876,3.9107895,TRUE,FALSE,FALSE,FALSE,FALSE,TRUE,,,FALSE,3.8,Aire de repos.,TRUE,osm
Aire de repos,aire_repos,autoroute,,,France,47.5970163,2.9635134,TRUE,FALSE,FALSE,FALSE,FALSE,,,,FALSE,3.8,Aire de repos.,TRUE,osm
Aire de repos,aire_repos,autoroute,,,France,47.5938548,5.5337334,TRUE,FALSE,FALSE,FALSE,FALSE,FALSE,,,FALSE,3.8,Aire de repos.,TRUE,osm
Aire d'Hervaux,aire_repos,autoroute,,,France,47.5893422,3.91834,TRUE,FALSE,FALSE,FALSE,FALSE,TRUE,,,FALSE,3.8,Aire de repos.,TRUE,osm
Aire de Sainte-Gertrude,aire_repos,autoroute,,,France,47.5864892,5.2090067,TRUE,FALSE,FALSE,FALSE,FALSE,,,,FALSE,3.8,Aire de repos.,TRUE,osm
Aire de la Villa des Tuillières,aire_repos,autoroute,,,France,47.5864167,5.2114609,TRUE,FALSE,FALSE,FALSE,FALSE,,,,FALSE,3.8,Aire de repos.,TRUE,osm
Aire de repos,aire_repos,autoroute,,,France,47.5852184,3.5148274,TRUE,FALSE,FALSE,FALSE,FALSE,,,,FALSE,3.8,Aire de repos.,TRUE,osm
Aire de repos,aire_repos,autoroute,,,France,47.5815348,3.5193335,TRUE,FALSE,FALSE,FALSE,FALSE,,,,FALSE,3.8,Aire de repos.,TRUE,osm
Aire de repos,aire_repos,autoroute,,,France,47.5704569,3.7818641,TRUE,FALSE,FALSE,FALSE,FALSE,FALSE,,,FALSE,3.8,Aire de repos.,TRUE,osm
Aire de repos,aire_repos,autoroute,,,France,47.5621481,1.3054138,TRUE,FALSE,FALSE,FALSE,FALSE,,,,FALSE,3.8,Aire de repos.,TRUE,osm
Aire de l'Étang du Maras,aire_repos,autoroute,,,France,47.5589755,2.0071294,TRUE,FALSE,FALSE,FALSE,FALSE,TRUE,,,FALSE,3.8,Aire de repos.,TRUE,osm
Aire de repos,aire_repos,autoroute,,,France,47.5558864,0.5954658,TRUE,FALSE,FALSE,FALSE,FALSE,TRUE,,,FALSE,3.8,Aire de repos.,TRUE,osm
Aire de repos,aire_repos,autoroute,,,France,47.5549233,7.8806299,TRUE,FALSE,FALSE,FALSE,FALSE,,,,FALSE,3.8,Aire de repos.,TRUE,osm
Aire de Voutenay,aire_repos,autoroute,,,France,47.5540293,3.7982429,TRUE,FALSE,FALSE,FALSE,FALSE,FALSE,,,FALSE,3.8,Aire de repos.,TRUE,osm
Aire de repos,aire_repos,autoroute,,,France,47.55238,0.5675631,TRUE,FALSE,FALSE,FALSE,FALSE,FALSE,,,FALSE,3.8,Aire de repos.,TRUE,osm
Aire de repos des Mottais,aire_repos,autoroute,,,France,47.5520972,-0.1865841,TRUE,FALSE,FALSE,FALSE,FALSE,TRUE,,,FALSE,3.8,Aire de repos.,TRUE,osm
Aire de repos,aire_repos,autoroute,,,France,47.5463503,9.1934651,TRUE,FALSE,FALSE,FALSE,FALSE,,,,FALSE,3.8,Aire de repos.,TRUE,osm
Aire de la Briganderie,aire_repos,autoroute,,,France,47.5461361,2.0094942,TRUE,FALSE,FALSE,FALSE,FALSE,TRUE,,,FALSE,3.8,Aire de repos.,TRUE,osm
Mumpf-Nord,aire_repos,autoroute,,,France,47.5454662,7.9326093,TRUE,FALSE,FALSE,FALSE,FALSE,TRUE,,,FALSE,3.8,Aire de repos.,TRUE,osm
Aire de repos,aire_repos,autoroute,,,France,47.5454187,7.9969924,TRUE,FALSE,FALSE,FALSE,FALSE,,,,FALSE,3.8,Aire de repos.,TRUE,osm
Mumpf-Süd,aire_repos,autoroute,,,France,47.5450122,7.9328347,TRUE,FALSE,FALSE,FALSE,FALSE,TRUE,,,FALSE,3.8,Aire de repos.,TRUE,osm
Aire de repos,aire_repos,autoroute,,,France,47.5426883,1.5179745,TRUE,FALSE,FALSE,FALSE,FALSE,,,,FALSE,3.8,Aire de repos.,TRUE,osm
Aire de Dambenois,aire_repos,autoroute,,,France,47.5426718,6.8625003,TRUE,FALSE,FALSE,FALSE,FALSE,TRUE,,,FALSE,3.8,Aire de repos.,TRUE,osm
Aire de repos,aire_repos,autoroute,,,France,47.5415215,0.3378903,TRUE,FALSE,FALSE,FALSE,FALSE,TRUE,,,FALSE,3.8,Aire de repos.,TRUE,osm
Aire de repos,aire_repos,autoroute,,,France,47.539968,4.439388,TRUE,FALSE,FALSE,FALSE,FALSE,,,,FALSE,3.8,Aire de repos.,TRUE,osm
Aire de Chantemerle,aire_repos,autoroute,,,France,47.5398713,0.6146073,TRUE,FALSE,FALSE,FALSE,FALSE,TRUE,,,FALSE,3.8,Aire de repos.,TRUE,osm
Aire d'Echenoz (-le-Sec),aire_repos,autoroute,,,France,47.5384222,6.1341893,TRUE,FALSE,FALSE,FALSE,FALSE,FALSE,,,FALSE,3.8,Aire de repos.,TRUE,osm
Aire de repos,aire_repos,autoroute,,,France,47.5367296,8.0008442,TRUE,FALSE,FALSE,FALSE,FALSE,,,,FALSE,3.8,Aire de repos.,TRUE,osm
Aire de repos,aire_repos,autoroute,,,France,47.5362879,4.8347758,TRUE,FALSE,FALSE,FALSE,FALSE,,,,FALSE,3.8,Aire de repos.,TRUE,osm
Aire de la Chenardière,aire_repos,autoroute,,,France,47.53625,0.6184188,TRUE,FALSE,FALSE,FALSE,FALSE,TRUE,,,FALSE,3.8,Aire de repos.,TRUE,osm
Aire de la Courte Épée,aire_repos,autoroute,,,France,47.5361452,0.9619219,TRUE,FALSE,FALSE,FALSE,FALSE,TRUE,,,FALSE,3.8,Aire de repos.,TRUE,osm
Aire de Puceul,aire_repos,autoroute,,,France,47.5355489,-1.638743,TRUE,FALSE,FALSE,FALSE,FALSE,TRUE,,,FALSE,3.8,Aire de repos.,TRUE,osm
Aire de la Picardière,aire_repos,autoroute,,,France,47.535084,0.9623269,TRUE,FALSE,FALSE,FALSE,FALSE,TRUE,,,FALSE,3.8,Aire de repos.,TRUE,osm
Aire de Puceul,aire_repos,autoroute,,,France,47.5327114,-1.6359975,TRUE,FALSE,FALSE,FALSE,FALSE,TRUE,,,FALSE,3.8,Aire de repos.,TRUE,osm
Aire de repos,aire_repos,autoroute,,,France,47.5314882,-0.0510874,TRUE,FALSE,FALSE,FALSE,FALSE,FALSE,,,FALSE,3.8,Aire de repos.,TRUE,osm
Aire de Marzan,aire_repos,autoroute,,,France,47.5297253,-2.3054849,TRUE,FALSE,FALSE,FALSE,FALSE,TRUE,,,FALSE,3.8,Aire de repos.,TRUE,osm
Aire de Bauné,aire_repos,autoroute,,,France,47.5205464,-0.3676128,TRUE,FALSE,FALSE,FALSE,FALSE,,,,FALSE,3.8,Aire de repos.,TRUE,osm
Aire de repos,aire_repos,autoroute,,,France,47.5153852,6.8445397,TRUE,FALSE,FALSE,FALSE,FALSE,,,,FALSE,3.8,Aire de repos.,TRUE,osm
Aire de repos,aire_repos,autoroute,,,France,47.514884,6.6673124,TRUE,FALSE,FALSE,FALSE,FALSE,,,,FALSE,3.8,Aire de repos.,TRUE,osm
Aire du Caule,aire_repos,autoroute,,,France,47.5129661,2.9173098,TRUE,FALSE,FALSE,FALSE,FALSE,,,,FALSE,3.8,Aire de repos.,TRUE,osm
Aire de repos,aire_repos,autoroute,,,France,47.5118284,8.0780882,TRUE,FALSE,FALSE,FALSE,FALSE,,,,FALSE,3.8,Aire de repos.,TRUE,osm
Aire du Séquoia,aire_repos,autoroute,,,France,47.5103282,2.9204224,TRUE,FALSE,FALSE,FALSE,FALSE,,,,FALSE,3.8,Aire de repos.,TRUE,osm
Aire de repos,aire_repos,autoroute,,,France,47.5085428,5.1698646,TRUE,FALSE,FALSE,FALSE,FALSE,,,,FALSE,3.8,Aire de repos.,TRUE,osm
Aire de repos,aire_repos,autoroute,,,France,47.5082502,8.0023629,TRUE,FALSE,FALSE,FALSE,FALSE,,,,FALSE,3.8,Aire de repos.,TRUE,osm
Aire de repos,aire_repos,autoroute,,,France,47.5029161,-2.1280836,TRUE,FALSE,FALSE,FALSE,FALSE,FALSE,,,FALSE,3.8,Aire de repos.,TRUE,osm
Aire de repos,aire_repos,autoroute,,,France,47.5023262,-1.7137697,TRUE,FALSE,FALSE,FALSE,FALSE,FALSE,,,FALSE,3.8,Aire de repos.,TRUE,osm
Aire de Genetoy,aire_repos,autoroute,,,France,47.4954646,4.1221309,TRUE,FALSE,FALSE,FALSE,FALSE,TRUE,,,FALSE,3.8,Aire de repos.,TRUE,osm
Aire de la Barrière de Monnaie,aire_repos,autoroute,,,France,47.4900393,0.8167794,TRUE,FALSE,FALSE,FALSE,FALSE,,,,FALSE,3.8,Aire de repos.,TRUE,osm
Hexentobel Nord,aire_repos,autoroute,,,France,47.4893994,8.9560006,TRUE,FALSE,FALSE,FALSE,FALSE,TRUE,,,FALSE,3.8,Aire de repos.,TRUE,osm
Hexentobel Süd,aire_repos,autoroute,,,France,47.4886591,8.9558684,TRUE,FALSE,FALSE,FALSE,FALSE,TRUE,,,FALSE,3.8,Aire de repos.,TRUE,osm
Aire d’Époisses,aire_repos,autoroute,,,France,47.4852344,4.1594218,TRUE,FALSE,FALSE,FALSE,FALSE,TRUE,,,FALSE,3.8,Aire de repos.,TRUE,osm
Aire de repos,aire_repos,autoroute,,,France,47.4842096,8.0054551,TRUE,FALSE,FALSE,FALSE,FALSE,,,,FALSE,3.8,Aire de repos.,TRUE,osm
Aire de repos,aire_repos,autoroute,,,France,47.4800135,8.333759,TRUE,FALSE,FALSE,FALSE,FALSE,FALSE,,,FALSE,3.8,Aire de repos.,TRUE,osm
Aire de repos,aire_repos,autoroute,,,France,47.4786585,8.2942274,TRUE,FALSE,FALSE,FALSE,FALSE,,,,FALSE,3.8,Aire de repos.,TRUE,osm
Aire de repos,aire_repos,autoroute,,,France,47.4725389,9.5178064,TRUE,FALSE,FALSE,FALSE,FALSE,TRUE,,,FALSE,3.8,Aire de repos.,TRUE,osm
Aire des Maremberts,aire_repos,autoroute,,,France,47.4697723,2.0066056,TRUE,FALSE,FALSE,FALSE,FALSE,TRUE,,,FALSE,3.8,Aire de repos.,TRUE,osm
Aire de repos,aire_repos,autoroute,,,France,47.467034,9.4760714,TRUE,FALSE,FALSE,FALSE,FALSE,TRUE,,,FALSE,3.8,Aire de repos.,TRUE,osm
Aire de repos,aire_repos,autoroute,,,France,47.4643542,1.0868786,TRUE,FALSE,FALSE,FALSE,FALSE,FALSE,,,FALSE,3.8,Aire de repos.,TRUE,osm
Aire de Cussy les Forges,aire_repos,autoroute,,,France,47.4622317,4.0475635,TRUE,FALSE,FALSE,FALSE,FALSE,FALSE,,,FALSE,3.8,Aire de repos.,TRUE,osm
Aire de repos,aire_repos,autoroute,,,France,47.4618112,6.089892,TRUE,FALSE,FALSE,FALSE,FALSE,,,,FALSE,3.8,Aire de repos.,TRUE,osm
Aire de repos,aire_repos,autoroute,,,France,47.461083,7.5304903,TRUE,FALSE,FALSE,FALSE,FALSE,,,,FALSE,3.8,Aire de repos.,TRUE,osm
Aire de repos,aire_repos,autoroute,,,France,47.460431,7.5542991,TRUE,FALSE,FALSE,FALSE,FALSE,,,,FALSE,3.8,Aire de repos.,TRUE,osm
Aire de repos,aire_repos,autoroute,,,France,47.4574106,-1.7916102,TRUE,FALSE,FALSE,FALSE,FALSE,FALSE,,,FALSE,3.8,Aire de repos.,TRUE,osm
Aire de repos,aire_repos,autoroute,,,France,47.4512413,3.637903,TRUE,FALSE,FALSE,FALSE,FALSE,FALSE,,,FALSE,3.8,Aire de repos.,TRUE,osm
Aire de repos du Morimont,aire_repos,autoroute,,,France,47.4509137,7.2134273,TRUE,FALSE,FALSE,FALSE,FALSE,,,,FALSE,3.8,Aire de repos.,TRUE,osm
Aire de La Côme,aire_repos,autoroute,,,France,47.4497322,4.2803986,TRUE,FALSE,FALSE,FALSE,FALSE,TRUE,,,FALSE,3.8,Aire de repos.,TRUE,osm
Aire de Ruffey,aire_repos,autoroute,,,France,47.4492456,4.2797924,TRUE,FALSE,FALSE,FALSE,FALSE,TRUE,,,FALSE,3.8,Aire de repos.,TRUE,osm
Aire de repos,aire_repos,autoroute,,,France,47.447488,-1.4776153,TRUE,FALSE,FALSE,FALSE,FALSE,FALSE,,,FALSE,3.8,Aire de repos.,TRUE,osm
Aire de la Saulot,aire_repos,autoroute,,,France,47.4465814,2.0063508,TRUE,FALSE,FALSE,FALSE,FALSE,TRUE,,,FALSE,3.8,Aire de repos.,TRUE,osm
Aire de la source du Gueux,aire_repos,autoroute,,,France,47.4438807,5.1193717,TRUE,FALSE,FALSE,FALSE,FALSE,,,,FALSE,3.8,Aire de repos.,TRUE,osm
Aire de repos,aire_repos,autoroute,,,France,47.4430352,4.0832931,TRUE,FALSE,FALSE,FALSE,FALSE,,,,FALSE,3.8,Aire de repos.,TRUE,osm
Aire de repos,aire_repos,autoroute,,,France,47.442745,6.728485,TRUE,FALSE,FALSE,FALSE,FALSE,TRUE,,,FALSE,3.8,Aire de repos.,TRUE,osm
Aire de repos,aire_repos,autoroute,,,France,47.441853,4.3118912,TRUE,FALSE,FALSE,FALSE,FALSE,FALSE,,,FALSE,3.8,Aire de repos.,TRUE,osm
Aire de la Bergerie,aire_repos,autoroute,,,France,47.4403486,4.7770334,TRUE,FALSE,FALSE,FALSE,FALSE,FALSE,,,FALSE,3.8,Aire de repos.,TRUE,osm
Aire des Montilets,aire_repos,autoroute,,,France,47.4351095,-0.7907367,TRUE,FALSE,FALSE,FALSE,FALSE,TRUE,,,FALSE,3.8,Aire de repos.,TRUE,osm
Aire de Réveillon,aire_repos,autoroute,,,France,47.4337826,-0.790226,TRUE,FALSE,FALSE,FALSE,FALSE,TRUE,,,FALSE,3.8,Aire de repos.,TRUE,osm
Aire de repos,aire_repos,autoroute,,,France,47.4327554,6.5812839,TRUE,FALSE,FALSE,FALSE,FALSE,,,,FALSE,3.8,Aire de repos.,TRUE,osm
Mägenwil,aire_repos,autoroute,,,France,47.4292534,8.2359207,TRUE,FALSE,FALSE,FALSE,FALSE,TRUE,,,FALSE,3.8,Aire de repos.,TRUE,osm
Aire de Repos,aire_repos,autoroute,D 938,,France,47.4249142,-0.1063443,TRUE,FALSE,FALSE,FALSE,FALSE,,,,FALSE,3.8,D 938 Aire de repos.,TRUE,osm
Aire de Dijon-Spoy,aire_repos,autoroute,,,France,47.4247522,5.1727073,TRUE,FALSE,FALSE,FALSE,FALSE,TRUE,,,FALSE,3.8,Aire de repos.,TRUE,osm
Wildhus Nord,aire_repos,autoroute,,,France,47.4228562,9.2614386,TRUE,FALSE,FALSE,FALSE,FALSE,,,,FALSE,3.8,Aire de repos.,TRUE,osm
Wildhus Süd,aire_repos,autoroute,,,France,47.4219667,9.2620382,TRUE,FALSE,FALSE,FALSE,FALSE,,,,FALSE,3.8,Aire de repos.,TRUE,osm
Aire de repos,aire_repos,autoroute,,,France,47.4151939,0.9734961,TRUE,FALSE,FALSE,FALSE,FALSE,,,,FALSE,3.8,Aire de repos.,TRUE,osm
Aire du Galiot,aire_repos,autoroute,,,France,47.4125236,6.5585215,TRUE,FALSE,FALSE,FALSE,FALSE,,,,FALSE,3.8,Aire de repos.,TRUE,osm
Aire du Charme,aire_repos,autoroute,,,France,47.410934,6.5505052,TRUE,FALSE,FALSE,FALSE,FALSE,TRUE,,,FALSE,3.8,Aire de repos.,TRUE,osm
Aire du Boulet,aire_repos,autoroute,,,France,47.405888,6.4461105,TRUE,FALSE,FALSE,FALSE,FALSE,TRUE,,,FALSE,3.8,Aire de repos.,TRUE,osm
Aire de la Combe de Fougère,aire_repos,autoroute,,,France,47.4047207,6.4461076,TRUE,FALSE,FALSE,FALSE,FALSE,,,,FALSE,3.8,Aire de repos.,TRUE,osm
Pompas,aire_repos,autoroute,,,France,47.402787,-2.3571027,TRUE,FALSE,FALSE,FALSE,FALSE,,,,FALSE,3.8,Aire de repos.,TRUE,osm
Aire de repos,aire_repos,autoroute,,,France,47.4022784,8.207376,TRUE,FALSE,FALSE,FALSE,FALSE,TRUE,,,FALSE,3.8,Aire de repos.,TRUE,osm
Aire de repos,aire_repos,autoroute,,,France,47.3978549,0.9069924,TRUE,FALSE,FALSE,FALSE,FALSE,FALSE,,,FALSE,3.8,Aire de repos.,TRUE,osm
Aire de repos,aire_repos,autoroute,,,France,47.3926138,8.159774,TRUE,FALSE,FALSE,FALSE,FALSE,,,,FALSE,3.8,Aire de repos.,TRUE,osm
Aire de repos,aire_repos,autoroute,,,France,47.3899624,4.5488709,TRUE,FALSE,FALSE,FALSE,FALSE,FALSE,,,FALSE,3.8,Aire de repos.,TRUE,osm
Aire de Marcigny,aire_repos,autoroute,,,France,47.389695,4.3656613,TRUE,FALSE,FALSE,FALSE,FALSE,TRUE,,,FALSE,3.8,Aire de repos.,TRUE,osm
Aire de Fermenot,aire_repos,autoroute,,,France,47.3887167,4.3655606,TRUE,FALSE,FALSE,FALSE,FALSE,TRUE,,,FALSE,3.8,Aire de repos.,TRUE,osm
Aire de repos de They,aire_repos,autoroute,,,France,47.3857162,6.0587248,TRUE,FALSE,FALSE,FALSE,FALSE,,,,FALSE,3.8,Aire de repos.,TRUE,osm
Aire de repos,aire_repos,autoroute,,,France,47.3783281,-1.1232651,TRUE,FALSE,FALSE,FALSE,FALSE,,,,FALSE,3.8,Aire de repos.,TRUE,osm
Aire de repos,aire_repos,autoroute,,,France,47.3690267,5.2302003,TRUE,FALSE,FALSE,FALSE,FALSE,,,,FALSE,3.8,Aire de repos.,TRUE,osm
Aire de repos,aire_repos,autoroute,,,France,47.3636318,0.629586,TRUE,FALSE,FALSE,FALSE,FALSE,FALSE,,,FALSE,3.8,Aire de repos.,TRUE,osm
Aire de repos,aire_repos,autoroute,,,France,47.3632822,4.5677485,TRUE,FALSE,FALSE,FALSE,FALSE,FALSE,,,FALSE,3.8,Aire de repos.,TRUE,osm
Aire de repos,aire_repos,autoroute,,,France,47.3600213,6.4159432,TRUE,FALSE,FALSE,FALSE,FALSE,,,,FALSE,3.8,Aire de repos.,TRUE,osm
Aire de repos,aire_repos,autoroute,,,France,47.3593898,9.179569,TRUE,FALSE,FALSE,FALSE,FALSE,,,,FALSE,3.8,Aire de repos.,TRUE,osm
Aire de repos,aire_repos,autoroute,,,France,47.359099,7.7610469,TRUE,FALSE,FALSE,FALSE,FALSE,,,,FALSE,3.8,Aire de repos.,TRUE,osm
Aire de repos,aire_repos,autoroute,,,France,47.3585665,6.4105165,TRUE,FALSE,FALSE,FALSE,FALSE,,,,FALSE,3.8,Aire de repos.,TRUE,osm
Aire de Repos de Brissac-Quincé Fermée,aire_repos,autoroute,,,France,47.3573681,-0.4420247,TRUE,FALSE,FALSE,FALSE,FALSE,FALSE,,,FALSE,3.8,Aire de repos.,TRUE,osm
Aire de repos,aire_repos,autoroute,,,France,47.3566763,4.0005409,TRUE,FALSE,FALSE,FALSE,FALSE,,,,FALSE,3.8,Aire de repos.,TRUE,osm
Aire de repos,aire_repos,autoroute,,,France,47.3520498,4.5744484,TRUE,FALSE,FALSE,FALSE,FALSE,FALSE,,,FALSE,3.8,Aire de repos.,TRUE,osm
Aire de repos,aire_repos,autoroute,,,France,47.3504533,-0.7731891,TRUE,FALSE,FALSE,FALSE,FALSE,,,,FALSE,3.8,Aire de repos.,TRUE,osm
Pumptrack Egliswil,aire_repos,autoroute,,,France,47.3475436,8.1835382,TRUE,FALSE,FALSE,FALSE,FALSE,,,,FALSE,3.8,Aire de repos.,TRUE,osm
Aire des Grands Brocards,aire_repos,autoroute,,,France,47.3455021,6.2570309,TRUE,FALSE,FALSE,FALSE,FALSE,TRUE,,,FALSE,3.8,Aire de repos.,TRUE,osm
Aire de repos,aire_repos,autoroute,,,France,47.3451014,9.5048349,TRUE,FALSE,FALSE,FALSE,FALSE,FALSE,,,FALSE,3.8,Aire de repos.,TRUE,osm
Aire de Chevaney,aire_repos,autoroute,,,France,47.3443132,6.2562239,TRUE,FALSE,FALSE,FALSE,FALSE,TRUE,,,FALSE,3.8,Aire de repos.,TRUE,osm
Aire de repos,aire_repos,autoroute,,,France,47.3408535,7.2226097,TRUE,FALSE,FALSE,FALSE,FALSE,TRUE,,,FALSE,3.8,Aire de repos.,TRUE,osm
Aire du Cellier,aire_repos,autoroute,,,France,47.3392629,-1.3830395,TRUE,FALSE,FALSE,FALSE,FALSE,TRUE,,,FALSE,3.8,Aire de repos.,TRUE,osm
Aire de Launay,aire_repos,autoroute,,,France,47.3385799,-1.3813841,TRUE,FALSE,FALSE,FALSE,FALSE,TRUE,,,FALSE,3.8,Aire de repos.,TRUE,osm
Aire de repos,aire_repos,autoroute,,,France,47.3364525,7.760489,TRUE,FALSE,FALSE,FALSE,FALSE,,,,FALSE,3.8,Aire de repos.,TRUE,osm
Aire de repos,aire_repos,autoroute,,,France,47.3360852,0.4622036,TRUE,FALSE,FALSE,FALSE,FALSE,FALSE,,,FALSE,3.8,Aire de repos.,TRUE,osm
Aire de repos,aire_repos,autoroute,,,France,47.334508,-1.3255951,TRUE,FALSE,FALSE,FALSE,FALSE,,,,FALSE,3.8,Aire de repos.,TRUE,osm
Aire de repos,aire_repos,autoroute,,,France,47.3340412,-0.4409136,TRUE,FALSE,FALSE,FALSE,FALSE,,,,FALSE,3.8,Aire de repos.,TRUE,osm
Aire de repos,aire_repos,autoroute,,,France,47.3281264,1.2875866,TRUE,FALSE,FALSE,FALSE,FALSE,,,,FALSE,3.8,Aire de repos.,TRUE,osm
Aire de repos,aire_repos,autoroute,,,France,47.3250408,5.170152,TRUE,FALSE,FALSE,FALSE,FALSE,,,,FALSE,3.8,Aire de repos.,TRUE,osm
Aire de la Goumandière,aire_repos,autoroute,,,France,47.3220395,1.0805169,TRUE,FALSE,FALSE,FALSE,FALSE,,,,FALSE,3.8,Aire de repos.,TRUE,osm
Walterswil,aire_repos,autoroute,,,France,47.3217247,7.9648717,TRUE,FALSE,FALSE,FALSE,FALSE,TRUE,,,FALSE,3.8,Aire de repos.,TRUE,osm
Aire de repos,aire_repos,autoroute,,,France,47.3207572,4.0761829,TRUE,FALSE,FALSE,FALSE,FALSE,,,,FALSE,3.8,Aire de repos.,TRUE,osm
Aire du Pré d’Azur,aire_repos,autoroute,,,France,47.3202619,5.1718111,TRUE,FALSE,FALSE,FALSE,FALSE,,,,FALSE,3.8,Aire de repos.,TRUE,osm
Aire de la Tille,aire_repos,autoroute,,,France,47.3194395,5.1701214,TRUE,FALSE,FALSE,FALSE,FALSE,FALSE,,,FALSE,3.8,Aire de repos.,TRUE,osm
Aire de repos,aire_repos,autoroute,,,France,47.318905,5.5756039,TRUE,FALSE,FALSE,FALSE,FALSE,FALSE,,,FALSE,3.8,Aire de repos.,TRUE,osm
Aire de repos,aire_repos,autoroute,,,France,47.3182998,4.1014105,TRUE,FALSE,FALSE,FALSE,FALSE,,,,FALSE,3.8,Aire de repos.,TRUE,osm
Oftringen,aire_repos,autoroute,,,France,47.3163726,7.945691,TRUE,FALSE,FALSE,FALSE,FALSE,TRUE,,,FALSE,3.8,Aire de repos.,TRUE,osm
Aire de repos,aire_repos,autoroute,,,France,47.3161887,7.9455521,TRUE,FALSE,FALSE,FALSE,FALSE,TRUE,,,FALSE,3.8,Aire de repos.,TRUE,osm
Aire de repos,aire_repos,autoroute,,,France,47.316041,8.0573361,TRUE,FALSE,FALSE,FALSE,FALSE,,,,FALSE,3.8,Aire de repos.,TRUE,osm
Aire de repos,aire_repos,autoroute,,,France,47.3149118,4.6052738,TRUE,FALSE,FALSE,FALSE,FALSE,FALSE,,,FALSE,3.8,Aire de repos.,TRUE,osm
Aire de repos,aire_repos,autoroute,,,France,47.3141876,0.7116328,TRUE,FALSE,FALSE,FALSE,FALSE,,,,FALSE,3.8,Aire de repos.,TRUE,osm
Aire de repos,aire_repos,autoroute,,,France,47.3129562,5.6653845,TRUE,FALSE,FALSE,FALSE,FALSE,,,,FALSE,3.8,Aire de repos.,TRUE,osm
Aire de repos,aire_repos,autoroute,,,France,47.311879,0.736829,TRUE,FALSE,FALSE,FALSE,FALSE,,,,FALSE,3.8,Aire de repos.,TRUE,osm
Aire de repos,aire_repos,autoroute,,,France,47.3098046,-0.1397109,TRUE,FALSE,FALSE,FALSE,FALSE,FALSE,,,FALSE,3.8,Aire de repos.,TRUE,osm
Aire de repos,aire_repos,autoroute,,,France,47.3090415,4.6276233,TRUE,FALSE,FALSE,FALSE,FALSE,FALSE,,,FALSE,3.8,Aire de repos.,TRUE,osm
Aire de repos,aire_repos,autoroute,,,France,47.3062426,4.6517739,TRUE,FALSE,FALSE,FALSE,FALSE,,,,FALSE,3.8,Aire de repos.,TRUE,osm
Aire de repos,aire_repos,autoroute,,,France,47.3040965,4.6600992,TRUE,FALSE,FALSE,FALSE,FALSE,,,,FALSE,3.8,Aire de repos.,TRUE,osm
Aire de repos,aire_repos,autoroute,,,France,47.3031207,4.9672664,TRUE,FALSE,FALSE,FALSE,FALSE,,,,FALSE,3.8,Aire de repos.,TRUE,osm
Aire du Bois de Faix,aire_repos,autoroute,,,France,47.3015988,1.2247153,TRUE,FALSE,FALSE,FALSE,FALSE,TRUE,,,FALSE,3.8,Aire de repos.,TRUE,osm
Aire de la Canarderie,aire_repos,autoroute,,,France,47.3002407,1.224368,TRUE,FALSE,FALSE,FALSE,FALSE,TRUE,,,FALSE,3.8,Aire de repos.,TRUE,osm
Aire de la Grange Rouge,aire_repos,autoroute,,,France,47.2953282,1.9228763,TRUE,FALSE,FALSE,FALSE,FALSE,TRUE,,,FALSE,3.8,Aire de repos.,TRUE,osm
Aire du Jarrier,aire_repos,autoroute,,,France,47.2940951,1.9244085,TRUE,FALSE,FALSE,FALSE,FALSE,TRUE,,,FALSE,3.8,Aire de repos.,TRUE,osm
Aire du Village Brûlé,aire_repos,autoroute,,,France,47.291191,0.6849089,TRUE,FALSE,FALSE,FALSE,FALSE,,,,FALSE,3.8,Aire de repos.,TRUE,osm
Aire de repos,aire_repos,autoroute,,,France,47.2899781,0.171,TRUE,FALSE,FALSE,FALSE,FALSE,,,,FALSE,3.8,Aire de repos.,TRUE,osm
Aire de Pouilly,aire_repos,autoroute,,,France,47.2879428,2.9605033,TRUE,FALSE,FALSE,FALSE,FALSE,,,,FALSE,3.8,Aire de repos.,TRUE,osm
Aire de repos,aire_repos,autoroute,,,France,47.2866077,9.0830607,TRUE,FALSE,FALSE,FALSE,FALSE,,,,FALSE,3.8,Aire de repos.,TRUE,osm
Aire de repos,aire_repos,autoroute,,,France,47.2846905,0.2394797,TRUE,FALSE,FALSE,FALSE,FALSE,,,,FALSE,3.8,Aire de repos.,TRUE,osm
Aire de repos,aire_repos,autoroute,,,France,47.2838613,4.019207,TRUE,FALSE,FALSE,FALSE,FALSE,,,,FALSE,3.8,Aire de repos.,TRUE,osm
Aire de repos,aire_repos,autoroute,,,France,47.2808544,4.7838545,TRUE,FALSE,FALSE,FALSE,FALSE,FALSE,,,FALSE,3.8,Aire de repos.,TRUE,osm
Aire de repos,aire_repos,autoroute,,,France,47.2764334,3.7160959,TRUE,FALSE,FALSE,FALSE,FALSE,,,,FALSE,3.8,Aire de repos.,TRUE,osm
Aire de repos,aire_repos,autoroute,,,France,47.2753457,9.0630482,TRUE,FALSE,FALSE,FALSE,FALSE,FALSE,,,FALSE,3.8,Aire de repos.,TRUE,osm
Aire de Pelousey,aire_repos,autoroute,,,France,47.2709674,5.9290057,TRUE,FALSE,FALSE,FALSE,FALSE,,,,FALSE,3.8,Aire de repos.,TRUE,osm
Aire du Bois de Frachère,aire_repos,autoroute,,,France,47.270646,5.9296672,TRUE,FALSE,FALSE,FALSE,FALSE,TRUE,,,FALSE,3.8,Aire de repos.,TRUE,osm
Aire de repos,aire_repos,autoroute,,,France,47.2693649,7.1134921,TRUE,FALSE,FALSE,FALSE,FALSE,,,,FALSE,3.8,Aire de repos.,TRUE,osm
Aire de repos,aire_repos,autoroute,,,France,47.2614444,-1.9806706,TRUE,FALSE,FALSE,FALSE,FALSE,,,,FALSE,3.8,Aire de repos.,TRUE,osm
Aire de Saint-Nicolas de Bourgueil,aire_repos,autoroute,,,France,47.2608913,0.1439178,TRUE,FALSE,FALSE,FALSE,FALSE,TRUE,,,FALSE,3.8,Aire de repos.,TRUE,osm
Aire de Chouzé sur Loire,aire_repos,autoroute,,,France,47.2591514,0.1425682,TRUE,FALSE,FALSE,FALSE,FALSE,,,,FALSE,3.8,Aire de repos.,TRUE,osm
Secure Truck Parking Isoparc Sorgina,aire_repos,autoroute,,,France,47.2571402,0.6770721,TRUE,FALSE,FALSE,FALSE,FALSE,,,,FALSE,3.8,Aire de repos.,TRUE,osm
Aire de Pouilly,aire_repos,autoroute,,,France,47.2570004,2.9876605,TRUE,FALSE,FALSE,FALSE,FALSE,,,,FALSE,3.8,Aire de repos.,TRUE,osm
Aire de repos,aire_repos,autoroute,,,France,47.2507324,-0.7311453,TRUE,FALSE,FALSE,FALSE,FALSE,,,,FALSE,3.8,Aire de repos.,TRUE,osm
Aire de repos,aire_repos,autoroute,,,France,47.250103,-0.0174624,TRUE,FALSE,FALSE,FALSE,FALSE,,,,FALSE,3.8,Aire de repos.,TRUE,osm
Oberbipp,aire_repos,autoroute,,,France,47.249759,7.6672247,TRUE,FALSE,FALSE,FALSE,FALSE,TRUE,,,FALSE,3.8,Aire de repos.,TRUE,osm
Aire de repos,aire_repos,autoroute,,,France,47.2481306,8.3672071,TRUE,FALSE,FALSE,FALSE,FALSE,,,,FALSE,3.8,Aire de repos.,TRUE,osm
Aire de repos,aire_repos,autoroute,,,France,47.2480885,5.1994278,TRUE,FALSE,FALSE,FALSE,FALSE,FALSE,,,FALSE,3.8,Aire de repos.,TRUE,osm
Aire de Liernais,aire_repos,autoroute,,,France,47.2467996,4.2828816,TRUE,FALSE,FALSE,FALSE,FALSE,FALSE,,,FALSE,3.8,Aire de repos.,TRUE,osm
Aire de Bois Défendu,aire_repos,autoroute,,,France,47.242611,5.2485706,TRUE,FALSE,FALSE,FALSE,FALSE,,,,FALSE,3.8,Aire de repos.,TRUE,osm
Aire de Beire le Fort,aire_repos,autoroute,,,France,47.2394317,5.2613122,TRUE,FALSE,FALSE,FALSE,FALSE,TRUE,,,FALSE,3.8,Aire de repos.,TRUE,osm
Aire de Repos de Reconvilier,aire_repos,autoroute,,,France,47.2279838,7.2193131,TRUE,FALSE,FALSE,FALSE,TRUE,TRUE,,,FALSE,3.8,Aire de repos.,TRUE,osm
Deitingen Süd,aire_repos,autoroute,,,France,47.226163,7.6168685,TRUE,FALSE,FALSE,FALSE,FALSE,TRUE,,,FALSE,3.8,Aire de repos.,TRUE,osm
Aire de La Repotte,aire_repos,autoroute,,,France,47.2219853,4.5948494,TRUE,FALSE,FALSE,FALSE,TRUE,TRUE,,,FALSE,3.8,Aire de repos.,TRUE,osm
Aire de Chaignot,aire_repos,autoroute,,,France,47.2208401,4.5944415,TRUE,FALSE,FALSE,FALSE,FALSE,TRUE,,,FALSE,3.8,Aire de repos.,TRUE,osm
Aire de la Barrière de Sorigny,aire_repos,autoroute,,,France,47.2199401,0.6585567,TRUE,FALSE,FALSE,FALSE,FALSE,,,,FALSE,3.8,Aire de repos.,TRUE,osm
Aire du Bois de Servole,aire_repos,autoroute,,,France,47.2139154,5.8535116,TRUE,FALSE,FALSE,FALSE,FALSE,FALSE,,,FALSE,3.8,Aire de repos.,TRUE,osm
Aire de repos,aire_repos,autoroute,,,France,47.2073149,-1.7851322,TRUE,FALSE,FALSE,FALSE,FALSE,,,,FALSE,3.8,Aire de repos.,TRUE,osm
Aire de repos,aire_repos,autoroute,,,France,47.2019506,7.7283661,TRUE,FALSE,FALSE,FALSE,FALSE,,,,FALSE,3.8,Aire de repos.,TRUE,osm
Aire de repos,aire_repos,autoroute,,,France,47.1946501,8.5253384,TRUE,FALSE,FALSE,FALSE,FALSE,FALSE,,,FALSE,3.8,Aire de repos.,TRUE,osm
Aire de La Charité sur Loire,aire_repos,autoroute,,,France,47.1907708,3.0307579,TRUE,FALSE,FALSE,FALSE,FALSE,TRUE,,,FALSE,3.8,Aire de repos.,TRUE,osm
Aire d'Hyombre,aire_repos,autoroute,,,France,47.1903313,5.751089,TRUE,FALSE,FALSE,FALSE,FALSE,TRUE,,,FALSE,3.8,Aire de repos.,TRUE,osm
Aire de repos,aire_repos,autoroute,,,France,47.1885886,-0.2435868,TRUE,FALSE,FALSE,FALSE,FALSE,,,,FALSE,3.8,Aire de repos.,TRUE,osm
Aire de repos,aire_repos,autoroute,,,France,47.1874278,8.7304354,TRUE,FALSE,FALSE,FALSE,FALSE,,,,FALSE,3.8,Aire de repos.,TRUE,osm
Aire de repos,aire_repos,autoroute,,,France,47.1818913,-0.2523013,TRUE,FALSE,FALSE,FALSE,FALSE,,,,FALSE,3.8,Aire de repos.,TRUE,osm
Aire de repos,aire_repos,autoroute,,,France,47.1701215,4.4317067,TRUE,FALSE,FALSE,FALSE,FALSE,FALSE,,,FALSE,3.8,Aire de repos.,TRUE,osm
Aire de repos,aire_repos,autoroute,,,France,47.1682535,7.6755721,TRUE,FALSE,FALSE,FALSE,FALSE,,,,FALSE,3.8,Aire de repos.,TRUE,osm
Aire de repos,aire_repos,autoroute,,,France,47.1676063,1.5563223,TRUE,FALSE,FALSE,FALSE,FALSE,,,,FALSE,3.8,Aire de repos.,TRUE,osm
Aire de repos,aire_repos,autoroute,,,France,47.1598728,4.4367009,TRUE,FALSE,FALSE,FALSE,FALSE,FALSE,,,FALSE,3.8,Aire de repos.,TRUE,osm
Aire de repos,aire_repos,autoroute,,,France,47.1593713,5.9511311,TRUE,FALSE,FALSE,FALSE,FALSE,,,,FALSE,3.8,Aire de repos.,TRUE,osm
Aire de La Marche,aire_repos,autoroute,,,France,47.156272,3.0499453,TRUE,FALSE,FALSE,FALSE,FALSE,TRUE,,,FALSE,3.8,Aire de repos.,TRUE,osm
Aire de repos,aire_repos,autoroute,,,France,47.1557901,4.6978288,TRUE,FALSE,FALSE,FALSE,FALSE,TRUE,,,FALSE,3.8,Aire de repos.,TRUE,osm
Aire de Vallet,aire_repos,autoroute,,,France,47.1556338,-1.3127164,TRUE,FALSE,FALSE,FALSE,FALSE,TRUE,,,FALSE,3.8,Aire de repos.,TRUE,osm
Aire de la Garenne,aire_repos,autoroute,,,France,47.155411,4.6978097,TRUE,FALSE,FALSE,FALSE,FALSE,TRUE,,,FALSE,3.8,Aire de repos.,TRUE,osm
Aire de repos,aire_repos,autoroute,,,France,47.1478315,-2.1530715,TRUE,FALSE,FALSE,FALSE,FALSE,,,,FALSE,3.8,Aire de repos.,TRUE,osm
Aire de Flagey-Échezeaux,aire_repos,autoroute,,,France,47.1468561,4.9897147,TRUE,FALSE,FALSE,FALSE,FALSE,TRUE,,,FALSE,3.8,Aire de repos.,TRUE,osm
Aire de Boncourt le Bois,aire_repos,autoroute,,,France,47.1464172,4.9899175,TRUE,FALSE,FALSE,FALSE,FALSE,,,,FALSE,3.8,Aire de repos.,TRUE,osm
Aire de Quincy,aire_repos,autoroute,,,France,47.1444719,2.1848231,TRUE,FALSE,FALSE,FALSE,FALSE,,,,FALSE,3.8,Aire de repos.,TRUE,osm
Aire de la Chaussée de César,aire_repos,autoroute,,,France,47.144452,2.1865629,TRUE,FALSE,FALSE,FALSE,FALSE,TRUE,,,FALSE,3.8,Aire de repos.,TRUE,osm
Aire de repos,aire_repos,autoroute,,,France,47.1365639,2.2729362,TRUE,FALSE,FALSE,FALSE,FALSE,,,,FALSE,3.8,Aire de repos.,TRUE,osm
Aire de repos,aire_repos,autoroute,,,France,47.1354882,6.2809194,TRUE,FALSE,FALSE,FALSE,FALSE,,,,FALSE,3.8,Aire de repos.,TRUE,osm
Aire de repos,aire_repos,autoroute,,,France,47.1351801,-1.6530152,TRUE,FALSE,FALSE,FALSE,FALSE,FALSE,,,FALSE,3.8,Aire de repos.,TRUE,osm
Aire de repos,aire_repos,autoroute,,,France,47.1325675,1.6894819,TRUE,FALSE,FALSE,FALSE,FALSE,,,,FALSE,3.8,Aire de repos.,TRUE,osm
Aire du Bois des Potets,aire_repos,autoroute,,,France,47.1310835,5.4346645,TRUE,FALSE,FALSE,FALSE,FALSE,TRUE,,,FALSE,3.8,Aire de repos.,TRUE,osm
Aire de Sampans,aire_repos,autoroute,,,France,47.1297648,5.4350868,TRUE,FALSE,FALSE,FALSE,FALSE,TRUE,,,FALSE,3.8,Aire de repos.,TRUE,osm
Aire de repos,aire_repos,autoroute,,,France,47.1239081,4.9441881,TRUE,FALSE,FALSE,FALSE,FALSE,,,,FALSE,3.8,Aire de repos.,TRUE,osm
Aire de repos,aire_repos,autoroute,,,France,47.1209507,-1.5848178,TRUE,FALSE,FALSE,FALSE,FALSE,,,,FALSE,3.8,Aire de repos.,TRUE,osm
Rizlina,aire_repos,autoroute,,,France,47.1200924,9.5527028,TRUE,FALSE,FALSE,FALSE,FALSE,TRUE,,,FALSE,3.8,Aire de repos.,TRUE,osm
Aire de repos,aire_repos,autoroute,,,France,47.1188006,0.9788511,TRUE,FALSE,FALSE,FALSE,FALSE,,,,FALSE,3.8,Aire de repos.,TRUE,osm
Aire de repos,aire_repos,autoroute,,,France,47.1131215,9.2675981,TRUE,FALSE,FALSE,FALSE,FALSE,,,,FALSE,3.8,Aire de repos.,TRUE,osm
Aire de repos,aire_repos,autoroute,,,France,47.1121892,-2.0256397,TRUE,FALSE,FALSE,FALSE,FALSE,,,,FALSE,3.8,Aire de repos.,TRUE,osm
Aire de repos,aire_repos,autoroute,,,France,47.1067074,-1.9820286,TRUE,FALSE,FALSE,FALSE,FALSE,,,,FALSE,3.8,Aire de repos.,TRUE,osm
Aire de la Vallée de l'Yèvre,aire_repos,autoroute,,,France,47.0944398,2.3406825,TRUE,FALSE,FALSE,FALSE,TRUE,TRUE,,,FALSE,3.8,Aire de repos.,TRUE,osm
Aire de repos,aire_repos,autoroute,,,France,47.079607,4.5600019,TRUE,FALSE,FALSE,FALSE,FALSE,,,,FALSE,3.8,Aire de repos.,TRUE,osm
Aire de repos,aire_repos,autoroute,,,France,47.0765499,4.849841,TRUE,FALSE,FALSE,FALSE,FALSE,FALSE,,,FALSE,3.8,Aire de repos.,TRUE,osm
Aire de Serrigny,aire_repos,autoroute,,,France,47.0734703,4.9228674,TRUE,FALSE,FALSE,FALSE,FALSE,TRUE,,,FALSE,3.8,Aire de repos.,TRUE,osm
Aire de Corgoloin,aire_repos,autoroute,,,France,47.0730812,4.9237552,TRUE,FALSE,FALSE,FALSE,FALSE,TRUE,,,FALSE,3.8,Aire de repos.,TRUE,osm
Aire de Saint-Jean de Losne,aire_repos,autoroute,,,France,47.0658405,5.3009446,TRUE,FALSE,FALSE,FALSE,FALSE,TRUE,,,FALSE,3.8,Aire de repos.,TRUE,osm
Aire des Noues,aire_repos,autoroute,,,France,47.0646953,5.2987596,TRUE,FALSE,FALSE,FALSE,FALSE,TRUE,,,FALSE,3.8,Aire de repos.,TRUE,osm
Aire de repos,aire_repos,autoroute,,,France,47.0636854,3.8331476,TRUE,FALSE,FALSE,FALSE,FALSE,,,,FALSE,3.8,Aire de repos.,TRUE,osm
Aire du Bois des Corbeaux,aire_repos,autoroute,,,France,47.0622808,4.7731116,TRUE,FALSE,FALSE,FALSE,TRUE,TRUE,,,FALSE,3.8,Aire de repos.,TRUE,osm
Aire de repos,aire_repos,autoroute,,,France,47.0577564,7.5487127,TRUE,FALSE,FALSE,FALSE,TRUE,TRUE,,,FALSE,3.8,Aire de repos.,TRUE,osm
Aire du Rossignol,aire_repos,autoroute,,,France,47.0569349,4.7936999,TRUE,FALSE,FALSE,FALSE,FALSE,TRUE,,,FALSE,3.8,Aire de repos.,TRUE,osm
Aire de repos,aire_repos,autoroute,,,France,47.0562797,3.8133663,TRUE,FALSE,FALSE,FALSE,FALSE,,,,FALSE,3.8,Aire de repos.,TRUE,osm
Aire de Savigny-lès-Beaune,aire_repos,autoroute,,,France,47.0562678,4.8285386,TRUE,FALSE,FALSE,FALSE,FALSE,TRUE,,,FALSE,3.8,Aire de repos.,TRUE,osm
Aire de repos,aire_repos,autoroute,,,France,47.0527229,1.0902028,TRUE,FALSE,FALSE,FALSE,FALSE,,,,FALSE,3.8,Aire de repos.,TRUE,osm
Aire de repos,aire_repos,autoroute,,,France,47.0520106,8.252535,TRUE,FALSE,FALSE,FALSE,FALSE,,,,FALSE,3.8,Aire de repos.,TRUE,osm
Aire de repos,aire_repos,autoroute,,,France,47.0511008,0.039383,TRUE,FALSE,FALSE,FALSE,FALSE,,,,FALSE,3.8,Aire de repos.,TRUE,osm
Aire de repos,aire_repos,autoroute,,,France,47.0509332,-1.0610171,TRUE,FALSE,FALSE,FALSE,FALSE,FALSE,,,FALSE,3.8,Aire de repos.,TRUE,osm
Aire de repos,aire_repos,autoroute,,,France,47.0507099,6.7137253,TRUE,FALSE,FALSE,FALSE,FALSE,,,,FALSE,3.8,Aire de repos.,TRUE,osm
Aire d'Argilly,aire_repos,autoroute,,,France,47.0457595,5.0081605,TRUE,FALSE,FALSE,FALSE,FALSE,TRUE,,,FALSE,3.8,Aire de repos.,TRUE,osm
Aire de Baudres,aire_repos,autoroute,,,France,47.0455053,1.6072756,TRUE,FALSE,FALSE,FALSE,FALSE,,,,FALSE,3.8,Aire de repos.,TRUE,osm
Aire de Villy le Moutier,aire_repos,autoroute,,,France,47.0447262,5.0057818,TRUE,FALSE,FALSE,FALSE,FALSE,TRUE,,,FALSE,3.8,Aire de repos.,TRUE,osm
Aire de repos,aire_repos,autoroute,,,France,47.0407948,-0.8195381,TRUE,FALSE,FALSE,FALSE,FALSE,,,,FALSE,3.8,Aire de repos.,TRUE,osm
Aire de repos,aire_repos,autoroute,,,France,47.0392194,5.4491961,TRUE,FALSE,FALSE,FALSE,FALSE,FALSE,,,FALSE,3.8,Aire de repos.,TRUE,osm
Aire de repos,aire_repos,autoroute,,,France,47.0339826,8.4314618,TRUE,FALSE,FALSE,FALSE,FALSE,,,,FALSE,3.8,Aire de repos.,TRUE,osm
Aire de repos,aire_repos,autoroute,,,France,47.0307671,-0.7950581,TRUE,FALSE,FALSE,FALSE,FALSE,,,,FALSE,3.8,Aire de repos.,TRUE,osm
Aire de Maillé,aire_repos,autoroute,,,France,47.0254677,0.566453,TRUE,FALSE,FALSE,FALSE,FALSE,TRUE,,,FALSE,3.8,Aire de repos.,TRUE,osm
Aire de repos,aire_repos,autoroute,,,France,47.0254617,4.6456092,TRUE,FALSE,FALSE,FALSE,FALSE,FALSE,,,FALSE,3.8,Aire de repos.,TRUE,osm
Aire de Bourges-Cathédrale,aire_repos,autoroute,,,France,47.0254594,2.3799622,TRUE,FALSE,FALSE,FALSE,FALSE,TRUE,,,FALSE,3.8,Aire de repos.,TRUE,osm
Aire de Remouillé-Ouest,aire_repos,autoroute,,,France,47.0233162,-1.4006873,TRUE,FALSE,FALSE,FALSE,FALSE,TRUE,,,FALSE,3.8,Aire de repos.,TRUE,osm
Aire de Remouillé-Est,aire_repos,autoroute,,,France,47.0199632,-1.3949163,TRUE,FALSE,FALSE,FALSE,FALSE,TRUE,,,FALSE,3.8,Aire de repos.,TRUE,osm
Cholet Sud,aire_repos,autoroute,,,France,47.0195944,-0.8816427,TRUE,FALSE,FALSE,FALSE,FALSE,,,,FALSE,3.8,Aire de repos.,TRUE,osm
Aire de repos,aire_repos,autoroute,,,France,47.0109535,4.8021197,TRUE,FALSE,FALSE,FALSE,FALSE,,,,FALSE,3.8,Aire de repos.,TRUE,osm
Aire de repos,aire_repos,autoroute,,,France,47.0077627,8.7745413,TRUE,FALSE,FALSE,FALSE,FALSE,,,,FALSE,3.8,Aire de repos.,TRUE,osm
Grange de Vaivre,aire_repos,autoroute,,,France,47.0075076,5.8467543,TRUE,FALSE,FALSE,FALSE,FALSE,,,,FALSE,3.8,Aire de repos.,TRUE,osm
Aire de repos,aire_repos,autoroute,,,France,47.0059036,5.5011602,TRUE,FALSE,FALSE,FALSE,FALSE,,,,FALSE,3.8,Aire de repos.,TRUE,osm
Aire de repos,aire_repos,autoroute,,,France,47.0037873,5.5053265,TRUE,FALSE,FALSE,FALSE,FALSE,,,,FALSE,3.8,Aire de repos.,TRUE,osm
Aire de repos,aire_repos,autoroute,,,France,46.9965619,1.5998518,TRUE,FALSE,FALSE,FALSE,FALSE,,,,FALSE,3.8,Aire de repos.,TRUE,osm
Aire de repos,aire_repos,autoroute,,,France,46.9962718,0.0463993,TRUE,FALSE,FALSE,FALSE,FALSE,,,,FALSE,3.8,Aire de repos.,TRUE,osm
Aire de repos,aire_repos,autoroute,,,France,46.9916647,5.3361147,TRUE,FALSE,FALSE,FALSE,FALSE,,,,FALSE,3.8,Aire de repos.,TRUE,osm
Aire de repos,aire_repos,autoroute,,,France,46.9907967,5.0648505,TRUE,FALSE,FALSE,FALSE,FALSE,,,,FALSE,3.8,Aire de repos.,TRUE,osm
Aire de repos,aire_repos,autoroute,,,France,46.9896693,4.7716171,TRUE,FALSE,FALSE,FALSE,FALSE,,,,FALSE,3.8,Aire de repos.,TRUE,osm
Aire Louis Pasteur,aire_repos,autoroute,,,France,46.9886377,5.5047846,TRUE,FALSE,FALSE,FALSE,FALSE,,,,FALSE,3.8,Aire de repos.,TRUE,osm
Aire de repos,aire_repos,autoroute,,,France,46.987629,5.3296667,TRUE,FALSE,FALSE,FALSE,FALSE,,,,FALSE,3.8,Aire de repos.,TRUE,osm
Aire de la Vouivre,aire_repos,autoroute,,,France,46.9871638,5.5025438,TRUE,FALSE,FALSE,FALSE,FALSE,TRUE,,,FALSE,3.8,Aire de repos.,TRUE,osm
Aire de repos,aire_repos,autoroute,,,France,46.98697,8.6120659,TRUE,FALSE,FALSE,FALSE,FALSE,FALSE,,,FALSE,3.8,Aire de repos.,TRUE,osm
Wolfssprung,aire_repos,autoroute,,,France,46.9841486,8.6119924,TRUE,FALSE,FALSE,FALSE,FALSE,TRUE,,,FALSE,3.8,Aire de repos.,TRUE,osm
Aire de repos,aire_repos,autoroute,,,France,46.9835264,8.6124552,TRUE,FALSE,FALSE,FALSE,FALSE,,,,FALSE,3.8,Aire de repos.,TRUE,osm
Aire de repos,aire_repos,autoroute,,,France,46.9829386,2.8659627,TRUE,FALSE,FALSE,FALSE,FALSE,FALSE,,,FALSE,3.8,Aire de repos.,TRUE,osm
Aire du Berry,aire_repos,autoroute,,,France,46.9822014,2.4165034,TRUE,FALSE,FALSE,FALSE,FALSE,TRUE,,,FALSE,3.8,Aire de repos.,TRUE,osm
Aire de Saint-Georges-sur-Arnon,aire_repos,autoroute,,,France,46.9770764,2.068944,TRUE,FALSE,FALSE,FALSE,TRUE,TRUE,,,FALSE,3.8,Aire de repos.,TRUE,osm
Aire de repos,aire_repos,autoroute,,,France,46.9762125,4.7857125,TRUE,FALSE,FALSE,FALSE,FALSE,,,,FALSE,3.8,Aire de repos.,TRUE,osm
Aire de repos,aire_repos,autoroute,,,France,46.9757267,-0.0588852,TRUE,FALSE,FALSE,FALSE,FALSE,,,,FALSE,3.8,Aire de repos.,TRUE,osm
Aire de repos,aire_repos,autoroute,,,France,46.9744581,4.6743756,TRUE,FALSE,FALSE,FALSE,FALSE,FALSE,,,FALSE,3.8,Aire de repos.,TRUE,osm
Aire de repos,aire_repos,autoroute,,,France,46.9717477,8.611662,TRUE,FALSE,FALSE,FALSE,FALSE,FALSE,,,FALSE,3.8,Aire de repos.,TRUE,osm
Aire de repos,aire_repos,autoroute,,,France,46.9717105,4.5202706,TRUE,FALSE,FALSE,FALSE,FALSE,,,,FALSE,3.8,Aire de repos.,TRUE,osm
Aire de repos,aire_repos,autoroute,,,France,46.9714804,8.1132261,TRUE,FALSE,FALSE,FALSE,FALSE,,,,FALSE,3.8,Aire de repos.,TRUE,osm
Aire de repos,aire_repos,autoroute,,,France,46.9669022,5.798795,TRUE,FALSE,FALSE,FALSE,FALSE,FALSE,,,FALSE,3.8,Aire de repos.,TRUE,osm
Aire de repos,aire_repos,autoroute,,,France,46.9641941,5.1793102,TRUE,FALSE,FALSE,FALSE,FALSE,,,,FALSE,3.8,Aire de repos.,TRUE,osm
Aire de repos,aire_repos,autoroute,,,France,46.9634258,5.6345619,TRUE,FALSE,FALSE,FALSE,FALSE,,,,FALSE,3.8,Aire de repos.,TRUE,osm
Wileroltigen,aire_repos,autoroute,,,France,46.9630217,7.2268096,TRUE,FALSE,FALSE,FALSE,FALSE,,,,FALSE,3.8,Aire de repos.,TRUE,osm
Aire de repos,aire_repos,autoroute,,,France,46.9617516,5.186998,TRUE,FALSE,FALSE,FALSE,FALSE,FALSE,,,FALSE,3.8,Aire de repos.,TRUE,osm
Gurbrü,aire_repos,autoroute,,,France,46.9610269,7.2108272,TRUE,FALSE,FALSE,FALSE,FALSE,,,,FALSE,3.8,Aire de repos.,TRUE,osm
Aire de repos,aire_repos,autoroute,,,France,46.9602018,-0.4534244,TRUE,FALSE,FALSE,FALSE,FALSE,,,,FALSE,3.8,Aire de repos.,TRUE,osm
Aire de Repos de la Briande,aire_repos,autoroute,,,France,46.9595634,0.1047959,TRUE,FALSE,FALSE,FALSE,FALSE,TRUE,,,FALSE,3.8,Aire de repos.,TRUE,osm
Aire de repos,aire_repos,autoroute,,,France,46.9592021,5.2244756,TRUE,FALSE,FALSE,FALSE,FALSE,FALSE,,,FALSE,3.8,Aire de repos.,TRUE,osm
Aire de repos,aire_repos,autoroute,,,France,46.958349,5.8863057,TRUE,FALSE,FALSE,FALSE,FALSE,,,,FALSE,3.8,Aire de repos.,TRUE,osm
Aire de repos,aire_repos,autoroute,,,France,46.9582276,5.2090348,TRUE,FALSE,FALSE,FALSE,FALSE,,,,FALSE,3.8,Aire de repos.,TRUE,osm
Apfelwuhr,aire_repos,autoroute,,,France,46.9574445,9.5476238,TRUE,FALSE,FALSE,FALSE,FALSE,,,,FALSE,3.8,Aire de repos.,TRUE,osm
Aire de repos,aire_repos,autoroute,,,France,46.9556119,4.6707295,TRUE,FALSE,FALSE,FALSE,FALSE,FALSE,,,FALSE,3.8,Aire de repos.,TRUE,osm
Aire de repos,aire_repos,autoroute,,,France,46.9516005,-0.861757,TRUE,FALSE,FALSE,FALSE,FALSE,,,,FALSE,3.8,Aire de repos.,TRUE,osm
Aire de repos,aire_repos,autoroute,,,France,46.9450969,4.7299532,TRUE,FALSE,FALSE,FALSE,FALSE,FALSE,,,FALSE,3.8,Aire de repos.,TRUE,osm
Aire de repos,aire_repos,autoroute,,,France,46.9429043,1.2244788,TRUE,FALSE,FALSE,FALSE,FALSE,,,,FALSE,3.8,Aire de repos.,TRUE,osm
Aire de repos,aire_repos,autoroute,,,France,46.9428116,4.7012151,TRUE,FALSE,FALSE,FALSE,FALSE,FALSE,,,FALSE,3.8,Aire de repos.,TRUE,osm
Aire des Faïenciers,aire_repos,autoroute,,,France,46.9401704,3.1603479,TRUE,FALSE,FALSE,FALSE,FALSE,,,,FALSE,3.8,Aire de repos.,TRUE,osm
Aire de repos,aire_repos,autoroute,,,France,46.937644,-0.9834638,TRUE,FALSE,FALSE,FALSE,FALSE,,,,FALSE,3.8,Aire de repos.,TRUE,osm
Aire de repos,aire_repos,autoroute,,,France,46.9332892,-0.9891632,TRUE,FALSE,FALSE,FALSE,FALSE,,,,FALSE,3.8,Aire de repos.,TRUE,osm
Aire de repos,aire_repos,autoroute,,,France,46.9285926,5.6137061,TRUE,FALSE,FALSE,FALSE,FALSE,,,,FALSE,3.8,Aire de repos.,TRUE,osm
Aire de repos,aire_repos,autoroute,,,France,46.9071025,-0.9983099,TRUE,FALSE,FALSE,FALSE,FALSE,,,,FALSE,3.8,Aire de repos.,TRUE,osm
Arbois-Sud,aire_repos,autoroute,,,France,46.9018324,5.7609652,TRUE,FALSE,FALSE,FALSE,FALSE,,,,FALSE,3.8,Aire de repos.,TRUE,osm
Aire de repos,aire_repos,autoroute,,,France,46.8978871,5.7913298,TRUE,FALSE,FALSE,FALSE,FALSE,,,,FALSE,3.8,Aire de repos.,TRUE,osm
Aire de la Forêt de Scévolles,aire_repos,autoroute,,,France,46.8964941,0.1353766,TRUE,FALSE,FALSE,FALSE,FALSE,TRUE,,,FALSE,3.8,Aire de repos.,TRUE,osm
Aire des Avionneurs,aire_repos,autoroute,,,France,46.8855474,1.7257101,TRUE,FALSE,FALSE,FALSE,FALSE,TRUE,,,FALSE,3.8,Aire de repos.,TRUE,osm
Aire de repos,aire_repos,autoroute,,,France,46.8855461,5.7276777,TRUE,FALSE,FALSE,FALSE,FALSE,FALSE,,,FALSE,3.8,Aire de repos.,TRUE,osm
Aire des Blés d'Or,aire_repos,autoroute,,,France,46.8854235,1.7267173,TRUE,FALSE,FALSE,FALSE,FALSE,TRUE,,,FALSE,3.8,Aire de repos.,TRUE,osm
Aire de repos,aire_repos,autoroute,,,France,46.8828089,1.8372914,TRUE,FALSE,FALSE,FALSE,FALSE,,,,FALSE,3.8,Aire de repos.,TRUE,osm
Aire de repos,aire_repos,autoroute,,,France,46.8754809,5.6667151,TRUE,FALSE,FALSE,FALSE,FALSE,,,,FALSE,3.8,Aire de repos.,TRUE,osm
Aire de repos,aire_repos,autoroute,,,France,46.8742829,4.5977935,TRUE,FALSE,FALSE,FALSE,FALSE,,,,FALSE,3.8,Aire de repos.,TRUE,osm
Aire de la Jument Verte,aire_repos,autoroute,,,France,46.8705409,5.5801259,TRUE,FALSE,FALSE,FALSE,FALSE,,,,FALSE,3.8,Aire de repos.,TRUE,osm
Aire du Chat Perché,aire_repos,autoroute,,,France,46.8702255,5.5825063,TRUE,FALSE,FALSE,FALSE,FALSE,,,,FALSE,3.8,Aire de repos.,TRUE,osm
Fillistorf Jura,aire_repos,autoroute,,,France,46.8696706,7.2219764,TRUE,FALSE,FALSE,FALSE,FALSE,TRUE,,,FALSE,3.8,Aire de repos.,TRUE,osm
Fillistorf Alpes,aire_repos,autoroute,,,France,46.8692433,7.2243724,TRUE,FALSE,FALSE,FALSE,FALSE,TRUE,,,FALSE,3.8,Aire de repos.,TRUE,osm
Aire de repos,aire_repos,autoroute,,,France,46.8689818,2.08256,TRUE,FALSE,FALSE,FALSE,FALSE,FALSE,,,FALSE,3.8,Aire de repos.,TRUE,osm
Aire de repos,aire_repos,autoroute,,,France,46.8680376,7.4813333,TRUE,FALSE,FALSE,FALSE,FALSE,,,,FALSE,3.8,Aire de repos.,TRUE,osm
Aire du Curney,aire_repos,autoroute,,,France,46.8619796,4.8211214,TRUE,FALSE,FALSE,FALSE,FALSE,TRUE,,,FALSE,3.8,Aire de repos.,TRUE,osm
Aire de La Loyère,aire_repos,autoroute,,,France,46.8612831,4.8235274,TRUE,FALSE,FALSE,FALSE,FALSE,TRUE,,,FALSE,3.8,Aire de repos.,TRUE,osm
Aire de repos,aire_repos,autoroute,,,France,46.8456377,0.0090229,TRUE,FALSE,FALSE,FALSE,FALSE,,,,FALSE,3.8,Aire de repos.,TRUE,osm
Aire de repos,aire_repos,autoroute,,,France,46.8450952,5.6411239,TRUE,FALSE,FALSE,FALSE,FALSE,FALSE,,,FALSE,3.8,Aire de repos.,TRUE,osm
Aire de repos,aire_repos,autoroute,,,France,46.844169,1.5556143,TRUE,FALSE,FALSE,FALSE,FALSE,,,,FALSE,3.8,Aire de repos.,TRUE,osm
Aire de repos,aire_repos,autoroute,,,France,46.8370999,5.6859692,TRUE,FALSE,FALSE,FALSE,FALSE,FALSE,,,FALSE,3.8,Aire de repos.,TRUE,osm
Aire de repos,aire_repos,autoroute,,,France,46.835198,-0.4155273,TRUE,FALSE,FALSE,FALSE,FALSE,FALSE,,,FALSE,3.8,Aire de repos.,TRUE,osm
Aire de repos,aire_repos,autoroute,,,France,46.8337389,3.1682667,TRUE,FALSE,FALSE,FALSE,FALSE,,,,FALSE,3.8,Aire de repos.,TRUE,osm
Aire de repos,aire_repos,autoroute,,,France,46.8302954,1.9539834,TRUE,FALSE,FALSE,FALSE,FALSE,,,,FALSE,3.8,Aire de repos.,TRUE,osm
Aire de repos,aire_repos,autoroute,,,France,46.8270918,7.300966,TRUE,FALSE,FALSE,FALSE,FALSE,,,,FALSE,3.8,Aire de repos.,TRUE,osm
Parkplatz Landi,aire_repos,autoroute,,,France,46.8261108,7.3017651,TRUE,FALSE,FALSE,FALSE,FALSE,TRUE,,,FALSE,3.8,Aire de repos.,TRUE,osm
Aire de repos,aire_repos,autoroute,,,France,46.8233283,1.9091387,TRUE,FALSE,FALSE,FALSE,FALSE,,,,FALSE,3.8,Aire de repos.,TRUE,osm
Aire de repos,aire_repos,autoroute,,,France,46.8218394,3.0142264,TRUE,FALSE,FALSE,FALSE,FALSE,,,,FALSE,3.8,Aire de repos.,TRUE,osm
Aire de repos,aire_repos,autoroute,,,France,46.8188034,7.4297435,TRUE,FALSE,FALSE,FALSE,FALSE,,,,FALSE,3.8,Aire de repos.,TRUE,osm
Aire de repos,aire_repos,autoroute,,,France,46.8158178,5.7772911,TRUE,FALSE,FALSE,FALSE,FALSE,FALSE,,,FALSE,3.8,Aire de repos.,TRUE,osm
Aire de repos,aire_repos,autoroute,,,France,46.8130526,1.048077,TRUE,FALSE,FALSE,FALSE,FALSE,,,,FALSE,3.8,Aire de repos.,TRUE,osm
Aire de repos,aire_repos,autoroute,,,France,46.8100247,3.1270978,TRUE,FALSE,FALSE,FALSE,FALSE,,,,FALSE,3.8,Aire de repos.,TRUE,osm
Aire de Vaumartin,aire_repos,autoroute,,,France,46.8093921,4.378071,TRUE,FALSE,FALSE,FALSE,FALSE,,,,FALSE,3.8,Aire de repos.,TRUE,osm
Aire de repos,aire_repos,autoroute,,,France,46.8076245,1.162682,TRUE,FALSE,FALSE,FALSE,FALSE,,,,FALSE,3.8,Aire de repos.,TRUE,osm
Aire de repos,aire_repos,autoroute,,,France,46.7950828,1.9825488,TRUE,FALSE,FALSE,FALSE,FALSE,,,,FALSE,3.8,Aire de repos.,TRUE,osm
Aire des Meuniers,aire_repos,autoroute,,,France,46.7945387,0.5101159,TRUE,FALSE,FALSE,FALSE,FALSE,TRUE,,,FALSE,3.8,Aire de repos.,TRUE,osm
Aire des Chagnats,aire_repos,autoroute,,,France,46.7943715,0.5109742,TRUE,FALSE,FALSE,FALSE,FALSE,TRUE,,,FALSE,3.8,Aire de repos.,TRUE,osm
Aire de Repos de Saint-Pierre le Moûtier,aire_repos,autoroute,,,France,46.7904554,3.124348,TRUE,FALSE,FALSE,FALSE,FALSE,TRUE,,,FALSE,3.8,Aire de repos.,TRUE,osm
Aire de Repos de Saint-Pierre le Moûtier,aire_repos,autoroute,,,France,46.790409,3.1253971,TRUE,FALSE,FALSE,FALSE,TRUE,TRUE,,,FALSE,3.8,Aire de repos.,TRUE,osm
Aire de repos,aire_repos,autoroute,,,France,46.7896358,-1.1939717,TRUE,FALSE,FALSE,FALSE,FALSE,,,,FALSE,3.8,Aire de repos.,TRUE,osm
Aire de repos,aire_repos,autoroute,,,France,46.7810779,8.6682129,TRUE,FALSE,FALSE,FALSE,FALSE,,,,FALSE,3.8,Aire de repos.,TRUE,osm
Schild-Hütte,aire_repos,autoroute,,,France,46.777675,8.180259,TRUE,FALSE,FALSE,FALSE,FALSE,,,,FALSE,3.8,Aire de repos.,TRUE,osm
Aire de la Martiniere,aire_repos,autoroute,,,France,46.7750371,-0.2197726,TRUE,FALSE,FALSE,FALSE,FALSE,TRUE,,,FALSE,3.8,Aire de repos.,TRUE,osm
Aire de repos,aire_repos,autoroute,,,France,46.7734681,-0.5760328,TRUE,FALSE,FALSE,FALSE,FALSE,,,,FALSE,3.8,Aire de repos.,TRUE,osm
Les Muéses,aire_repos,autoroute,,,France,46.7732061,7.093147,TRUE,FALSE,FALSE,FALSE,FALSE,TRUE,,,FALSE,3.8,Aire de repos.,TRUE,osm
Aire de repos,aire_repos,autoroute,,,France,46.7708938,6.6288852,TRUE,FALSE,FALSE,FALSE,FALSE,,,,FALSE,3.8,Aire de repos.,TRUE,osm
Aire de repos,aire_repos,autoroute,,,France,46.7685037,-0.4725313,TRUE,FALSE,FALSE,FALSE,FALSE,FALSE,,,FALSE,3.8,Aire de repos.,TRUE,osm
Aire de Sainte-Florence,aire_repos,autoroute,,,France,46.7684559,-1.1778975,TRUE,FALSE,FALSE,FALSE,FALSE,,,,FALSE,3.8,Aire de repos.,TRUE,osm
Aire de Grissay,aire_repos,autoroute,,,France,46.7672472,-1.179794,TRUE,FALSE,FALSE,FALSE,FALSE,,,,FALSE,3.8,Aire de repos.,TRUE,osm
La Tuffière,aire_repos,autoroute,,,France,46.7537632,7.0905867,TRUE,FALSE,FALSE,FALSE,FALSE,TRUE,,,FALSE,3.8,Aire de repos.,TRUE,osm
Aire de repos,aire_repos,autoroute,,,France,46.7508457,-0.2078511,TRUE,FALSE,FALSE,FALSE,FALSE,,,,FALSE,3.8,Aire de repos.,TRUE,osm
Aire de repos,aire_repos,autoroute,,,France,46.7489017,5.2931348,TRUE,FALSE,FALSE,FALSE,FALSE,FALSE,,,FALSE,3.8,Aire de repos.,TRUE,osm
Aire de repos,aire_repos,autoroute,,,France,46.7443985,5.3887475,TRUE,FALSE,FALSE,FALSE,FALSE,FALSE,,,FALSE,3.8,Aire de repos.,TRUE,osm
Aire de la Guye,aire_repos,autoroute,,,France,46.7431307,4.6424465,TRUE,FALSE,FALSE,FALSE,FALSE,,,,FALSE,3.8,Aire de repos.,TRUE,osm
Aire de repos,aire_repos,autoroute,,,France,46.7376164,0.4644994,TRUE,FALSE,FALSE,FALSE,FALSE,,,,FALSE,3.8,Aire de repos.,TRUE,osm
Aire de repos,aire_repos,autoroute,,,France,46.7284746,6.60959,TRUE,FALSE,FALSE,FALSE,FALSE,,,,FALSE,3.8,Aire de repos.,TRUE,osm
Aire de repos,aire_repos,autoroute,,,France,46.7284731,6.086177,TRUE,FALSE,FALSE,FALSE,FALSE,,,,FALSE,3.8,Aire de repos.,TRUE,osm
Gurtnellen,aire_repos,autoroute,,,France,46.7262517,8.6222236,TRUE,FALSE,FALSE,FALSE,FALSE,TRUE,,,FALSE,3.8,Aire de repos.,TRUE,osm
Glooten,aire_repos,autoroute,,,France,46.7202391,7.9900198,TRUE,FALSE,FALSE,FALSE,TRUE,TRUE,,,FALSE,3.8,Aire de repos.,TRUE,osm
Aire de repos,aire_repos,autoroute,,,France,46.7193976,3.6841805,TRUE,FALSE,FALSE,FALSE,FALSE,,,,FALSE,3.8,Aire de repos.,TRUE,osm
Aire des Mille Étangs,aire_repos,autoroute,,,France,46.7153515,1.5944812,TRUE,FALSE,FALSE,FALSE,FALSE,TRUE,,,FALSE,3.8,Aire de repos.,TRUE,osm
Aire de repos,aire_repos,autoroute,,,France,46.7144035,7.9752235,TRUE,FALSE,FALSE,FALSE,FALSE,,,,FALSE,3.8,Aire de repos.,TRUE,osm
Aire de repos,aire_repos,autoroute,,,France,46.7124468,2.9923984,TRUE,FALSE,FALSE,FALSE,FALSE,,,,FALSE,3.8,Aire de repos.,TRUE,osm
Aire de repos,aire_repos,autoroute,,,France,46.7098821,-0.6132117,TRUE,FALSE,FALSE,FALSE,FALSE,,,,FALSE,3.8,Aire de repos.,TRUE,osm
Aire de repos,aire_repos,autoroute,,,France,46.7097254,-0.5960948,TRUE,FALSE,FALSE,FALSE,FALSE,,,,FALSE,3.8,Aire de repos.,TRUE,osm
Aire de repos,aire_repos,autoroute,,,France,46.6863769,-1.9285432,TRUE,FALSE,FALSE,FALSE,FALSE,,,,FALSE,3.8,Aire de repos.,TRUE,osm
Col du Mont d'Orzeires,aire_repos,autoroute,,,France,46.6847892,6.3365904,TRUE,FALSE,FALSE,FALSE,FALSE,FALSE,,,FALSE,3.8,Aire de repos.,TRUE,osm
Aire de repos,aire_repos,autoroute,,,France,46.6784045,6.5009315,TRUE,FALSE,FALSE,FALSE,FALSE,,,,FALSE,3.8,Aire de repos.,TRUE,osm
Aire de repos,aire_repos,autoroute,,,France,46.6776435,7.5302176,TRUE,FALSE,FALSE,FALSE,FALSE,,,,FALSE,3.8,Aire de repos.,TRUE,osm
Aire de repos,aire_repos,autoroute,,,France,46.6771947,5.5088433,TRUE,FALSE,FALSE,FALSE,FALSE,,,,FALSE,3.8,Aire de repos.,TRUE,osm
Aire de repos,aire_repos,autoroute,,,France,46.6726853,7.0269264,TRUE,FALSE,FALSE,FALSE,FALSE,,,,FALSE,3.8,Aire de repos.,TRUE,osm
Aire de repos,aire_repos,autoroute,,,France,46.6586411,7.8154778,TRUE,FALSE,FALSE,FALSE,FALSE,,,,FALSE,3.8,Aire de repos.,TRUE,osm
Aire de repos,aire_repos,autoroute,,,France,46.6515337,2.5833522,TRUE,FALSE,FALSE,FALSE,FALSE,,,,FALSE,3.8,Aire de repos.,TRUE,osm
Aire de repos,aire_repos,autoroute,,,France,46.6348207,7.8941999,TRUE,FALSE,FALSE,FALSE,FALSE,,,,FALSE,3.8,Aire de repos.,TRUE,osm
Aire de repos,aire_repos,autoroute,,,France,46.6272583,-1.1558022,TRUE,FALSE,FALSE,FALSE,FALSE,,,,FALSE,3.8,Aire de repos.,TRUE,osm
Aire de la Vallière,aire_repos,autoroute,,,France,46.6200955,5.3742893,TRUE,FALSE,FALSE,FALSE,FALSE,TRUE,,,FALSE,3.8,Aire de repos.,TRUE,osm
Aire de Savigny,aire_repos,autoroute,,,France,46.6188664,5.3750246,TRUE,FALSE,FALSE,FALSE,FALSE,TRUE,,,FALSE,3.8,Aire de repos.,TRUE,osm
Aire de repos,aire_repos,autoroute,,,France,46.6183368,5.4817647,TRUE,FALSE,FALSE,FALSE,FALSE,FALSE,,,FALSE,3.8,Aire de repos.,TRUE,osm
Aire du Vent de Bouesse,aire_repos,autoroute,,,France,46.6147132,1.6882977,TRUE,FALSE,FALSE,FALSE,FALSE,TRUE,,,FALSE,3.8,Aire de repos.,TRUE,osm
Aire de repos,aire_repos,autoroute,,,France,46.6104243,3.5604468,TRUE,FALSE,FALSE,FALSE,FALSE,FALSE,,,FALSE,3.8,Aire de repos.,TRUE,osm
Aire des Cent Septiers,aire_repos,autoroute,,,France,46.6099626,0.3264489,TRUE,FALSE,FALSE,FALSE,FALSE,TRUE,,,FALSE,3.8,Aire de repos.,TRUE,osm
Aire de Boyer,aire_repos,autoroute,,,France,46.6078289,4.879683,TRUE,FALSE,FALSE,FALSE,FALSE,,,,FALSE,3.8,Aire de repos.,TRUE,osm
La Joux des Ponts (Nord),aire_repos,autoroute,,,France,46.606587,6.9558256,TRUE,FALSE,FALSE,FALSE,FALSE,TRUE,,,FALSE,3.8,Aire de repos.,TRUE,osm
Aire de Jugy,aire_repos,autoroute,,,France,46.606246,4.8796985,TRUE,FALSE,FALSE,FALSE,FALSE,TRUE,,,FALSE,3.8,Aire de repos.,TRUE,osm
La Joux des Ponts (Sud),aire_repos,autoroute,,,France,46.6062007,6.9567859,TRUE,FALSE,FALSE,FALSE,FALSE,TRUE,,,FALSE,3.8,Aire de repos.,TRUE,osm
Aire de repos,aire_repos,autoroute,,,France,46.6058215,-1.4447735,TRUE,FALSE,FALSE,FALSE,FALSE,FALSE,,,FALSE,3.8,Aire de repos.,TRUE,osm
Aire de repos,aire_repos,autoroute,,,France,46.6052673,-1.4455156,TRUE,FALSE,FALSE,FALSE,FALSE,FALSE,,,FALSE,3.8,Aire de repos.,TRUE,osm
Aire de repos,aire_repos,autoroute,,,France,46.5976969,5.8477533,TRUE,FALSE,FALSE,FALSE,FALSE,FALSE,,,FALSE,3.8,Aire de repos.,TRUE,osm
Aire de Repos d'Ingrandes,aire_repos,autoroute,,,France,46.5914579,0.9493652,TRUE,FALSE,FALSE,FALSE,FALSE,,,,FALSE,3.8,Aire de repos.,TRUE,osm
Aire de repos,aire_repos,autoroute,,,France,46.5867204,6.708164,TRUE,FALSE,FALSE,FALSE,FALSE,,,,FALSE,3.8,Aire de repos.,TRUE,osm
Aire de repos,aire_repos,autoroute,,,France,46.5841593,5.8081974,TRUE,FALSE,FALSE,FALSE,FALSE,FALSE,,,FALSE,3.8,Aire de repos.,TRUE,osm
Aire de repos,aire_repos,autoroute,,,France,46.5838698,5.8193177,TRUE,FALSE,FALSE,FALSE,FALSE,,,,FALSE,3.8,Aire de repos.,TRUE,osm
Aire de repos,aire_repos,autoroute,,,France,46.5826312,5.8001297,TRUE,FALSE,FALSE,FALSE,FALSE,FALSE,,,FALSE,3.8,Aire de repos.,TRUE,osm
Aire de repos,aire_repos,autoroute,,,France,46.5822371,-1.112599,TRUE,FALSE,FALSE,FALSE,FALSE,,,,FALSE,3.8,Aire de repos.,TRUE,osm
Aire de repos,aire_repos,autoroute,,,France,46.5743526,9.4166792,TRUE,FALSE,FALSE,FALSE,FALSE,,,,FALSE,3.8,Aire de repos.,TRUE,osm
Aire du Ponderon,aire_repos,autoroute,,,France,46.5735162,1.8886438,TRUE,FALSE,FALSE,FALSE,FALSE,,,,FALSE,3.8,Aire de repos.,TRUE,osm
Aire de repos,aire_repos,autoroute,,,France,46.5711089,5.9893511,TRUE,FALSE,FALSE,FALSE,FALSE,,,,FALSE,3.8,Aire de repos.,TRUE,osm
Aire des Quatre Vents,aire_repos,autoroute,,,France,46.5658483,0.2882784,TRUE,FALSE,FALSE,FALSE,FALSE,TRUE,,,FALSE,3.8,Aire de repos.,TRUE,osm
Aire de repos,aire_repos,autoroute,,,France,46.5620354,8.361675,TRUE,FALSE,FALSE,FALSE,FALSE,,,,FALSE,3.8,Aire de repos.,TRUE,osm
Aire de repos,aire_repos,autoroute,,,France,46.5598107,0.4970309,TRUE,FALSE,FALSE,FALSE,FALSE,,,,FALSE,3.8,Aire de repos.,TRUE,osm
Aire de Repos de la Motte-Feuilly,aire_repos,autoroute,,,France,46.5564211,2.0731363,TRUE,FALSE,FALSE,FALSE,FALSE,,,,FALSE,3.8,Aire de repos.,TRUE,osm
Aire de repos,aire_repos,autoroute,,,France,46.5554779,5.1119358,TRUE,FALSE,FALSE,FALSE,FALSE,,,,FALSE,3.8,Aire de repos.,TRUE,osm
Aire de Repos des Quartes,aire_repos,autoroute,,,France,46.5488022,5.0270615,TRUE,FALSE,FALSE,FALSE,FALSE,,,,FALSE,3.8,Aire de repos.,TRUE,osm
Aire de la Marche Occitane,aire_repos,autoroute,,,France,46.5480529,1.5046644,TRUE,FALSE,FALSE,FALSE,FALSE,TRUE,,,FALSE,3.8,Aire de repos.,TRUE,osm
Aire du Val de Creuse,aire_repos,autoroute,,,France,46.5475215,1.5074281,TRUE,FALSE,FALSE,FALSE,FALSE,TRUE,,,FALSE,3.8,Aire de repos.,TRUE,osm
Aire de repos,aire_repos,autoroute,,,France,46.5448836,6.6430473,TRUE,FALSE,FALSE,FALSE,FALSE,,,,FALSE,3.8,Aire de repos.,TRUE,osm
Aire de repos,aire_repos,autoroute,,,France,46.5403613,7.8738625,TRUE,FALSE,FALSE,FALSE,FALSE,,,,FALSE,3.8,Aire de repos.,TRUE,osm
Aire de repos,aire_repos,autoroute,,,France,46.538201,6.6090865,TRUE,FALSE,FALSE,FALSE,FALSE,,,,FALSE,3.8,Aire de repos.,TRUE,osm
Aire de repos,aire_repos,autoroute,,,France,46.5373909,1.1496863,TRUE,FALSE,FALSE,FALSE,FALSE,,,,FALSE,3.8,Aire de repos.,TRUE,osm
Aire de Millepertuis,aire_repos,autoroute,,,France,46.5347977,3.3728255,TRUE,FALSE,FALSE,FALSE,FALSE,TRUE,,,FALSE,3.8,Aire de repos.,TRUE,osm
Aire de repos,aire_repos,autoroute,,,France,46.5324484,2.0627653,TRUE,FALSE,FALSE,FALSE,FALSE,,,,FALSE,3.8,Aire de repos.,TRUE,osm
Aire de Repos de la Brosse,aire_repos,autoroute,,,France,46.5303085,5.043711,TRUE,FALSE,FALSE,FALSE,FALSE,FALSE,,,FALSE,3.8,Aire de repos.,TRUE,osm
Aire de repos,aire_repos,autoroute,,,France,46.5242795,3.1065197,TRUE,FALSE,FALSE,FALSE,FALSE,,,,FALSE,3.8,Aire de repos.,TRUE,osm
Aire des Chèvres,aire_repos,autoroute,,,France,46.5238961,4.164626,TRUE,FALSE,FALSE,FALSE,FALSE,,,,FALSE,3.8,Aire de repos.,TRUE,osm
Aire de repos,aire_repos,autoroute,,,France,46.5198087,3.102188,TRUE,FALSE,FALSE,FALSE,FALSE,,,,FALSE,3.8,Aire de repos.,TRUE,osm
Aire du Bois Blanc,aire_repos,autoroute,,,France,46.5182252,4.9189622,TRUE,FALSE,FALSE,FALSE,FALSE,,,,FALSE,3.8,Aire de repos.,TRUE,osm
Aire de repos,aire_repos,autoroute,,,France,46.5178024,-1.0876116,TRUE,FALSE,FALSE,FALSE,FALSE,TRUE,,,FALSE,3.8,Aire de repos.,TRUE,osm
Aire de repos,aire_repos,autoroute,,,France,46.5172475,5.6732238,TRUE,FALSE,FALSE,FALSE,FALSE,,,,FALSE,3.8,Aire de repos.,TRUE,osm
Aire de Vallon,aire_repos,autoroute,,,France,46.5171936,2.5809981,TRUE,FALSE,FALSE,FALSE,FALSE,TRUE,,,FALSE,3.8,Aire de repos.,TRUE,osm
Area di Servizio San Gottardo Sud,aire_repos,autoroute,,,France,46.5157528,8.6655186,TRUE,FALSE,FALSE,FALSE,FALSE,,,,FALSE,3.8,Aire de repos.,TRUE,osm
Aire du Grand Meaulnes,aire_repos,autoroute,,,France,46.5155181,2.5827761,TRUE,FALSE,FALSE,FALSE,FALSE,TRUE,,,FALSE,3.8,Aire de repos.,TRUE,osm
San Gottardo Sud,aire_repos,autoroute,,,France,46.5153075,8.6658078,TRUE,FALSE,FALSE,FALSE,TRUE,TRUE,,,FALSE,3.8,Aire de repos.,TRUE,osm
Aire de Farges,aire_repos,autoroute,,,France,46.5134451,4.9098899,TRUE,FALSE,FALSE,FALSE,FALSE,TRUE,,,FALSE,3.8,Aire de repos.,TRUE,osm
Aire de Coulombiers-Nord,aire_repos,autoroute,,,France,46.5120923,0.1476168,TRUE,FALSE,FALSE,FALSE,FALSE,,,,FALSE,3.8,Aire de repos.,TRUE,osm
Aire de Coulombiers-Sud,aire_repos,autoroute,,,France,46.5103852,0.1473539,TRUE,FALSE,FALSE,FALSE,FALSE,TRUE,,,FALSE,3.8,Aire de repos.,TRUE,osm
Jordillon,aire_repos,autoroute,,,France,46.5052172,6.7095767,TRUE,FALSE,FALSE,FALSE,FALSE,,,,FALSE,3.8,Aire de repos.,TRUE,osm
Aire d'Uchizy,aire_repos,autoroute,,,France,46.5043744,4.9061485,TRUE,FALSE,FALSE,FALSE,FALSE,TRUE,,,FALSE,3.8,Aire de repos.,TRUE,osm
Aire de Pierrefitte-sur-Loire Nord,aire_repos,autoroute,,,France,46.5041187,3.7814306,TRUE,FALSE,FALSE,FALSE,FALSE,,,,FALSE,3.8,Aire de repos.,TRUE,osm
Aire de repos,aire_repos,autoroute,,,France,46.482213,5.3656402,TRUE,FALSE,FALSE,FALSE,FALSE,,,,FALSE,3.8,Aire de repos.,TRUE,osm
Etoy,aire_repos,autoroute,,,France,46.4808047,6.4342543,TRUE,FALSE,FALSE,FALSE,FALSE,TRUE,,,FALSE,3.8,Aire de repos.,TRUE,osm
Aire de repos,aire_repos,autoroute,,,France,46.476273,6.8421,TRUE,FALSE,FALSE,FALSE,FALSE,,,,FALSE,3.8,Aire de repos.,TRUE,osm
Aire de Repos,aire_repos,autoroute,,,France,46.4641666,-0.4335495,TRUE,FALSE,FALSE,FALSE,FALSE,,,,FALSE,3.8,Aire de repos.,TRUE,osm
Aire de repos,aire_repos,autoroute,,,France,46.4559689,5.7148898,TRUE,FALSE,FALSE,FALSE,FALSE,,,,FALSE,3.8,Aire de repos.,TRUE,osm
Aire de repos,aire_repos,autoroute,,,France,46.4556124,6.8544365,TRUE,FALSE,FALSE,FALSE,FALSE,,,,FALSE,3.8,Aire de repos.,TRUE,osm
Aire de repos,aire_repos,autoroute,,,France,46.4548947,6.8524015,TRUE,FALSE,FALSE,FALSE,FALSE,FALSE,,,FALSE,3.8,Aire de repos.,TRUE,osm
Aire de repos,aire_repos,autoroute,,,France,46.4516575,5.7117946,TRUE,FALSE,FALSE,FALSE,FALSE,,,,FALSE,3.8,Aire de repos.,TRUE,osm
Lavorgo Sud,aire_repos,autoroute,,,France,46.446978,8.8301623,TRUE,FALSE,FALSE,FALSE,FALSE,,,,FALSE,3.8,Aire de repos.,TRUE,osm
Aire de repos des Bastilles,aire_repos,autoroute,,,France,46.4452448,0.1350713,TRUE,FALSE,FALSE,FALSE,FALSE,FALSE,,,FALSE,3.8,Aire de repos.,TRUE,osm
Lavorgo Nord,aire_repos,autoroute,,,France,46.444798,8.8328066,TRUE,FALSE,FALSE,FALSE,FALSE,,,,FALSE,3.8,Aire de repos.,TRUE,osm
Aire de repos,aire_repos,autoroute,,,France,46.4442147,-1.4676374,TRUE,FALSE,FALSE,FALSE,FALSE,,,,FALSE,3.8,Aire de repos.,TRUE,osm
Aire de repos,aire_repos,autoroute,,,France,46.4425101,4.1525431,TRUE,FALSE,FALSE,FALSE,FALSE,,,,FALSE,3.8,Aire de repos.,TRUE,osm
Aire du Charolais,aire_repos,autoroute,,,France,46.4409336,4.3023853,TRUE,FALSE,FALSE,FALSE,FALSE,TRUE,,,FALSE,3.8,Aire de repos.,TRUE,osm
Aire de Cressanges,aire_repos,autoroute,,,France,46.4398893,3.1618477,TRUE,FALSE,FALSE,FALSE,FALSE,TRUE,,,FALSE,3.8,Aire de repos.,TRUE,osm
Le Pertit,aire_repos,autoroute,,,France,46.4393494,6.9161472,TRUE,FALSE,FALSE,FALSE,FALSE,,,,FALSE,3.8,Aire de repos.,TRUE,osm
Aire de repos,aire_repos,autoroute,,,France,46.4341145,3.9072951,TRUE,FALSE,FALSE,FALSE,FALSE,,,,FALSE,3.8,Aire de repos.,TRUE,osm
Aire de Coquillon,aire_repos,autoroute,,,France,46.4295864,-0.3924716,TRUE,FALSE,FALSE,FALSE,FALSE,FALSE,,,FALSE,3.8,Aire de repos.,TRUE,osm
Aire de repos,aire_repos,autoroute,,,France,46.4273054,9.3436304,TRUE,FALSE,FALSE,FALSE,FALSE,FALSE,,,FALSE,3.8,Aire de repos.,TRUE,osm
La Chicane,aire_repos,autoroute,,,France,46.4229576,-0.710635,TRUE,FALSE,FALSE,FALSE,FALSE,,,,FALSE,3.8,Aire de repos.,TRUE,osm
Aire de repos,aire_repos,autoroute,,,France,46.419468,9.2332591,TRUE,FALSE,FALSE,FALSE,FALSE,,,,FALSE,3.8,Aire de repos.,TRUE,osm
Aire de Sainte-Eanne Nord,aire_repos,autoroute,,,France,46.4153519,-0.1208972,TRUE,FALSE,FALSE,FALSE,FALSE,TRUE,,,FALSE,3.8,Aire de repos.,TRUE,osm
Aire de Sainte-Eanne Sud,aire_repos,autoroute,,,France,46.4140557,-0.1208479,TRUE,FALSE,FALSE,FALSE,FALSE,TRUE,,,FALSE,3.8,Aire de repos.,TRUE,osm
Aire de repos,aire_repos,autoroute,,,France,46.4114972,4.0439682,TRUE,FALSE,FALSE,FALSE,FALSE,,,,FALSE,3.8,Aire de repos.,TRUE,osm
Aire de repos,aire_repos,autoroute,,,France,46.4106012,4.0302725,TRUE,FALSE,FALSE,FALSE,FALSE,,,,FALSE,3.8,Aire de repos.,TRUE,osm
Aire de repos,aire_repos,autoroute,,,France,46.3973,4.0313926,TRUE,FALSE,FALSE,FALSE,FALSE,,,,FALSE,3.8,Aire de repos.,TRUE,osm
Aire de repos,aire_repos,autoroute,,,France,46.3930809,-1.4014006,TRUE,FALSE,FALSE,FALSE,FALSE,,,,FALSE,3.8,Aire de repos.,TRUE,osm
Aire de repos,aire_repos,autoroute,,,France,46.3922035,3.8907929,TRUE,FALSE,FALSE,FALSE,FALSE,,,,FALSE,3.8,Aire de repos.,TRUE,osm
Aire de repos,aire_repos,autoroute,,,France,46.3862171,-0.2658928,TRUE,FALSE,FALSE,FALSE,FALSE,,,,FALSE,3.8,Aire de repos.,TRUE,osm
Aire de repos,aire_repos,autoroute,,,France,46.3795487,5.4153485,TRUE,FALSE,FALSE,FALSE,FALSE,,,,FALSE,3.8,Aire de repos.,TRUE,osm
Aire de Repos du Bois Clair,aire_repos,autoroute,,,France,46.376873,4.6717858,TRUE,FALSE,FALSE,FALSE,FALSE,TRUE,,,FALSE,3.8,Aire de repos.,TRUE,osm
Personico,aire_repos,autoroute,,,France,46.3737235,8.9175241,TRUE,FALSE,FALSE,FALSE,FALSE,TRUE,,,FALSE,3.8,Aire de repos.,TRUE,osm
aire des Rasses,aire_repos,autoroute,,,France,46.372123,4.5428728,TRUE,FALSE,FALSE,FALSE,FALSE,TRUE,,,FALSE,3.8,Aire de repos.,TRUE,osm
Crans-près-Céligny (côté Lac),aire_repos,autoroute,,,France,46.36821,6.1958801,TRUE,FALSE,FALSE,FALSE,FALSE,TRUE,,,FALSE,3.8,Aire de repos.,TRUE,osm
Pierre Féline,aire_repos,autoroute,,,France,46.3651676,6.1911227,TRUE,FALSE,FALSE,FALSE,FALSE,TRUE,,,FALSE,3.8,Aire de repos.,TRUE,osm
Aire de Sainte-Néomaye Sud,aire_repos,autoroute,,,France,46.3594221,-0.2680117,TRUE,FALSE,FALSE,FALSE,FALSE,,,,FALSE,3.8,Aire de repos.,TRUE,osm
Aire de repos,aire_repos,autoroute,,,France,46.3587648,4.6947563,TRUE,FALSE,FALSE,FALSE,FALSE,FALSE,,,FALSE,3.8,Aire de repos.,TRUE,osm
Aire de Sainte-Néomaye Nord,aire_repos,autoroute,,,France,46.3560433,-0.2748581,TRUE,FALSE,FALSE,FALSE,FALSE,,,,FALSE,3.8,Aire de repos.,TRUE,osm
Aire de repos,aire_repos,autoroute,,,France,46.3526492,6.3366288,TRUE,FALSE,FALSE,FALSE,FALSE,,,,FALSE,3.8,Aire de repos.,TRUE,osm
Aire de repos,aire_repos,autoroute,,,France,46.349172,0.1857054,TRUE,FALSE,FALSE,FALSE,FALSE,,,,FALSE,3.8,Aire de repos.,TRUE,osm
Aire de repos,aire_repos,autoroute,,,France,46.3391891,3.7745717,TRUE,FALSE,FALSE,FALSE,FALSE,,,,FALSE,3.8,Aire de repos.,TRUE,osm
Aire de repos,aire_repos,autoroute,,,France,46.3347793,2.8187785,TRUE,FALSE,FALSE,FALSE,FALSE,,,,FALSE,3.8,Aire de repos.,TRUE,osm
Aire de Moulismes,aire_repos,autoroute,,,France,46.3327266,0.8112321,TRUE,FALSE,FALSE,FALSE,FALSE,TRUE,,,FALSE,3.8,Aire de repos.,TRUE,osm
Aire de repos,aire_repos,autoroute,,,France,46.3282518,-0.5193378,TRUE,FALSE,FALSE,FALSE,FALSE,,,,FALSE,3.8,Aire de repos.,TRUE,osm
Aire de repos,aire_repos,autoroute,,,France,46.3278753,9.4667772,TRUE,FALSE,FALSE,FALSE,FALSE,TRUE,,,FALSE,3.8,Aire de repos.,TRUE,osm
Aire de repos,aire_repos,autoroute,,,France,46.3269001,2.8529754,TRUE,FALSE,FALSE,FALSE,FALSE,,,,FALSE,3.8,Aire de repos.,TRUE,osm
Aire de repos,aire_repos,autoroute,,,France,46.3250544,6.3511286,TRUE,FALSE,FALSE,FALSE,FALSE,FALSE,,,FALSE,3.8,Aire de repos.,TRUE,osm
Aire de repos,aire_repos,autoroute,,,France,46.3235632,9.3798538,TRUE,FALSE,FALSE,FALSE,FALSE,,,,FALSE,3.8,Aire de repos.,TRUE,osm
Aire de repos,aire_repos,autoroute,,,France,46.3229313,6.3452218,TRUE,FALSE,FALSE,FALSE,FALSE,FALSE,,,FALSE,3.8,Aire de repos.,TRUE,osm
Aire de Quinssaines,aire_repos,autoroute,,,France,46.3200625,2.5178905,TRUE,FALSE,FALSE,FALSE,FALSE,TRUE,,,FALSE,3.8,Aire de repos.,TRUE,osm
Aire de repos,aire_repos,autoroute,,,France,46.3112412,4.9854943,TRUE,FALSE,FALSE,FALSE,FALSE,FALSE,,,FALSE,3.8,Aire de repos.,TRUE,osm
Aire de Marmont,aire_repos,autoroute,,,France,46.310868,5.2600437,TRUE,FALSE,FALSE,FALSE,FALSE,TRUE,,,FALSE,3.8,Aire de repos.,TRUE,osm
Aire de Bény,aire_repos,autoroute,,,France,46.3100181,5.2617831,TRUE,FALSE,FALSE,FALSE,FALSE,TRUE,,,FALSE,3.8,Aire de repos.,TRUE,osm
Martischeiju,aire_repos,autoroute,,,France,46.3090044,7.7110533,TRUE,FALSE,FALSE,FALSE,FALSE,,,,FALSE,3.8,Aire de repos.,TRUE,osm
Aire de repos,aire_repos,autoroute,,,France,46.3068114,4.8265817,TRUE,FALSE,FALSE,FALSE,FALSE,,,,FALSE,3.8,Aire de repos.,TRUE,osm
Aire de repos,aire_repos,autoroute,,,France,46.2920178,-0.2694393,TRUE,FALSE,FALSE,FALSE,FALSE,,,,FALSE,3.8,Aire de repos.,TRUE,osm
Aire de repos,aire_repos,autoroute,,,France,46.2911254,5.3497762,TRUE,FALSE,FALSE,FALSE,FALSE,,,,FALSE,3.8,Aire de repos.,TRUE,osm
Aire de repos,aire_repos,autoroute,,,France,46.2887325,6.1262234,TRUE,FALSE,FALSE,FALSE,FALSE,,,,FALSE,3.8,Aire de repos.,TRUE,osm
Aire de repos,aire_repos,autoroute,,,France,46.2865018,9.117108,TRUE,FALSE,FALSE,FALSE,FALSE,,,,FALSE,3.8,Aire de repos.,TRUE,osm
Aire du Musée de la Bresse,aire_repos,autoroute,,,France,46.2799623,4.9835,TRUE,FALSE,FALSE,FALSE,FALSE,,,,FALSE,3.8,Aire de repos.,TRUE,osm
Moleno Nord,aire_repos,autoroute,,,France,46.2796812,8.9957783,TRUE,FALSE,FALSE,FALSE,FALSE,,,,FALSE,3.8,Aire de repos.,TRUE,osm
Aire des Planons,aire_repos,autoroute,,,France,46.2782138,4.9841559,TRUE,FALSE,FALSE,FALSE,FALSE,TRUE,,,FALSE,3.8,Aire de repos.,TRUE,osm
Moleno Sud,aire_repos,autoroute,,,France,46.2730342,8.9984215,TRUE,FALSE,FALSE,FALSE,FALSE,TRUE,,,FALSE,3.8,Aire de repos.,TRUE,osm
Aire de repos,aire_repos,autoroute,,,France,46.2718031,4.7697864,TRUE,FALSE,FALSE,FALSE,FALSE,TRUE,,,FALSE,3.8,Aire de repos.,TRUE,osm
Aire de repos,aire_repos,autoroute,,,France,46.2648046,8.6849007,TRUE,FALSE,FALSE,FALSE,FALSE,,,,FALSE,3.8,Aire de repos.,TRUE,osm
Aire de repos,aire_repos,autoroute,,,France,46.2614937,2.8862179,TRUE,FALSE,FALSE,FALSE,FALSE,,,,FALSE,3.8,Aire de repos.,TRUE,osm
Aire de repos,aire_repos,autoroute,,,France,46.2595198,6.3459463,TRUE,FALSE,FALSE,FALSE,FALSE,,,,FALSE,3.8,Aire de repos.,TRUE,osm
Aire de repos,aire_repos,autoroute,,,France,46.2551943,3.704407,TRUE,FALSE,FALSE,FALSE,FALSE,FALSE,,,FALSE,3.8,Aire de repos.,TRUE,osm
Aire de repos,aire_repos,autoroute,,,France,46.2454062,6.8813982,TRUE,FALSE,FALSE,FALSE,FALSE,,,,FALSE,3.8,Aire de repos.,TRUE,osm
Aire de repos,aire_repos,autoroute,,,France,46.2444175,3.1759285,TRUE,FALSE,FALSE,FALSE,FALSE,,,,FALSE,3.8,Aire de repos.,TRUE,osm
Aire de repos,aire_repos,autoroute,,,France,46.243207,7.4045759,TRUE,FALSE,FALSE,FALSE,FALSE,,,,FALSE,3.8,Aire de repos.,TRUE,osm
Aire de repos du Rocher,aire_repos,autoroute,,,France,46.2426135,-1.0818657,TRUE,FALSE,FALSE,FALSE,FALSE,,,,FALSE,3.8,Aire de repos.,TRUE,osm
Aire de repos des Bossioux,aire_repos,autoroute,,,France,46.2421692,-1.0815617,TRUE,FALSE,FALSE,FALSE,FALSE,,,,FALSE,3.8,Aire de repos.,TRUE,osm
Aire de repos,aire_repos,autoroute,,,France,46.2376211,1.491928,TRUE,FALSE,FALSE,FALSE,FALSE,TRUE,,,FALSE,3.8,Aire de repos.,TRUE,osm
Aire de Crêches,aire_repos,autoroute,,,France,46.2351388,4.7946041,TRUE,FALSE,FALSE,FALSE,FALSE,TRUE,,,FALSE,3.8,Aire de repos.,TRUE,osm
Aire des Sablons,aire_repos,autoroute,,,France,46.2344578,4.7958825,TRUE,FALSE,FALSE,FALSE,FALSE,,,,FALSE,3.8,Aire de repos.,TRUE,osm
Aire de repos,aire_repos,autoroute,,,France,46.2326301,6.0699667,TRUE,FALSE,FALSE,FALSE,FALSE,FALSE,,,FALSE,3.8,Aire de repos.,TRUE,osm
Aire de la Bouble,aire_repos,autoroute,,,France,46.2320732,3.0983811,TRUE,FALSE,FALSE,FALSE,FALSE,TRUE,,,FALSE,3.8,Aire de repos.,TRUE,osm
Aire de repos,aire_repos,autoroute,,,France,46.2317424,7.5263089,TRUE,FALSE,FALSE,FALSE,FALSE,,,,FALSE,3.8,Aire de repos.,TRUE,osm
Area di Campagnola,aire_repos,autoroute,,,France,46.231303,9.097438,TRUE,FALSE,FALSE,FALSE,FALSE,,,,FALSE,3.8,Aire de repos.,TRUE,osm
Campagnola,aire_repos,autoroute,,,France,46.2312808,9.1021282,TRUE,FALSE,FALSE,FALSE,FALSE,,,,FALSE,3.8,Aire de repos.,TRUE,osm
Aire de Chantelle en Bourbonnais,aire_repos,autoroute,,,France,46.2303773,3.1006541,TRUE,FALSE,FALSE,FALSE,FALSE,,,,FALSE,3.8,Aire de repos.,TRUE,osm
Aire de repos,aire_repos,autoroute,,,France,46.2295725,3.6536049,TRUE,FALSE,FALSE,FALSE,FALSE,,,,FALSE,3.8,Aire de repos.,TRUE,osm
Aire des Leynards,aire_repos,autoroute,,,France,46.2244328,4.8330841,TRUE,FALSE,FALSE,FALSE,FALSE,FALSE,,,FALSE,3.8,Aire de repos.,TRUE,osm
Aire de Gript-Nord,aire_repos,autoroute,,,France,46.2236304,-0.4480926,TRUE,FALSE,FALSE,FALSE,FALSE,,,,FALSE,3.8,Aire de repos.,TRUE,osm
Aire de Gript-Sud,aire_repos,autoroute,,,France,46.2214167,-0.4487619,TRUE,FALSE,FALSE,FALSE,FALSE,,,,FALSE,3.8,Aire de repos.,TRUE,osm
Aire de l'Espérance,aire_repos,autoroute,,,France,46.2161958,1.7320374,TRUE,FALSE,FALSE,FALSE,FALSE,,,,FALSE,3.8,Aire de repos.,TRUE,osm
Aire de repos,aire_repos,autoroute,,,France,46.2156241,3.6909564,TRUE,FALSE,FALSE,FALSE,FALSE,,,,FALSE,3.8,Aire de repos.,TRUE,osm
Aire de l'Espérance,aire_repos,autoroute,,,France,46.2153456,1.7245061,TRUE,FALSE,FALSE,FALSE,FALSE,,,,FALSE,3.8,Aire de repos.,TRUE,osm
Aire de repos,aire_repos,autoroute,,,France,46.2149074,1.0767321,TRUE,FALSE,FALSE,FALSE,FALSE,TRUE,,,FALSE,3.8,Aire de repos.,TRUE,osm
Aire de repos,aire_repos,autoroute,,,France,46.2119593,9.0964402,TRUE,FALSE,FALSE,FALSE,FALSE,,,,FALSE,3.8,Aire de repos.,TRUE,osm
Aire de repos,aire_repos,autoroute,,,France,46.209657,3.511296,TRUE,FALSE,FALSE,FALSE,FALSE,FALSE,,,FALSE,3.8,Aire de repos.,TRUE,osm
Aire de repos,aire_repos,autoroute,,,France,46.2008135,8.791048,TRUE,FALSE,FALSE,FALSE,FALSE,,,,FALSE,3.8,Aire de repos.,TRUE,osm
Aire de repos,aire_repos,autoroute,,,France,46.2005022,3.8314031,TRUE,FALSE,FALSE,FALSE,FALSE,,,,FALSE,3.8,Aire de repos.,TRUE,osm
Aire de repos,aire_repos,autoroute,,,France,46.2002889,7.2590131,TRUE,FALSE,FALSE,FALSE,FALSE,TRUE,,,FALSE,3.8,Aire de repos.,TRUE,osm
Aire de repos,aire_repos,autoroute,,,France,46.1967738,7.2539048,TRUE,FALSE,FALSE,FALSE,FALSE,TRUE,,,FALSE,3.8,Aire de repos.,TRUE,osm
Aire de repos,aire_repos,autoroute,,,France,46.188938,8.7361223,TRUE,FALSE,FALSE,FALSE,FALSE,,,,FALSE,3.8,Aire de repos.,TRUE,osm
Aire de repos,aire_repos,autoroute,,,France,46.1862632,7.3269496,TRUE,FALSE,FALSE,FALSE,FALSE,,,,FALSE,3.8,Aire de repos.,TRUE,osm
Dents de Morcles,aire_repos,autoroute,,,France,46.1841482,7.0265112,TRUE,FALSE,FALSE,FALSE,FALSE,TRUE,,,FALSE,3.8,Aire de repos.,TRUE,osm
Cime de l'Est,aire_repos,autoroute,,,France,46.1841358,7.0255885,TRUE,FALSE,FALSE,FALSE,FALSE,TRUE,,,FALSE,3.8,Aire de repos.,TRUE,osm
Aire de repos,aire_repos,autoroute,,,France,46.1793698,8.2805802,TRUE,FALSE,FALSE,FALSE,FALSE,,,,FALSE,3.8,Aire de repos.,TRUE,osm
Aire de repos,aire_repos,autoroute,,,France,46.1648692,4.4454205,TRUE,FALSE,FALSE,FALSE,FALSE,FALSE,,,FALSE,3.8,Aire de repos.,TRUE,osm
Aire du Téléphérique du Salève,aire_repos,autoroute,,,France,46.1617678,6.1881486,TRUE,FALSE,FALSE,FALSE,FALSE,TRUE,,,FALSE,3.8,Aire de repos.,TRUE,osm
Aire de repos,aire_repos,autoroute,,,France,46.1610839,9.1132451,TRUE,FALSE,FALSE,FALSE,FALSE,,,,FALSE,3.8,Aire de repos.,TRUE,osm
Cagnello,aire_repos,autoroute,,,France,46.1605613,9.5064534,TRUE,FALSE,FALSE,FALSE,FALSE,,,,FALSE,3.8,Aire de repos.,TRUE,osm
Aire de la Coulerouze Ouest,aire_repos,autoroute,,,France,46.1602484,1.3759221,TRUE,FALSE,FALSE,FALSE,FALSE,TRUE,,,FALSE,3.8,Aire de repos.,TRUE,osm
Aire de la Coulerouze Est,aire_repos,autoroute,,,France,46.1586018,1.3781345,TRUE,FALSE,FALSE,FALSE,FALSE,TRUE,,,FALSE,3.8,Aire de repos.,TRUE,osm
Aire des Neyrolles,aire_repos,autoroute,,,France,46.1579808,5.6488638,TRUE,FALSE,FALSE,FALSE,FALSE,,,,FALSE,3.8,Aire de repos.,TRUE,osm
Aire du Lac,aire_repos,autoroute,,,France,46.1571698,5.6512548,TRUE,FALSE,FALSE,FALSE,FALSE,,,,FALSE,3.8,Aire de repos.,TRUE,osm
Aire de la Semine,aire_repos,autoroute,,,France,46.1540947,5.7871593,TRUE,FALSE,FALSE,FALSE,FALSE,,,,FALSE,3.8,Aire de repos.,TRUE,osm
Aire de Nangy Nord,aire_repos,autoroute,,,France,46.1540599,6.2941642,TRUE,FALSE,FALSE,FALSE,FALSE,,,,FALSE,3.8,Aire de repos.,TRUE,osm
Aire de la Michaille,aire_repos,autoroute,,,France,46.1529266,5.7880041,TRUE,FALSE,FALSE,FALSE,FALSE,TRUE,,,FALSE,3.8,Aire de repos.,TRUE,osm
Aire de Nangy Sud,aire_repos,autoroute,,,France,46.152171,6.2963952,TRUE,FALSE,FALSE,FALSE,FALSE,,,,FALSE,3.8,Aire de repos.,TRUE,osm
Sasso,aire_repos,autoroute,,,France,46.1496144,8.9588244,TRUE,FALSE,FALSE,FALSE,FALSE,,,,FALSE,3.8,Aire de repos.,TRUE,osm
Aire de repos,aire_repos,autoroute,,,France,46.1470694,2.2047056,TRUE,FALSE,FALSE,FALSE,FALSE,,,,FALSE,3.8,Aire de repos.,TRUE,osm
Motto,aire_repos,autoroute,,,France,46.1442983,8.9456818,TRUE,FALSE,FALSE,FALSE,FALSE,TRUE,,,FALSE,3.8,Aire de repos.,TRUE,osm
Aire de repos,aire_repos,autoroute,,,France,46.1436426,9.5085212,TRUE,FALSE,FALSE,FALSE,FALSE,FALSE,,,FALSE,3.8,Aire de repos.,TRUE,osm
Aire de repos,aire_repos,autoroute,,,France,46.1374315,9.5395314,TRUE,FALSE,FALSE,FALSE,FALSE,FALSE,,,FALSE,3.8,Aire de repos.,TRUE,osm
Aire de repos,aire_repos,autoroute,,,France,46.1344476,6.6298996,TRUE,FALSE,FALSE,FALSE,FALSE,FALSE,,,FALSE,3.8,Aire de repos.,TRUE,osm
Aire de repos,aire_repos,autoroute,,,France,46.1273944,7.0606234,TRUE,FALSE,FALSE,FALSE,FALSE,TRUE,,,FALSE,3.8,Aire de repos.,TRUE,osm
Aire de repos,aire_repos,autoroute,,,France,46.1269045,4.7152743,TRUE,FALSE,FALSE,FALSE,FALSE,,,,FALSE,3.8,Aire de repos.,TRUE,osm
Aire de repos de Pierre-Avoi,aire_repos,autoroute,,,France,46.1252673,7.1183403,TRUE,FALSE,FALSE,FALSE,FALSE,TRUE,,,FALSE,3.8,Aire de repos.,TRUE,osm
Aire de repos du Grand-Chavalard,aire_repos,autoroute,,,France,46.1220933,7.11208,TRUE,FALSE,FALSE,FALSE,FALSE,TRUE,,,FALSE,3.8,Aire de repos.,TRUE,osm
Aire de Tossiat,aire_repos,autoroute,,,France,46.1139154,5.2923303,TRUE,FALSE,FALSE,FALSE,FALSE,TRUE,,,FALSE,3.8,Aire de repos.,TRUE,osm
Aire de repos,aire_repos,autoroute,,,France,46.1134387,3.6409694,TRUE,FALSE,FALSE,FALSE,FALSE,,,,FALSE,3.8,Aire de repos.,TRUE,osm
Aire de Certines,aire_repos,autoroute,,,France,46.1134119,5.2904104,TRUE,FALSE,FALSE,FALSE,FALSE,TRUE,,,FALSE,3.8,Aire de repos.,TRUE,osm
Largo Insigniti al merito della Repubblica Italiana,aire_repos,autoroute,,,France,46.1098973,8.287783,TRUE,FALSE,FALSE,FALSE,FALSE,,,,FALSE,3.8,Aire de repos.,TRUE,osm
Aire de repos,aire_repos,autoroute,,,France,46.1065441,4.6130519,TRUE,FALSE,FALSE,FALSE,FALSE,FALSE,,,FALSE,3.8,Aire de repos.,TRUE,osm
Notre-Dame des Voyageurs,aire_repos,autoroute,,,France,46.0882253,6.0370518,TRUE,FALSE,FALSE,FALSE,FALSE,,,,FALSE,3.8,Aire de repos.,TRUE,osm
Aire de Neuville-sur-Ain,aire_repos,autoroute,,,France,46.0881084,5.3802326,TRUE,FALSE,FALSE,FALSE,FALSE,TRUE,,,FALSE,3.8,Aire de repos.,TRUE,osm
Aire de repos,aire_repos,autoroute,,,France,46.0843094,8.9738181,TRUE,FALSE,FALSE,FALSE,FALSE,,,,FALSE,3.8,Aire de repos.,TRUE,osm
Aire de repos,aire_repos,autoroute,,,France,46.0752211,5.4538846,TRUE,FALSE,FALSE,FALSE,FALSE,,,,FALSE,3.8,Aire de repos.,TRUE,osm
Aire de repos,aire_repos,autoroute,,,France,46.0587484,6.2905419,TRUE,FALSE,FALSE,FALSE,FALSE,,,,FALSE,3.8,Aire de repos.,TRUE,osm
Aire de repos,aire_repos,autoroute,,,France,46.0508938,3.0443522,TRUE,FALSE,FALSE,FALSE,FALSE,FALSE,,,FALSE,3.8,Aire de repos.,TRUE,osm
Aire de repos,aire_repos,autoroute,,,France,46.0479517,8.266839,TRUE,FALSE,FALSE,FALSE,FALSE,FALSE,,,FALSE,3.8,Aire de repos.,TRUE,osm
Aire d’Évires,aire_repos,autoroute,,,France,46.046998,6.2637453,TRUE,FALSE,FALSE,FALSE,FALSE,,,,FALSE,3.8,Aire de repos.,TRUE,osm
Aire d’Éteaux,aire_repos,autoroute,,,France,46.045975,6.2620099,TRUE,FALSE,FALSE,FALSE,FALSE,,,,FALSE,3.8,Aire de repos.,TRUE,osm
Aire de repos,aire_repos,autoroute,,,France,46.0431678,8.2644231,TRUE,FALSE,FALSE,FALSE,FALSE,FALSE,,,FALSE,3.8,Aire de repos.,TRUE,osm
Aire de repos,aire_repos,autoroute,,,France,46.0426669,5.4609935,TRUE,FALSE,FALSE,FALSE,FALSE,,,,FALSE,3.8,Aire de repos.,TRUE,osm
Aire de Boitray,aire_repos,autoroute,,,France,46.0422992,4.7278704,TRUE,FALSE,FALSE,FALSE,FALSE,TRUE,,,FALSE,3.8,Aire de repos.,TRUE,osm
Aire de Pâtural,aire_repos,autoroute,,,France,46.0410842,4.7261241,TRUE,FALSE,FALSE,FALSE,FALSE,TRUE,,,FALSE,3.8,Aire de repos.,TRUE,osm
Aire de repos,aire_repos,autoroute,,,France,46.038844,8.2669424,TRUE,FALSE,FALSE,FALSE,FALSE,FALSE,,,FALSE,3.8,Aire de repos.,TRUE,osm
Aire de repos de Terre Neuve,aire_repos,autoroute,,,France,46.0253587,0.6540989,TRUE,FALSE,FALSE,FALSE,FALSE,,,,FALSE,3.8,Aire de repos.,TRUE,osm
Aire de repos,aire_repos,autoroute,,,France,46.0250087,3.2424017,TRUE,FALSE,FALSE,FALSE,FALSE,,,,FALSE,3.8,Aire de repos.,TRUE,osm
Aire de Lozay,aire_repos,autoroute,,,France,46.0240481,-0.5422537,TRUE,FALSE,FALSE,FALSE,FALSE,TRUE,,,FALSE,3.8,Aire de repos.,TRUE,osm
Aire de repos,aire_repos,autoroute,,,France,46.022443,5.9102529,TRUE,FALSE,FALSE,FALSE,FALSE,FALSE,,,FALSE,3.8,Aire de repos.,TRUE,osm
Aire de la Ravoire,aire_repos,autoroute,,,France,46.0179926,6.1174419,TRUE,FALSE,FALSE,FALSE,FALSE,,,,FALSE,3.8,Aire de repos.,TRUE,osm
Aire de repos,aire_repos,autoroute,,,France,46.0178643,3.6568714,TRUE,FALSE,FALSE,FALSE,FALSE,,,,FALSE,3.8,Aire de repos.,TRUE,osm
Aire des Ponts de la Caille,aire_repos,autoroute,,,France,46.0159901,6.1162334,TRUE,FALSE,FALSE,FALSE,FALSE,TRUE,,,FALSE,3.8,Aire de repos.,TRUE,osm
Aire de repos,aire_repos,autoroute,,,France,46.0151825,8.1992093,TRUE,FALSE,FALSE,FALSE,FALSE,,,,FALSE,3.8,Aire de repos.,TRUE,osm
Aire de La Benâte,aire_repos,autoroute,,,France,46.0120676,-0.5401053,TRUE,FALSE,FALSE,FALSE,FALSE,TRUE,,,FALSE,3.8,Aire de repos.,TRUE,osm
Aire de repos,aire_repos,autoroute,,,France,45.9997205,6.0098642,TRUE,FALSE,FALSE,FALSE,FALSE,FALSE,,,FALSE,3.8,Aire de repos.,TRUE,osm
Aire de repos,aire_repos,autoroute,,,France,45.9963791,8.9166432,TRUE,FALSE,FALSE,FALSE,FALSE,TRUE,,,FALSE,3.8,Aire de repos.,TRUE,osm
Aire de repos,aire_repos,autoroute,,,France,45.9915451,6.1275118,TRUE,FALSE,FALSE,FALSE,FALSE,,,,FALSE,3.8,Aire de repos.,TRUE,osm
Aire de Villy le Pelloux,aire_repos,autoroute,,,France,45.9885935,6.1270014,TRUE,FALSE,FALSE,FALSE,FALSE,,,,FALSE,3.8,Aire de repos.,TRUE,osm
Aire de repos,aire_repos,autoroute,,,France,45.9871248,8.6428018,TRUE,FALSE,FALSE,FALSE,FALSE,,,,FALSE,3.8,Aire de repos.,TRUE,osm
Aire de repos,aire_repos,autoroute,,,France,45.9784629,2.1878453,TRUE,FALSE,FALSE,FALSE,FALSE,FALSE,,,FALSE,3.8,Aire de repos.,TRUE,osm
Aire de repos,aire_repos,autoroute,,,France,45.9759001,-0.8016927,TRUE,FALSE,FALSE,FALSE,FALSE,,,,FALSE,3.8,Aire de repos.,TRUE,osm
Aire de Villefranche-Limas Est,aire_repos,autoroute,,,France,45.9752569,4.7345785,TRUE,FALSE,FALSE,FALSE,FALSE,,,,FALSE,3.8,Aire de repos.,TRUE,osm
Aire de repos,aire_repos,autoroute,,,France,45.9726317,8.0884329,TRUE,FALSE,FALSE,FALSE,FALSE,,,,FALSE,3.8,Aire de repos.,TRUE,osm
Aire de Villefranche-Limas Ouest,aire_repos,autoroute,,,France,45.9720659,4.7301712,TRUE,FALSE,FALSE,FALSE,FALSE,,,,FALSE,3.8,Aire de repos.,TRUE,osm
Aire de repos,aire_repos,autoroute,,,France,45.9665773,4.154165,TRUE,FALSE,FALSE,FALSE,FALSE,TRUE,,,FALSE,3.8,Aire de repos.,TRUE,osm
Aire de repos,aire_repos,autoroute,,,France,45.9649239,9.0978483,TRUE,FALSE,FALSE,FALSE,FALSE,,,,FALSE,3.8,Aire de repos.,TRUE,osm
Aire de repos,aire_repos,autoroute,,,France,45.9626778,4.1713337,TRUE,FALSE,FALSE,FALSE,FALSE,FALSE,,,FALSE,3.8,Aire de repos.,TRUE,osm
Aire de repos,aire_repos,autoroute,,,France,45.9574147,9.3116502,TRUE,FALSE,FALSE,FALSE,FALSE,,,,FALSE,3.8,Aire de repos.,TRUE,osm
Aire de repos,aire_repos,autoroute,,,France,45.9477882,4.5325225,TRUE,FALSE,FALSE,FALSE,FALSE,,,,FALSE,3.8,Aire de repos.,TRUE,osm
Aire de repos,aire_repos,autoroute,,,France,45.9477677,3.1594082,TRUE,FALSE,FALSE,FALSE,FALSE,,,,FALSE,3.8,Aire de repos.,TRUE,osm
Aire de repos,aire_repos,autoroute,,,France,45.9458877,9.3126568,TRUE,FALSE,FALSE,FALSE,FALSE,FALSE,,,FALSE,3.8,Aire de repos.,TRUE,osm
Aire de repos,aire_repos,autoroute,,,France,45.9448887,9.3122889,TRUE,FALSE,FALSE,FALSE,FALSE,FALSE,,,FALSE,3.8,Aire de repos.,TRUE,osm
Aire de repos,aire_repos,autoroute,,,France,45.9418322,5.4819446,TRUE,FALSE,FALSE,FALSE,FALSE,FALSE,,,FALSE,3.8,Aire de repos.,TRUE,osm
Aire de repos,aire_repos,autoroute,,,France,45.9352353,8.5675892,TRUE,FALSE,FALSE,FALSE,FALSE,,,,FALSE,3.8,Aire de repos.,TRUE,osm
Aire de repos,aire_repos,autoroute,,,France,45.9259904,2.7187821,TRUE,FALSE,FALSE,FALSE,FALSE,,,,FALSE,3.8,Aire de repos.,TRUE,osm
Aire de repos,aire_repos,autoroute,,,France,45.9238566,3.1421255,TRUE,FALSE,FALSE,FALSE,FALSE,,,,FALSE,3.8,Aire de repos.,TRUE,osm
Aire de Pessat-Villeneuve,aire_repos,autoroute,,,France,45.9226549,3.1455817,TRUE,FALSE,FALSE,FALSE,FALSE,TRUE,,,FALSE,3.8,Aire de repos.,TRUE,osm
Aire de Montpertuis,aire_repos,autoroute,,,France,45.9221767,3.1449805,TRUE,FALSE,FALSE,FALSE,FALSE,TRUE,,,FALSE,3.8,Aire de repos.,TRUE,osm
"Area di Sosta ""Acqua Freja""",aire_repos,autoroute,,,France,45.9215157,9.443681,TRUE,FALSE,FALSE,FALSE,FALSE,,,,FALSE,3.8,Aire de repos.,TRUE,osm
Aire de Passy Mont-Blanc,aire_repos,autoroute,,,France,45.9215138,6.6645509,TRUE,FALSE,FALSE,FALSE,FALSE,,,,FALSE,3.8,Aire de repos.,TRUE,osm
Aire de repos,aire_repos,autoroute,,,France,45.921492,9.4409535,TRUE,FALSE,FALSE,FALSE,FALSE,,,,FALSE,3.8,Aire de repos.,TRUE,osm
Aire de Passy Mont-Blanc,aire_repos,autoroute,,,France,45.9200621,6.6695782,TRUE,FALSE,FALSE,FALSE,FALSE,,,,FALSE,3.8,Aire de repos.,TRUE,osm
Aire de repos,aire_repos,autoroute,,,France,45.9160323,4.3373234,TRUE,FALSE,FALSE,FALSE,FALSE,,,,FALSE,3.8,Aire de repos.,TRUE,osm
Aire de repos,aire_repos,autoroute,,,France,45.9117241,4.4997657,TRUE,FALSE,FALSE,FALSE,FALSE,,,,FALSE,3.8,Aire de repos.,TRUE,osm
Aire des Brotteaux,aire_repos,autoroute,,,France,45.910145,5.2427994,TRUE,FALSE,FALSE,FALSE,FALSE,,,,FALSE,3.8,Aire de repos.,TRUE,osm
Aire de Chazey-sur-Ain,aire_repos,autoroute,,,France,45.9089145,5.2422531,TRUE,FALSE,FALSE,FALSE,FALSE,TRUE,,,FALSE,3.8,Aire de repos.,TRUE,osm
Aire de la Jalette,aire_repos,autoroute,,,France,45.9083971,0.9029731,TRUE,FALSE,FALSE,FALSE,FALSE,TRUE,,,FALSE,3.8,Aire de repos.,TRUE,osm
Aire de repos,aire_repos,autoroute,,,France,45.9082654,6.1723794,TRUE,FALSE,FALSE,FALSE,FALSE,FALSE,,,FALSE,3.8,Aire de repos.,TRUE,osm
Aire du Loubier,aire_repos,autoroute,,,France,45.904516,1.0160253,TRUE,FALSE,FALSE,FALSE,FALSE,TRUE,,,FALSE,3.8,Aire de repos.,TRUE,osm
Aire de repos,aire_repos,autoroute,,,France,45.9017706,7.6174064,TRUE,FALSE,FALSE,FALSE,FALSE,,,,FALSE,3.8,Aire de repos.,TRUE,osm
Aire de Neulise,aire_repos,autoroute,,,France,45.9016859,4.1691576,TRUE,FALSE,FALSE,FALSE,FALSE,TRUE,,,FALSE,3.8,Aire de repos.,TRUE,osm
Aire de repos,aire_repos,autoroute,,,France,45.8997676,3.3263415,TRUE,FALSE,FALSE,FALSE,FALSE,,,,FALSE,3.8,Aire de repos.,TRUE,osm
Aire de la Cabane du Canal,aire_repos,autoroute,,,France,45.8988841,-0.9312113,TRUE,FALSE,FALSE,FALSE,FALSE,,,,FALSE,3.8,Aire de repos.,TRUE,osm
Aire de repos,aire_repos,autoroute,,,France,45.8985681,2.4279186,TRUE,FALSE,FALSE,FALSE,FALSE,,,,FALSE,3.8,Aire de repos.,TRUE,osm
Parcheggio Via Giuseppe Maggi ang. Via Veneto,aire_repos,autoroute,,,France,45.8971023,8.7338686,TRUE,FALSE,FALSE,FALSE,FALSE,,,,FALSE,3.8,Aire de repos.,TRUE,osm
Segoma,aire_repos,autoroute,,,France,45.8952194,8.9762351,TRUE,FALSE,FALSE,FALSE,FALSE,TRUE,,,FALSE,3.8,Aire de repos.,TRUE,osm
Aire de repos,aire_repos,autoroute,,,France,45.8948927,5.5231751,TRUE,FALSE,FALSE,FALSE,FALSE,,,,FALSE,3.8,Aire de repos.,TRUE,osm
Segoma,aire_repos,autoroute,,,France,45.89339,8.9764162,TRUE,FALSE,FALSE,FALSE,FALSE,TRUE,,,FALSE,3.8,Aire de repos.,TRUE,osm
Aire de repos,aire_repos,autoroute,,,France,45.8928082,5.5286991,TRUE,FALSE,FALSE,FALSE,FALSE,FALSE,,,FALSE,3.8,Aire de repos.,TRUE,osm
Aire de repos,aire_repos,autoroute,,,France,45.8925228,6.6652651,TRUE,FALSE,FALSE,FALSE,FALSE,FALSE,,,FALSE,3.8,Aire de repos.,TRUE,osm
Aire de repos,aire_repos,autoroute,,,France,45.8921959,9.3543785,TRUE,FALSE,FALSE,FALSE,FALSE,,,,FALSE,3.8,Aire de repos.,TRUE,osm
Aire d'Arrêt de l'Houmée,aire_repos,autoroute,,,France,45.8901206,-0.9642309,TRUE,FALSE,FALSE,FALSE,FALSE,TRUE,,,FALSE,3.8,Aire de repos.,TRUE,osm
Aire du Lac,aire_repos,autoroute,,,France,45.884689,3.5788085,TRUE,FALSE,FALSE,FALSE,FALSE,,,,FALSE,3.8,Aire de repos.,TRUE,osm
Aire des Pins,aire_repos,autoroute,,,France,45.8810815,3.5715309,TRUE,FALSE,FALSE,FALSE,FALSE,TRUE,,,FALSE,3.8,Aire de repos.,TRUE,osm
Parcheggio Via Ferrata,aire_repos,autoroute,,,France,45.8801897,7.6219816,TRUE,FALSE,FALSE,FALSE,FALSE,FALSE,,,FALSE,3.8,Aire de repos.,TRUE,osm
Aire de repos,aire_repos,autoroute,,,France,45.8771325,5.3973911,TRUE,FALSE,FALSE,FALSE,FALSE,,,,FALSE,3.8,Aire de repos.,TRUE,osm
Parcheggio Valmartin,aire_repos,autoroute,,,France,45.8726055,7.617083,TRUE,FALSE,FALSE,FALSE,FALSE,,,,FALSE,3.8,Aire de repos.,TRUE,osm
Aire du péage Saint-Romain-de-Popey,aire_repos,autoroute,,,France,45.8719759,4.5107831,TRUE,FALSE,FALSE,FALSE,FALSE,TRUE,,,FALSE,3.8,Aire de repos.,TRUE,osm
Maisonnasse,aire_repos,autoroute,,,France,45.8667715,7.6161891,TRUE,FALSE,FALSE,FALSE,FALSE,,,,FALSE,3.8,Aire de repos.,TRUE,osm
Aire des Oiseaux,aire_repos,autoroute,,,France,45.8664575,-0.7351049,TRUE,FALSE,FALSE,FALSE,FALSE,TRUE,,,FALSE,3.8,Aire de repos.,TRUE,osm
Aire des Pierres Dorées,aire_repos,autoroute,,,France,45.8652362,4.5950133,TRUE,FALSE,FALSE,FALSE,FALSE,TRUE,,,FALSE,3.8,Aire de repos.,TRUE,osm
Parcheggio Comunale Mont-Perron,aire_repos,autoroute,,,France,45.8628527,7.6072312,TRUE,FALSE,FALSE,FALSE,FALSE,,,,FALSE,3.8,Aire de repos.,TRUE,osm
Aire de Haute Combraille,aire_repos,autoroute,,,France,45.8600065,2.6199025,TRUE,FALSE,FALSE,FALSE,FALSE,,,,FALSE,3.8,Aire de repos.,TRUE,osm
Aire de repos,aire_repos,autoroute,,,France,45.8561185,4.6290176,TRUE,FALSE,FALSE,FALSE,FALSE,,,,FALSE,3.8,Aire de repos.,TRUE,osm
Aire des Suchères,aire_repos,autoroute,,,France,45.8552735,3.7252842,TRUE,FALSE,FALSE,FALSE,FALSE,TRUE,,,FALSE,3.8,Aire de repos.,TRUE,osm
Aire de repos,aire_repos,autoroute,,,France,45.8544974,4.7161925,TRUE,FALSE,FALSE,FALSE,FALSE,,,,FALSE,3.8,Aire de repos.,TRUE,osm
Aire d'Arret du Bois Souchet,aire_repos,autoroute,,,France,45.8481387,-0.9542535,TRUE,FALSE,FALSE,FALSE,FALSE,FALSE,,,FALSE,3.8,Aire de repos.,TRUE,osm
Aire de Maine-de-Boixe,aire_repos,autoroute,,,France,45.8469884,0.1887158,TRUE,FALSE,FALSE,FALSE,FALSE,TRUE,,,FALSE,3.8,Aire de repos.,TRUE,osm
Aire d'Arrêt Les Prises du Mitant,aire_repos,autoroute,,,France,45.845597,-0.9520612,TRUE,FALSE,FALSE,FALSE,FALSE,FALSE,,,FALSE,3.8,Aire de repos.,TRUE,osm
Aire de repos,aire_repos,autoroute,,,France,45.8422657,2.7930325,TRUE,FALSE,FALSE,FALSE,FALSE,,,,FALSE,3.8,Aire de repos.,TRUE,osm
Aire de la Pierre de Crazannes,aire_repos,autoroute,,,France,45.8412492,-0.7114984,TRUE,FALSE,FALSE,FALSE,FALSE,,,,FALSE,3.8,Aire de repos.,TRUE,osm
Aire des Ardilliers,aire_repos,autoroute,,,France,45.8406486,4.0928708,TRUE,FALSE,FALSE,FALSE,FALSE,TRUE,,,FALSE,3.8,Aire de repos.,TRUE,osm
Aire du péage de Gerzat,aire_repos,autoroute,,,France,45.8401547,3.159899,TRUE,FALSE,FALSE,FALSE,FALSE,,,,FALSE,3.8,Aire de repos.,TRUE,osm
Aire des Bruyères,aire_repos,autoroute,,,France,45.8398772,4.0913686,TRUE,FALSE,FALSE,FALSE,FALSE,,,,FALSE,3.8,Aire de repos.,TRUE,osm
Aire de repos,aire_repos,autoroute,,,France,45.8396253,-0.8112314,TRUE,FALSE,FALSE,FALSE,FALSE,FALSE,,,FALSE,3.8,Aire de repos.,TRUE,osm
Aire de repos,aire_repos,autoroute,,,France,45.839158,4.6248522,TRUE,FALSE,FALSE,FALSE,FALSE,,,,FALSE,3.8,Aire de repos.,TRUE,osm
Maine de Boixe,aire_repos,autoroute,,,France,45.8364921,0.187533,TRUE,FALSE,FALSE,FALSE,FALSE,,,,FALSE,3.8,Aire de repos.,TRUE,osm
Aire des Pacages,aire_repos,autoroute,,,France,45.835327,3.2972592,TRUE,FALSE,FALSE,FALSE,FALSE,,,,FALSE,3.8,Aire de repos.,TRUE,osm
Aire du Branchillon,aire_repos,autoroute,,,France,45.8322885,3.2928663,TRUE,FALSE,FALSE,FALSE,FALSE,TRUE,,,FALSE,3.8,Aire de repos.,TRUE,osm
Aire de repos,aire_repos,autoroute,,,France,45.8301781,3.4826121,TRUE,FALSE,FALSE,FALSE,FALSE,,,,FALSE,3.8,Aire de repos.,TRUE,osm
Parcheggio autobus di linea,aire_repos,autoroute,,,France,45.8301491,9.5874637,TRUE,FALSE,FALSE,FALSE,FALSE,,,,FALSE,3.8,Aire de repos.,TRUE,osm
Aire de repos,aire_repos,autoroute,,,France,45.829224,3.457226,TRUE,FALSE,FALSE,FALSE,FALSE,,,,FALSE,3.8,Aire de repos.,TRUE,osm
Aire de repos,aire_repos,autoroute,,,France,45.8263355,9.2276858,TRUE,FALSE,FALSE,FALSE,FALSE,,,,FALSE,3.8,Aire de repos.,TRUE,osm
Parcheggio Comunale Fiernaz Dessous,aire_repos,autoroute,,,France,45.8239954,7.5925699,TRUE,FALSE,FALSE,FALSE,FALSE,,,,FALSE,3.8,Aire de repos.,TRUE,osm
Aire de repos,aire_repos,autoroute,,,France,45.8232188,3.8423848,TRUE,FALSE,FALSE,FALSE,FALSE,,,,FALSE,3.8,Aire de repos.,TRUE,osm
Aire de repos,aire_repos,autoroute,,,France,45.8211844,7.5750773,TRUE,FALSE,FALSE,FALSE,FALSE,,,,FALSE,3.8,Aire de repos.,TRUE,osm
Aire de Beynost,aire_repos,autoroute,,,France,45.8211792,4.9959853,TRUE,FALSE,FALSE,FALSE,FALSE,,,,FALSE,3.8,Aire de repos.,TRUE,osm
Étang des rochers,aire_repos,autoroute,,,France,45.8209999,-0.417728,TRUE,FALSE,FALSE,FALSE,FALSE,,,,FALSE,3.8,Aire de repos.,TRUE,osm
Aire de repos,aire_repos,autoroute,,,France,45.818817,7.3213879,TRUE,FALSE,FALSE,FALSE,FALSE,,,,FALSE,3.8,Aire de repos.,TRUE,osm
Aire de repos,aire_repos,autoroute,,,France,45.8127328,5.6637494,TRUE,FALSE,FALSE,FALSE,FALSE,,,,FALSE,3.8,Aire de repos.,TRUE,osm
Picnic,aire_repos,autoroute,,,France,45.8125839,0.6500448,TRUE,FALSE,FALSE,FALSE,FALSE,,,,FALSE,3.8,Aire de repos.,TRUE,osm
Aire de repos,aire_repos,autoroute,,,France,45.8097155,3.8809555,TRUE,FALSE,FALSE,FALSE,FALSE,,,,FALSE,3.8,Aire de repos.,TRUE,osm
Aire de repos,aire_repos,autoroute,,,France,45.8065108,9.5827899,TRUE,FALSE,FALSE,FALSE,FALSE,,,,FALSE,3.8,Aire de repos.,TRUE,osm
Aire de repos,aire_repos,autoroute,,,France,45.8041822,7.5867921,TRUE,FALSE,FALSE,FALSE,FALSE,,,,FALSE,3.8,Aire de repos.,TRUE,osm
Aire de repos,aire_repos,autoroute,,,France,45.7988788,5.4000136,TRUE,FALSE,FALSE,FALSE,FALSE,FALSE,,,FALSE,3.8,Aire de repos.,TRUE,osm
Aire de Port d'Envaux,aire_repos,autoroute,,,France,45.7972988,-0.660647,TRUE,FALSE,FALSE,FALSE,FALSE,,,,FALSE,3.8,Aire de repos.,TRUE,osm
Aire de Repos du Lavoir de Fontbelle,aire_repos,autoroute,,,France,45.7944837,-0.446561,TRUE,FALSE,FALSE,FALSE,FALSE,,,,FALSE,3.8,Aire de repos.,TRUE,osm
Aire de repos,aire_repos,autoroute,,,France,45.7881307,3.9194933,TRUE,FALSE,FALSE,FALSE,FALSE,,,,FALSE,3.8,Aire de repos.,TRUE,osm
Aire d'Albens,aire_repos,autoroute,,,France,45.7855988,5.9650165,TRUE,FALSE,FALSE,FALSE,FALSE,,,,FALSE,3.8,Aire de repos.,TRUE,osm
Aire de Saint-Girod,aire_repos,autoroute,,,France,45.7849848,5.9651936,TRUE,FALSE,FALSE,FALSE,FALSE,TRUE,,,FALSE,3.8,Aire de repos.,TRUE,osm
Covalou,aire_repos,autoroute,,,France,45.7755306,7.5935484,TRUE,FALSE,FALSE,FALSE,FALSE,,,,FALSE,3.8,Aire de repos.,TRUE,osm
Aire de repos,aire_repos,autoroute,,,France,45.7729792,7.5679701,TRUE,FALSE,FALSE,FALSE,FALSE,,,,FALSE,3.8,Aire de repos.,TRUE,osm
Aire de repos,aire_repos,autoroute,,,France,45.7676411,3.025264,TRUE,FALSE,FALSE,FALSE,FALSE,,,,FALSE,3.8,Aire de repos.,TRUE,osm
Aire de repos,aire_repos,autoroute,,,France,45.7632814,8.4235158,TRUE,FALSE,FALSE,FALSE,FALSE,,,,FALSE,3.8,Aire de repos.,TRUE,osm
Aire de repos,aire_repos,autoroute,,,France,45.7625164,6.9896249,TRUE,FALSE,FALSE,FALSE,FALSE,,,,FALSE,3.8,Aire de repos.,TRUE,osm
Aire de repos,aire_repos,autoroute,,,France,45.7613538,6.5373265,TRUE,FALSE,FALSE,FALSE,FALSE,,,,FALSE,3.8,Aire de repos.,TRUE,osm
Aire de repos,aire_repos,autoroute,,,France,45.7607162,7.5430768,TRUE,FALSE,FALSE,FALSE,FALSE,,,,FALSE,3.8,Aire de repos.,TRUE,osm
Aire de repos,aire_repos,autoroute,,,France,45.7567628,3.9707706,TRUE,FALSE,FALSE,FALSE,FALSE,,,,FALSE,3.8,Aire de repos.,TRUE,osm
Aire de repos,aire_repos,autoroute,,,France,45.7544633,3.2093536,TRUE,FALSE,FALSE,FALSE,FALSE,,,,FALSE,3.8,Aire de repos.,TRUE,osm
Parcheggio Comunale Di Conoz,aire_repos,autoroute,,,France,45.7538571,7.6105251,TRUE,FALSE,FALSE,FALSE,FALSE,,,,FALSE,3.8,Aire de repos.,TRUE,osm
Parcheggio Comunale Chabloz,aire_repos,autoroute,,,France,45.7493336,7.3534504,TRUE,FALSE,FALSE,FALSE,FALSE,,,,FALSE,3.8,Aire de repos.,TRUE,osm
Parcheggio Comunale Ronc Inferiore,aire_repos,autoroute,,,France,45.74845,7.6547838,TRUE,FALSE,FALSE,FALSE,FALSE,,,,FALSE,3.8,Aire de repos.,TRUE,osm
Parcheggio Comunale di Parleaz,aire_repos,autoroute,,,France,45.746363,7.5700387,TRUE,FALSE,FALSE,FALSE,FALSE,,,,FALSE,3.8,Aire de repos.,TRUE,osm
Aire de repos,aire_repos,autoroute,,,France,45.7449879,5.0181254,TRUE,FALSE,FALSE,FALSE,FALSE,,,,FALSE,3.8,Aire de repos.,TRUE,osm
Aire de repos,aire_repos,autoroute,,,France,45.7437942,7.5447077,TRUE,FALSE,FALSE,FALSE,FALSE,,,,FALSE,3.8,Aire de repos.,TRUE,osm
Les Crêtes,aire_repos,autoroute,,,France,45.743004,7.4945477,TRUE,FALSE,FALSE,FALSE,FALSE,,,,FALSE,3.8,Aire de repos.,TRUE,osm
Prolex,aire_repos,autoroute,,,France,45.7420187,7.5970534,TRUE,FALSE,FALSE,FALSE,FALSE,,,,FALSE,3.8,Aire de repos.,TRUE,osm
Chambave,aire_repos,autoroute,,,France,45.7416698,7.5433023,TRUE,FALSE,FALSE,FALSE,FALSE,,,,FALSE,3.8,Aire de repos.,TRUE,osm
Aire de repos,aire_repos,autoroute,,,France,45.7405014,7.643384,TRUE,FALSE,FALSE,FALSE,FALSE,FALSE,,,FALSE,3.8,Aire de repos.,TRUE,osm
Area di regolazione - Traforo del Monte Bianco,aire_repos,autoroute,,,France,45.7384609,7.3795665,TRUE,FALSE,FALSE,FALSE,FALSE,TRUE,,,FALSE,3.8,Aire de repos.,TRUE,osm
Les Iles de Brissogne sud,aire_repos,autoroute,,,France,45.7361979,7.404046,TRUE,FALSE,FALSE,FALSE,FALSE,FALSE,,,FALSE,3.8,Aire de repos.,TRUE,osm
Aire de Repos Claude Bonnier,aire_repos,autoroute,,,France,45.734998,0.3455771,TRUE,FALSE,FALSE,FALSE,FALSE,TRUE,,,FALSE,3.8,Aire de repos.,TRUE,osm
Pas du Loup,aire_repos,autoroute,,,France,45.7330481,6.5613853,TRUE,FALSE,FALSE,FALSE,FALSE,FALSE,,,FALSE,3.8,Aire de repos.,TRUE,osm
Aire de repos,aire_repos,autoroute,,,France,45.7319372,2.8225482,TRUE,FALSE,FALSE,FALSE,FALSE,FALSE,,,FALSE,3.8,Aire de repos.,TRUE,osm
Aire de repos,aire_repos,autoroute,,,France,45.7280556,9.1211537,TRUE,FALSE,FALSE,FALSE,FALSE,,,,FALSE,3.8,Aire de repos.,TRUE,osm
Aire de Prondines,aire_repos,autoroute,,,France,45.7279034,2.6950285,TRUE,FALSE,FALSE,FALSE,FALSE,TRUE,,,FALSE,3.8,Aire de repos.,TRUE,osm
Aire de repos,aire_repos,autoroute,,,France,45.72757,9.1264412,TRUE,FALSE,FALSE,FALSE,FALSE,,,,FALSE,3.8,Aire de repos.,TRUE,osm
La Cascade,aire_repos,autoroute,,,France,45.7271066,6.548834,TRUE,FALSE,FALSE,FALSE,FALSE,FALSE,,,FALSE,3.8,Aire de repos.,TRUE,osm
Aire de repos,aire_repos,autoroute,,,France,45.7238338,8.4599034,TRUE,FALSE,FALSE,FALSE,FALSE,FALSE,,,FALSE,3.8,Aire de repos.,TRUE,osm
Aire de repos,aire_repos,autoroute,,,France,45.7171599,3.3869839,TRUE,FALSE,FALSE,FALSE,FALSE,,,,FALSE,3.8,Aire de repos.,TRUE,osm
Aire de Heume l'Église,aire_repos,autoroute,,,France,45.7163042,2.6952892,TRUE,FALSE,FALSE,FALSE,FALSE,TRUE,,,FALSE,3.8,Aire de repos.,TRUE,osm
Aire de repos,aire_repos,autoroute,,,France,45.7157174,3.3773486,TRUE,FALSE,FALSE,FALSE,FALSE,,,,FALSE,3.8,Aire de repos.,TRUE,osm
Aire de repos,aire_repos,autoroute,,,France,45.7129231,5.533987,TRUE,FALSE,FALSE,FALSE,FALSE,,,,FALSE,3.8,Aire de repos.,TRUE,osm
Aire de repos,aire_repos,autoroute,,,France,45.7117196,9.4590501,TRUE,FALSE,FALSE,FALSE,FALSE,,,,FALSE,3.8,Aire de repos.,TRUE,osm
Aire de repos,aire_repos,autoroute,,,France,45.7107129,5.5478834,TRUE,FALSE,FALSE,FALSE,FALSE,,,,FALSE,3.8,Aire de repos.,TRUE,osm
Aire de repos des Roires,aire_repos,autoroute,,,France,45.7097104,3.1988397,TRUE,FALSE,FALSE,FALSE,FALSE,,,,FALSE,3.8,Aire de repos.,TRUE,osm
Aire de repos,aire_repos,autoroute,,,France,45.7096328,5.5362041,TRUE,FALSE,FALSE,FALSE,FALSE,,,,FALSE,3.8,Aire de repos.,TRUE,osm
Aire de repos des Garennes,aire_repos,autoroute,,,France,45.708232,3.1989026,TRUE,FALSE,FALSE,FALSE,FALSE,,,,FALSE,3.8,Aire de repos.,TRUE,osm
Aire du Canal Lallier,aire_repos,autoroute,,,France,45.7076824,6.4054934,TRUE,FALSE,FALSE,FALSE,FALSE,,,,FALSE,3.8,Aire de repos.,TRUE,osm
Aire des Pradines,aire_repos,autoroute,,,France,45.7075288,3.195845,TRUE,FALSE,FALSE,FALSE,FALSE,,,,FALSE,3.8,Aire de repos.,TRUE,osm
Aire de repos,aire_repos,autoroute,,,France,45.7060476,3.0467575,TRUE,FALSE,FALSE,FALSE,FALSE,,,,FALSE,3.8,Aire de repos.,TRUE,osm
Aire de Chermignac Ouest,aire_repos,autoroute,,,France,45.704684,-0.6525207,TRUE,FALSE,FALSE,FALSE,FALSE,,,,FALSE,3.8,Aire de repos.,TRUE,osm
Aire de Chermignac,aire_repos,autoroute,,,France,45.7043867,-0.6519548,TRUE,FALSE,FALSE,FALSE,FALSE,,,,FALSE,3.8,Aire de repos.,TRUE,osm
Aire de Chermignac Est,aire_repos,autoroute,,,France,45.7040019,-0.6511265,TRUE,FALSE,FALSE,FALSE,FALSE,,,,FALSE,3.8,Aire de repos.,TRUE,osm
Aire de repos,aire_repos,autoroute,,,France,45.7034509,4.6259023,TRUE,FALSE,FALSE,FALSE,FALSE,FALSE,,,FALSE,3.8,Aire de repos.,TRUE,osm
Aire de repos,aire_repos,autoroute,,,France,45.7031728,4.641202,TRUE,FALSE,FALSE,FALSE,FALSE,FALSE,,,FALSE,3.8,Aire de repos.,TRUE,osm
Aire de repos,aire_repos,autoroute,,,France,45.7028808,3.0455591,TRUE,FALSE,FALSE,FALSE,FALSE,,,,FALSE,3.8,Aire de repos.,TRUE,osm
Aire de repos,aire_repos,autoroute,,,France,45.7015951,4.6016579,TRUE,FALSE,FALSE,FALSE,FALSE,,,,FALSE,3.8,Aire de repos.,TRUE,osm
Aire de repos,aire_repos,autoroute,,,France,45.6991077,4.6083816,TRUE,FALSE,FALSE,FALSE,FALSE,,,,FALSE,3.8,Aire de repos.,TRUE,osm
Aire de repos,aire_repos,autoroute,,,France,45.6976334,0.2479451,TRUE,FALSE,FALSE,FALSE,FALSE,,,,FALSE,3.8,Aire de repos.,TRUE,osm
Aire de repos,aire_repos,autoroute,,,France,45.6971372,4.6519707,TRUE,FALSE,FALSE,FALSE,FALSE,,,,FALSE,3.8,Aire de repos.,TRUE,osm
Aire de repos,aire_repos,autoroute,,,France,45.6936618,0.5882529,TRUE,FALSE,FALSE,FALSE,FALSE,FALSE,,,FALSE,3.8,Aire de repos.,TRUE,osm
Aire de repos,aire_repos,autoroute,,,France,45.6922877,0.8728974,TRUE,FALSE,FALSE,FALSE,FALSE,,,,FALSE,3.8,Aire de repos.,TRUE,osm
Aire de repos,aire_repos,autoroute,,,France,45.6916802,6.630377,TRUE,FALSE,FALSE,FALSE,FALSE,,,,FALSE,3.8,Aire de repos.,TRUE,osm
Aire de repos,aire_repos,autoroute,,,France,45.6905059,2.8424039,TRUE,FALSE,FALSE,FALSE,FALSE,,,,FALSE,3.8,Aire de repos.,TRUE,osm
Aire de repos,aire_repos,autoroute,,,France,45.6900064,-0.4671412,TRUE,FALSE,FALSE,FALSE,FALSE,,,,FALSE,3.8,Aire de repos.,TRUE,osm
Aire de repos,aire_repos,autoroute,,,France,45.6850935,-0.445984,TRUE,FALSE,FALSE,FALSE,FALSE,,,,FALSE,3.8,Aire de repos.,TRUE,osm
Aire du Puy de la Vache,aire_repos,autoroute,,,France,45.6841799,2.9483345,TRUE,FALSE,FALSE,FALSE,FALSE,TRUE,,,FALSE,3.8,Aire de repos.,TRUE,osm
Aire du Col de la Ventouse,aire_repos,autoroute,,,France,45.6830032,2.9611525,TRUE,FALSE,FALSE,FALSE,FALSE,,,,FALSE,3.8,Aire de repos.,TRUE,osm
Aire de repos,aire_repos,autoroute,,,France,45.6812255,7.1951709,TRUE,FALSE,FALSE,FALSE,FALSE,,,,FALSE,3.8,Aire de repos.,TRUE,osm
Aire de repos,aire_repos,autoroute,,,France,45.6790113,5.8506285,TRUE,FALSE,FALSE,FALSE,FALSE,FALSE,,,FALSE,3.8,Aire de repos.,TRUE,osm
Aire de repos,aire_repos,autoroute,,,France,45.6769263,1.0019987,TRUE,FALSE,FALSE,FALSE,FALSE,,,,FALSE,3.8,Aire de repos.,TRUE,osm
Aire de repos,aire_repos,autoroute,,,France,45.6768851,-0.9987942,TRUE,FALSE,FALSE,FALSE,FALSE,FALSE,,,FALSE,3.8,Aire de repos.,TRUE,osm
Aire de Briance Ligoure,aire_repos,autoroute,,,France,45.675801,1.3789682,TRUE,FALSE,FALSE,FALSE,FALSE,,,,FALSE,3.8,Aire de repos.,TRUE,osm
Aire de Briance Ligoure,aire_repos,autoroute,,,France,45.674132,1.377953,TRUE,FALSE,FALSE,FALSE,FALSE,,,,FALSE,3.8,Aire de repos.,TRUE,osm
Aire de repos,aire_repos,autoroute,,,France,45.6730414,-0.9994771,TRUE,FALSE,FALSE,FALSE,FALSE,FALSE,,,FALSE,3.8,Aire de repos.,TRUE,osm
Aire de la Banne d'Ordanche,aire_repos,autoroute,,,France,45.6662972,2.7242694,TRUE,FALSE,FALSE,FALSE,FALSE,,,,FALSE,3.8,Aire de repos.,TRUE,osm
Aire de repos,aire_repos,autoroute,,,France,45.6608868,3.1337706,TRUE,FALSE,FALSE,FALSE,FALSE,,,,FALSE,3.8,Aire de repos.,TRUE,osm
Aire de repos,aire_repos,autoroute,,,France,45.6607305,8.9268053,TRUE,FALSE,FALSE,FALSE,FALSE,,,,FALSE,3.8,Aire de repos.,TRUE,osm
Aire de repos,aire_repos,autoroute,,,France,45.6585282,3.056199,TRUE,FALSE,FALSE,FALSE,FALSE,,,,FALSE,3.8,Aire de repos.,TRUE,osm
Aire de repos,aire_repos,autoroute,,,France,45.6547107,4.5843063,TRUE,FALSE,FALSE,FALSE,FALSE,,,,FALSE,3.8,Aire de repos.,TRUE,osm
Aire de repos,aire_repos,autoroute,,,France,45.6542659,7.154867,TRUE,FALSE,FALSE,FALSE,FALSE,,,,FALSE,3.8,Aire de repos.,TRUE,osm
Aire de repos,aire_repos,autoroute,,,France,45.6540894,7.1553621,TRUE,FALSE,FALSE,FALSE,FALSE,,,,FALSE,3.8,Aire de repos.,TRUE,osm
Aire de repos,aire_repos,autoroute,,,France,45.6533926,2.464623,TRUE,FALSE,FALSE,FALSE,FALSE,,,,FALSE,3.8,Aire de repos.,TRUE,osm
Parcheggio Arnad,aire_repos,autoroute,,,France,45.6454528,7.7130157,TRUE,FALSE,FALSE,FALSE,FALSE,,,,FALSE,3.8,Aire de repos.,TRUE,osm
Parcheggio Arnad,aire_repos,autoroute,,,France,45.6369797,7.7229281,TRUE,FALSE,FALSE,FALSE,FALSE,FALSE,,,FALSE,3.8,Aire de repos.,TRUE,osm
Aire de repos,aire_repos,autoroute,,,France,45.6318347,4.3557531,TRUE,FALSE,FALSE,FALSE,FALSE,,,,FALSE,3.8,Aire de repos.,TRUE,osm
Aire de repos,aire_repos,autoroute,,,France,45.6317531,6.8154678,TRUE,FALSE,FALSE,FALSE,FALSE,,,,FALSE,3.8,Aire de repos.,TRUE,osm
Aire de Langon,aire_repos,autoroute,,,France,45.6111721,6.4501774,TRUE,FALSE,FALSE,FALSE,FALSE,FALSE,,,FALSE,3.8,Aire de repos.,TRUE,osm
Aire de repos,aire_repos,autoroute,,,France,45.6098337,2.7199703,TRUE,FALSE,FALSE,FALSE,FALSE,,,,FALSE,3.8,Aire de repos.,TRUE,osm
"Aire d'Arrèt ""La Rivière""",aire_repos,autoroute,,,France,45.6071654,-0.9346449,TRUE,FALSE,FALSE,FALSE,FALSE,,,,FALSE,3.8,Aire de repos.,TRUE,osm
"Aire d'Arrèt ""La Rivière""",aire_repos,autoroute,,,France,45.6066858,-0.9358625,TRUE,FALSE,FALSE,FALSE,FALSE,,,,FALSE,3.8,Aire de repos.,TRUE,osm
Aire de repos,aire_repos,autoroute,,,France,45.6047258,7.782009,TRUE,FALSE,FALSE,FALSE,FALSE,,,,FALSE,3.8,Aire de repos.,TRUE,osm
Aire de Chante-Perdrix,aire_repos,autoroute,,,France,45.6046178,4.2078188,TRUE,FALSE,FALSE,FALSE,FALSE,TRUE,,,FALSE,3.8,Aire de repos.,TRUE,osm
Aire de repos,aire_repos,autoroute,,,France,45.6038845,2.7274739,TRUE,FALSE,FALSE,FALSE,FALSE,FALSE,,,FALSE,3.8,Aire de repos.,TRUE,osm
Aire des Chaninats,aire_repos,autoroute,,,France,45.6033162,4.2102127,TRUE,FALSE,FALSE,FALSE,FALSE,TRUE,,,FALSE,3.8,Aire de repos.,TRUE,osm
Aire de repos,aire_repos,autoroute,,,France,45.6013951,2.7083496,TRUE,FALSE,FALSE,FALSE,FALSE,,,,FALSE,3.8,Aire de repos.,TRUE,osm
Aire de repos,aire_repos,autoroute,,,France,45.5997264,6.7518055,TRUE,FALSE,FALSE,FALSE,FALSE,,,,FALSE,3.8,Aire de repos.,TRUE,osm
Aire de repos,aire_repos,autoroute,,,France,45.5985841,5.5338789,TRUE,FALSE,FALSE,FALSE,FALSE,FALSE,,,FALSE,3.8,Aire de repos.,TRUE,osm
Aire de repos,aire_repos,autoroute,,,France,45.5958128,2.7592606,TRUE,FALSE,FALSE,FALSE,FALSE,FALSE,,,FALSE,3.8,Aire de repos.,TRUE,osm
Aire de repos,aire_repos,autoroute,,,France,45.5935492,2.8558909,TRUE,FALSE,FALSE,FALSE,FALSE,,,,FALSE,3.8,Aire de repos.,TRUE,osm
Aire de repos,aire_repos,autoroute,,,France,45.5932178,8.6401293,TRUE,FALSE,FALSE,FALSE,FALSE,,,,FALSE,3.8,Aire de repos.,TRUE,osm
Aire du Val d'Allier,aire_repos,autoroute,,,France,45.5924975,3.2356401,TRUE,FALSE,FALSE,FALSE,FALSE,TRUE,,,FALSE,3.8,Aire de repos.,TRUE,osm
Aire de Chainage,aire_repos,autoroute,,,France,45.5894835,2.7767564,TRUE,FALSE,FALSE,FALSE,FALSE,,,,FALSE,3.8,Aire de repos.,TRUE,osm
Aire de repos,aire_repos,autoroute,,,France,45.5865435,2.9360752,TRUE,FALSE,FALSE,FALSE,FALSE,FALSE,,,FALSE,3.8,Aire de repos.,TRUE,osm
Aire de repos,aire_repos,autoroute,,,France,45.5814067,9.4794583,TRUE,FALSE,FALSE,FALSE,FALSE,,,,FALSE,3.8,Aire de repos.,TRUE,osm
Aire de repos,aire_repos,autoroute,,,France,45.5785551,2.9366996,TRUE,FALSE,FALSE,FALSE,FALSE,FALSE,,,FALSE,3.8,Aire de repos.,TRUE,osm
Aire de repos,aire_repos,autoroute,,,France,45.5780641,6.7336071,TRUE,FALSE,FALSE,FALSE,FALSE,,,,FALSE,3.8,Aire de repos.,TRUE,osm
Aire de repos,aire_repos,autoroute,,,France,45.5744441,0.9727587,TRUE,FALSE,FALSE,FALSE,FALSE,,,,FALSE,3.8,Aire de repos.,TRUE,osm
Aire de L'Omble,aire_repos,autoroute,,,France,45.5726798,5.7910853,TRUE,FALSE,FALSE,FALSE,FALSE,TRUE,,,FALSE,3.8,Aire de repos.,TRUE,osm
Aire de Coiranne,aire_repos,autoroute,,,France,45.5725199,5.3212214,TRUE,FALSE,FALSE,FALSE,FALSE,TRUE,,,FALSE,3.8,Aire de repos.,TRUE,osm
Aire du Vernay,aire_repos,autoroute,,,France,45.5713313,5.3261145,TRUE,FALSE,FALSE,FALSE,FALSE,TRUE,,,FALSE,3.8,Aire de repos.,TRUE,osm
Aire de repos,aire_repos,autoroute,,,France,45.5681134,9.3538218,TRUE,FALSE,FALSE,FALSE,FALSE,,,,FALSE,3.8,Aire de repos.,TRUE,osm
Aire de repos,aire_repos,autoroute,,,France,45.5679495,6.7074431,TRUE,FALSE,FALSE,FALSE,FALSE,,,,FALSE,3.8,Aire de repos.,TRUE,osm
Aire du Lavaret,aire_repos,autoroute,,,France,45.5678358,5.7905073,TRUE,FALSE,FALSE,FALSE,FALSE,,,,FALSE,3.8,Aire de repos.,TRUE,osm
Aire de repos,aire_repos,autoroute,,,France,45.5670821,4.8582001,TRUE,FALSE,FALSE,FALSE,FALSE,FALSE,,,FALSE,3.8,Aire de repos.,TRUE,osm
Aire de repos,aire_repos,autoroute,,,France,45.567074,-0.5542852,TRUE,FALSE,FALSE,FALSE,FALSE,FALSE,,,FALSE,3.8,Aire de repos.,TRUE,osm
Aire des Sitelles,aire_repos,autoroute,,,France,45.5637876,5.4960346,TRUE,FALSE,FALSE,FALSE,FALSE,TRUE,,,FALSE,3.8,Aire de repos.,TRUE,osm
Aire des Marouettes,aire_repos,autoroute,,,France,45.5629285,5.494575,TRUE,FALSE,FALSE,FALSE,FALSE,TRUE,,,FALSE,3.8,Aire de repos.,TRUE,osm
Aire de repos,aire_repos,autoroute,,,France,45.5591418,2.9468877,TRUE,FALSE,FALSE,FALSE,FALSE,,,,FALSE,3.8,Aire de repos.,TRUE,osm
Aire de repos,aire_repos,autoroute,,,France,45.5589272,6.2721384,TRUE,FALSE,FALSE,FALSE,FALSE,FALSE,,,FALSE,3.8,Aire de repos.,TRUE,osm
Aire de repos,aire_repos,autoroute,,,France,45.5582687,6.2516042,TRUE,FALSE,FALSE,FALSE,FALSE,,,,FALSE,3.8,Aire de repos.,TRUE,osm
Aire de repos,aire_repos,autoroute,,,France,45.552468,6.6367341,TRUE,FALSE,FALSE,FALSE,FALSE,,,,FALSE,3.8,Aire de repos.,TRUE,osm
Aire de repos,aire_repos,autoroute,,,France,45.5511264,6.6286345,TRUE,FALSE,FALSE,FALSE,FALSE,,,,FALSE,3.8,Aire de repos.,TRUE,osm
Aire de repos,aire_repos,autoroute,,,France,45.549864,2.8857224,TRUE,FALSE,FALSE,FALSE,FALSE,,,,FALSE,3.8,Aire de repos.,TRUE,osm
Aire de repos,aire_repos,autoroute,,,France,45.5443208,6.6153626,TRUE,FALSE,FALSE,FALSE,FALSE,FALSE,,,FALSE,3.8,Aire de repos.,TRUE,osm
Aire de repos,aire_repos,autoroute,,,France,45.5432759,3.9417924,TRUE,FALSE,FALSE,FALSE,FALSE,FALSE,,,FALSE,3.8,Aire de repos.,TRUE,osm
Aire de repos,aire_repos,autoroute,,,France,45.5416492,2.6983076,TRUE,FALSE,FALSE,FALSE,FALSE,,,,FALSE,3.8,Aire de repos.,TRUE,osm
Aire de repos,aire_repos,autoroute,,,France,45.5393247,3.9832832,TRUE,FALSE,FALSE,FALSE,FALSE,,,,FALSE,3.8,Aire de repos.,TRUE,osm
Aire de repos,aire_repos,autoroute,,,France,45.5370173,3.788857,TRUE,FALSE,FALSE,FALSE,FALSE,FALSE,,,FALSE,3.8,Aire de repos.,TRUE,osm
Aire de repos,aire_repos,autoroute,,,France,45.5354096,0.9696537,TRUE,FALSE,FALSE,FALSE,FALSE,,,,FALSE,3.8,Aire de repos.,TRUE,osm
Aire de repos,aire_repos,autoroute,,,France,45.5347724,0.8284382,TRUE,FALSE,FALSE,FALSE,FALSE,,,,FALSE,3.8,Aire de repos.,TRUE,osm
Aire de repos,aire_repos,autoroute,,,France,45.5342611,9.0865861,TRUE,FALSE,FALSE,FALSE,FALSE,FALSE,,,FALSE,3.8,Aire de repos.,TRUE,osm
Aire de Chanses,aire_repos,autoroute,,,France,45.5333324,5.4067954,TRUE,FALSE,FALSE,FALSE,FALSE,TRUE,,,FALSE,3.8,Aire de repos.,TRUE,osm
Aire de repos,aire_repos,autoroute,,,France,45.5321819,4.8683878,TRUE,FALSE,FALSE,FALSE,FALSE,FALSE,,,FALSE,3.8,Aire de repos.,TRUE,osm
Aire de repos,aire_repos,autoroute,,,France,45.5313561,0.9667681,TRUE,FALSE,FALSE,FALSE,FALSE,,,,FALSE,3.8,Aire de repos.,TRUE,osm
Aire de Ponteray,aire_repos,autoroute,,,France,45.5303,5.4083717,TRUE,FALSE,FALSE,FALSE,FALSE,TRUE,,,FALSE,3.8,Aire de repos.,TRUE,osm
Aire de repos,aire_repos,autoroute,,,France,45.5294037,4.8003387,TRUE,FALSE,FALSE,FALSE,FALSE,,,,FALSE,3.8,Aire de repos.,TRUE,osm
Aire de repos,aire_repos,autoroute,,,France,45.5241316,4.0537372,TRUE,FALSE,FALSE,FALSE,FALSE,,,,FALSE,3.8,Aire de repos.,TRUE,osm
Aire de repos,aire_repos,autoroute,,,France,45.5203576,-0.0955192,TRUE,FALSE,FALSE,FALSE,FALSE,,,,FALSE,3.8,Aire de repos.,TRUE,osm
Aire de repos,aire_repos,autoroute,,,France,45.5194502,9.448163,TRUE,FALSE,FALSE,FALSE,FALSE,,,,FALSE,3.8,Aire de repos.,TRUE,osm
Aire du Pontaroux,aire_repos,autoroute,,,France,45.5185256,0.3069682,TRUE,FALSE,FALSE,FALSE,FALSE,,,,FALSE,3.8,Aire de repos.,TRUE,osm
Aire de repos,aire_repos,autoroute,,,France,45.5165399,5.5958261,TRUE,FALSE,FALSE,FALSE,FALSE,TRUE,,,FALSE,3.8,Aire de repos.,TRUE,osm
Aire de repos,aire_repos,autoroute,,,France,45.5143798,5.3039432,TRUE,FALSE,FALSE,FALSE,FALSE,FALSE,,,FALSE,3.8,Aire de repos.,TRUE,osm
Aire de la Loutre,aire_repos,autoroute,,,France,45.5137206,2.3174377,TRUE,FALSE,FALSE,FALSE,FALSE,,,,FALSE,3.8,Aire de repos.,TRUE,osm
Parc de la Maison Blanche,aire_repos,autoroute,,,France,45.5130678,4.8544644,TRUE,FALSE,FALSE,FALSE,TRUE,TRUE,,,FALSE,3.8,Aire de repos.,TRUE,osm
Aire de Saint-Palais,aire_repos,autoroute,,,France,45.5130232,-0.6133742,TRUE,FALSE,FALSE,FALSE,FALSE,TRUE,,,FALSE,3.8,Aire de repos.,TRUE,osm
Aire de repos,aire_repos,autoroute,,,France,45.5065915,2.9409971,TRUE,FALSE,FALSE,FALSE,FALSE,FALSE,,,FALSE,3.8,Aire de repos.,TRUE,osm
Aire de repos,aire_repos,autoroute,,,France,45.5056929,9.3781985,TRUE,FALSE,FALSE,FALSE,FALSE,,,,FALSE,3.8,Aire de repos.,TRUE,osm
Boschina Est,aire_repos,autoroute,,,France,45.5034151,8.4366468,TRUE,FALSE,FALSE,FALSE,FALSE,FALSE,,,FALSE,3.8,Aire de repos.,TRUE,osm
Boschina Ovest,aire_repos,autoroute,,,France,45.5033607,8.4355548,TRUE,FALSE,FALSE,FALSE,FALSE,FALSE,,,FALSE,3.8,Aire de repos.,TRUE,osm
Aire de repos,aire_repos,autoroute,,,France,45.5022898,9.3859078,TRUE,FALSE,FALSE,FALSE,FALSE,,,,FALSE,3.8,Aire de repos.,TRUE,osm
Aire de repos,aire_repos,autoroute,,,France,45.4996232,9.3848706,TRUE,FALSE,FALSE,FALSE,FALSE,,,,FALSE,3.8,Aire de repos.,TRUE,osm
Aire de repos,aire_repos,autoroute,,,France,45.4958624,0.9475673,TRUE,FALSE,FALSE,FALSE,FALSE,,,,FALSE,3.8,Aire de repos.,TRUE,osm
Aire de repos,aire_repos,autoroute,,,France,45.4924718,0.94574,TRUE,FALSE,FALSE,FALSE,FALSE,,,,FALSE,3.8,Aire de repos.,TRUE,osm
Aire de repos,aire_repos,autoroute,,,France,45.4922434,4.7547401,TRUE,FALSE,FALSE,FALSE,FALSE,,,,FALSE,3.8,Aire de repos.,TRUE,osm
Aire d'Edon,aire_repos,autoroute,,,France,45.4893716,0.3644018,TRUE,FALSE,FALSE,FALSE,FALSE,,,,FALSE,3.8,Aire de repos.,TRUE,osm
Aire de Basset,aire_repos,autoroute,,,France,45.4827558,3.4022851,TRUE,FALSE,FALSE,FALSE,FALSE,FALSE,,,FALSE,3.8,Aire de repos.,TRUE,osm
Aire de repos,aire_repos,autoroute,,,France,45.4784347,4.781745,TRUE,FALSE,FALSE,FALSE,FALSE,,,,FALSE,3.8,Aire de repos.,TRUE,osm
Aire de Vienne,aire_repos,autoroute,,,France,45.4776749,4.8344348,TRUE,FALSE,FALSE,FALSE,FALSE,,,,FALSE,3.8,Aire de repos.,TRUE,osm
Aire de Saint-Pierre-de-Belleville,aire_repos,autoroute,,,France,45.4772446,6.2876598,TRUE,FALSE,FALSE,FALSE,FALSE,,,,FALSE,3.8,Aire de repos.,TRUE,osm
Aire de Vienne,aire_repos,autoroute,,,France,45.4739653,4.8322557,TRUE,FALSE,FALSE,FALSE,FALSE,TRUE,,,FALSE,3.8,Aire de repos.,TRUE,osm
Aire du Lembron,aire_repos,autoroute,,,France,45.471271,3.2486914,TRUE,FALSE,FALSE,FALSE,FALSE,,,,FALSE,3.8,Aire de repos.,TRUE,osm
Aire du Cézallier,aire_repos,autoroute,,,France,45.4702677,3.2483258,TRUE,FALSE,FALSE,FALSE,FALSE,TRUE,,,FALSE,3.8,Aire de repos.,TRUE,osm
Aire de repos,aire_repos,autoroute,,,France,45.468827,2.1460714,TRUE,FALSE,FALSE,FALSE,FALSE,,,,FALSE,3.8,Aire de repos.,TRUE,osm
Aire de repos,aire_repos,autoroute,,,France,45.4659502,6.4025147,TRUE,FALSE,FALSE,FALSE,FALSE,,,,FALSE,3.8,Aire de repos.,TRUE,osm
Aire de repos,aire_repos,autoroute,,,France,45.4637396,4.0545582,TRUE,FALSE,FALSE,FALSE,FALSE,,,,FALSE,3.8,Aire de repos.,TRUE,osm
Aire de repos,aire_repos,autoroute,,,France,45.4593254,2.129572,TRUE,FALSE,FALSE,FALSE,FALSE,,,,FALSE,3.8,Aire de repos.,TRUE,osm
Aire des Marches,aire_repos,autoroute,,,France,45.459036,6.0091051,TRUE,FALSE,FALSE,FALSE,TRUE,TRUE,,,FALSE,3.8,Aire de repos.,TRUE,osm
Véloroute du Futur,aire_repos,autoroute,,,France,45.4580536,4.7616683,TRUE,FALSE,FALSE,FALSE,FALSE,TRUE,,,FALSE,3.8,Aire de repos.,TRUE,osm
Aire de Chapareillan,aire_repos,autoroute,,,France,45.4576517,6.0075743,TRUE,FALSE,FALSE,FALSE,TRUE,TRUE,,,FALSE,3.8,Aire de repos.,TRUE,osm
Aire de Saint-Clair,aire_repos,autoroute,,,France,45.4520921,6.1015835,TRUE,FALSE,FALSE,FALSE,FALSE,,,,FALSE,3.8,Aire de repos.,TRUE,osm
Aire de repos,aire_repos,autoroute,,,France,45.4498686,7.8634015,TRUE,FALSE,FALSE,FALSE,FALSE,,,,FALSE,3.8,Aire de repos.,TRUE,osm
Aire de repos,aire_repos,autoroute,,,France,45.4480305,8.6522163,TRUE,FALSE,FALSE,FALSE,FALSE,,,,FALSE,3.8,Aire de repos.,TRUE,osm
Aire de repos,aire_repos,autoroute,,,France,45.4475623,5.8584188,TRUE,FALSE,FALSE,FALSE,FALSE,,,,FALSE,3.8,Aire de repos.,TRUE,osm
Aire de Saint Léger,aire_repos,autoroute,,,France,45.4448813,6.2854898,TRUE,FALSE,FALSE,FALSE,FALSE,,,,FALSE,3.8,Aire de repos.,TRUE,osm
Aire de repos,aire_repos,autoroute,,,France,45.4437895,-0.4066467,TRUE,FALSE,FALSE,FALSE,FALSE,FALSE,,,FALSE,3.8,Aire de repos.,TRUE,osm
Aire de Saint Ciers Est,aire_repos,autoroute,,,France,45.4423829,-0.6073287,TRUE,FALSE,FALSE,FALSE,FALSE,TRUE,,,FALSE,3.8,Aire de repos.,TRUE,osm
Aire de Saint-Ciers Ouest,aire_repos,autoroute,,,France,45.4412521,-0.6083572,TRUE,FALSE,FALSE,FALSE,FALSE,TRUE,,,FALSE,3.8,Aire de repos.,TRUE,osm
Aire de repos,aire_repos,autoroute,,,France,45.4331359,6.2800915,TRUE,FALSE,FALSE,FALSE,FALSE,FALSE,,,FALSE,3.8,Aire de repos.,TRUE,osm
Aire de repos,aire_repos,autoroute,,,France,45.4317382,0.4885295,TRUE,FALSE,FALSE,FALSE,FALSE,,,,FALSE,3.8,Aire de repos.,TRUE,osm
Aire d'Auberives,aire_repos,autoroute,,,France,45.426327,4.8240351,TRUE,FALSE,FALSE,FALSE,FALSE,TRUE,,,FALSE,3.8,Aire de repos.,TRUE,osm
Aire de Burcin,aire_repos,autoroute,,,France,45.4254765,5.4358553,TRUE,FALSE,FALSE,FALSE,FALSE,TRUE,,,FALSE,3.8,Aire de repos.,TRUE,osm
Aire d'Oyeu,aire_repos,autoroute,,,France,45.4250323,5.4414966,TRUE,FALSE,FALSE,FALSE,FALSE,TRUE,,,FALSE,3.8,Aire de repos.,TRUE,osm
Aire de repos,aire_repos,autoroute,,,France,45.4208963,0.5434988,TRUE,FALSE,FALSE,FALSE,FALSE,,,,FALSE,3.8,Aire de repos.,TRUE,osm
Aire de repos,aire_repos,autoroute,,,France,45.4207972,2.897561,TRUE,FALSE,FALSE,FALSE,FALSE,FALSE,,,FALSE,3.8,Aire de repos.,TRUE,osm
Aire de la Grande Borne,aire_repos,autoroute,,,France,45.4097381,4.8228447,TRUE,FALSE,FALSE,FALSE,FALSE,TRUE,,,FALSE,3.8,Aire de repos.,TRUE,osm
Aire de repos,aire_repos,autoroute,,,France,45.4095248,0.5682125,TRUE,FALSE,FALSE,FALSE,FALSE,,,,FALSE,3.8,Aire de repos.,TRUE,osm
Aire de repos,aire_repos,autoroute,,,France,45.4090932,5.3399126,TRUE,FALSE,FALSE,FALSE,FALSE,FALSE,,,FALSE,3.8,Aire de repos.,TRUE,osm
Pont de la Neige,aire_repos,autoroute,,,France,45.4065065,7.0278327,TRUE,FALSE,FALSE,FALSE,FALSE,,,,FALSE,3.8,Aire de repos.,TRUE,osm
Aire de repos,aire_repos,autoroute,,,France,45.4060423,5.3462287,TRUE,FALSE,FALSE,FALSE,FALSE,,,,FALSE,3.8,Aire de repos.,TRUE,osm
Aire de repos,aire_repos,autoroute,,,France,45.403795,0.5992684,TRUE,FALSE,FALSE,FALSE,FALSE,,,,FALSE,3.8,Aire de repos.,TRUE,osm
Aire de repos,aire_repos,autoroute,,,France,45.3999123,5.3489465,TRUE,FALSE,FALSE,FALSE,FALSE,,,,FALSE,3.8,Aire de repos.,TRUE,osm
Pont de l'Ouliette,aire_repos,autoroute,,,France,45.3986576,7.0434772,TRUE,FALSE,FALSE,FALSE,FALSE,,,,FALSE,3.8,Aire de repos.,TRUE,osm
Aire de repos,aire_repos,autoroute,,,France,45.3873151,6.4929823,TRUE,FALSE,FALSE,FALSE,FALSE,FALSE,,,FALSE,3.8,Aire de repos.,TRUE,osm
Aire de repos de la Bouchette,aire_repos,autoroute,,,France,45.3823526,0.633365,TRUE,FALSE,FALSE,FALSE,FALSE,,,,FALSE,3.8,Aire de repos.,TRUE,osm
Aire de repos,aire_repos,autoroute,,,France,45.3761984,1.1384365,TRUE,FALSE,FALSE,FALSE,FALSE,,,,FALSE,3.8,Aire de repos.,TRUE,osm
Aire de repos,aire_repos,autoroute,,,France,45.3760929,7.6706694,TRUE,FALSE,FALSE,FALSE,FALSE,,,,FALSE,3.8,Aire de repos.,TRUE,osm
Aire de Réaumont,aire_repos,autoroute,,,France,45.3654407,5.5085746,TRUE,FALSE,FALSE,FALSE,FALSE,TRUE,,,FALSE,3.8,Aire de repos.,TRUE,osm
Aire du Châtelard,aire_repos,autoroute,,,France,45.3653452,5.507298,TRUE,FALSE,FALSE,FALSE,FALSE,TRUE,,,FALSE,3.8,Aire de repos.,TRUE,osm
Aire de Puy de Grâce,aire_repos,autoroute,,,France,45.3606041,1.5714995,TRUE,FALSE,FALSE,FALSE,FALSE,TRUE,,,FALSE,3.8,Aire de repos.,TRUE,osm
Aire de la Grolle,aire_repos,autoroute,,,France,45.3590248,-0.1975581,TRUE,FALSE,FALSE,FALSE,FALSE,TRUE,,,FALSE,3.8,Aire de repos.,TRUE,osm
Combe de l'Ours,aire_repos,autoroute,,,France,45.3577882,5.8329062,TRUE,FALSE,FALSE,FALSE,FALSE,,,,FALSE,3.8,Aire de repos.,TRUE,osm
Aire de repos,aire_repos,autoroute,,,France,45.3576601,3.9000709,TRUE,FALSE,FALSE,FALSE,FALSE,,,,FALSE,3.8,Aire de repos.,TRUE,osm
Aire de repos,aire_repos,autoroute,,,France,45.3538233,4.1908094,TRUE,FALSE,FALSE,FALSE,FALSE,,,,FALSE,3.8,Aire de repos.,TRUE,osm
Aire de repos,aire_repos,autoroute,,,France,45.3523291,9.3068038,TRUE,FALSE,FALSE,FALSE,FALSE,,,,FALSE,3.8,Aire de repos.,TRUE,osm
Aire de repos,aire_repos,autoroute,,,France,45.3514816,6.7035896,TRUE,FALSE,FALSE,TRUE,FALSE,,,,FALSE,3.8,Aire de repos.,TRUE,osm
La Cascina,aire_repos,autoroute,,,France,45.3504087,8.1849697,TRUE,FALSE,FALSE,FALSE,FALSE,,,,FALSE,3.8,Aire de repos.,TRUE,osm
Aire de repos,aire_repos,autoroute,,,France,45.3496407,3.2211336,TRUE,FALSE,FALSE,FALSE,FALSE,,,,FALSE,3.8,Aire de repos.,TRUE,osm
Aire de repos,aire_repos,autoroute,,,France,45.3488404,3.897182,TRUE,FALSE,FALSE,FALSE,FALSE,,,,FALSE,3.8,Aire de repos.,TRUE,osm
Aire de repos,aire_repos,autoroute,,,France,45.3474547,6.3024292,TRUE,FALSE,FALSE,FALSE,FALSE,,,,FALSE,3.8,Aire de repos.,TRUE,osm
Aire de Saint-Avre,aire_repos,autoroute,,,France,45.3427063,6.3075013,TRUE,FALSE,FALSE,FALSE,FALSE,TRUE,,,FALSE,3.8,Aire de repos.,TRUE,osm
Aire de Sainte-Marie-de-Cuines,aire_repos,autoroute,,,France,45.3411237,6.3074539,TRUE,FALSE,FALSE,FALSE,FALSE,,,,FALSE,3.8,Aire de repos.,TRUE,osm
Aire de la Terrasse,aire_repos,autoroute,,,France,45.3284594,5.9553828,TRUE,FALSE,FALSE,FALSE,FALSE,TRUE,,,FALSE,3.8,Aire de repos.,TRUE,osm
Aire de repos,aire_repos,autoroute,,,France,45.3270852,7.7246207,TRUE,FALSE,FALSE,FALSE,FALSE,,,,FALSE,3.8,Aire de repos.,TRUE,osm
Aire de Chonas,aire_repos,autoroute,,,France,45.3245509,5.9521894,TRUE,FALSE,FALSE,FALSE,FALSE,,,,FALSE,3.8,Aire de repos.,TRUE,osm
Molino Nuovo,aire_repos,autoroute,,,France,45.3158586,8.2709326,TRUE,FALSE,FALSE,FALSE,FALSE,,,,FALSE,3.8,Aire de repos.,TRUE,osm
Aire de repos,aire_repos,autoroute,,,France,45.31522,6.3334049,TRUE,FALSE,FALSE,FALSE,FALSE,,,,FALSE,3.8,Aire de repos.,TRUE,osm
Aire de Boisredon,aire_repos,autoroute,,,France,45.3136146,-0.5577436,TRUE,FALSE,FALSE,FALSE,FALSE,,,,FALSE,3.8,Aire de repos.,TRUE,osm
Pranovi,aire_repos,autoroute,,,France,45.3053234,8.3063487,TRUE,FALSE,FALSE,FALSE,FALSE,,,,FALSE,3.8,Aire de repos.,TRUE,osm
Aire de repos,aire_repos,autoroute,,,France,45.3045952,3.9930253,TRUE,FALSE,FALSE,FALSE,FALSE,,,,FALSE,3.8,Aire de repos.,TRUE,osm
Aire de repos,aire_repos,autoroute,,,France,45.3017336,3.1889505,TRUE,FALSE,FALSE,FALSE,FALSE,,,,FALSE,3.8,Aire de repos.,TRUE,osm
Aire de repos,aire_repos,autoroute,,,France,45.3005442,-0.4126121,TRUE,FALSE,FALSE,FALSE,FALSE,FALSE,,,FALSE,3.8,Aire de repos.,TRUE,osm
Aire de repos,aire_repos,autoroute,,,France,45.2992933,6.3568055,TRUE,FALSE,FALSE,FALSE,FALSE,FALSE,,,FALSE,3.8,Aire de repos.,TRUE,osm
Aire de Saint-Caprais,aire_repos,autoroute,,,France,45.2969543,-0.5557511,TRUE,FALSE,FALSE,FALSE,FALSE,TRUE,,,FALSE,3.8,Aire de repos.,TRUE,osm
Aire du Voironnais,aire_repos,autoroute,,,France,45.2967535,5.5800757,TRUE,FALSE,FALSE,FALSE,FALSE,TRUE,,,FALSE,3.8,Aire de repos.,TRUE,osm
Aire de repos,aire_repos,autoroute,,,France,45.2919432,4.1938306,TRUE,FALSE,FALSE,FALSE,FALSE,TRUE,,,FALSE,3.8,Aire de repos.,TRUE,osm
Aire de repos,aire_repos,autoroute,,,France,45.2890248,3.8859696,TRUE,FALSE,FALSE,FALSE,FALSE,,,,FALSE,3.8,Aire de repos.,TRUE,osm
Aire de repos,aire_repos,autoroute,,,France,45.287136,2.3920141,TRUE,FALSE,FALSE,FALSE,FALSE,,,,FALSE,3.8,Aire de repos.,TRUE,osm
Aire de repos,aire_repos,autoroute,,,France,45.28461,9.4337468,TRUE,FALSE,FALSE,FALSE,FALSE,,,,FALSE,3.8,Aire de repos.,TRUE,osm
Aire du Péage de Saint-Germain les Vergnes,aire_repos,autoroute,,,France,45.2829074,1.6157679,TRUE,FALSE,FALSE,FALSE,FALSE,TRUE,,,FALSE,3.8,Aire de repos.,TRUE,osm
Aire de repos,aire_repos,autoroute,,,France,45.276649,4.2506841,TRUE,FALSE,FALSE,FALSE,FALSE,,,,FALSE,3.8,Aire de repos.,TRUE,osm
Aire de Chalet,aire_repos,autoroute,,,France,45.2735479,3.2119405,TRUE,FALSE,FALSE,FALSE,FALSE,TRUE,,,FALSE,3.8,Aire de repos.,TRUE,osm
Aire de repos,aire_repos,autoroute,,,France,45.2702968,0.858904,TRUE,FALSE,FALSE,FALSE,FALSE,,,,FALSE,3.8,Aire de repos.,TRUE,osm
Aire de repos,aire_repos,autoroute,,,France,45.267972,7.5147857,TRUE,FALSE,FALSE,FALSE,FALSE,FALSE,,,FALSE,3.8,Aire de repos.,TRUE,osm
Aire de repos,aire_repos,autoroute,,,France,45.2620897,4.4747964,TRUE,FALSE,FALSE,FALSE,FALSE,,,,FALSE,3.8,Aire de repos.,TRUE,osm
Aire de repos,aire_repos,autoroute,,,France,45.2559155,3.934452,TRUE,FALSE,FALSE,FALSE,FALSE,,,,FALSE,3.8,Aire de repos.,TRUE,osm
Aire de repos,aire_repos,autoroute,,,France,45.2550502,4.2564437,TRUE,FALSE,FALSE,FALSE,FALSE,,,,FALSE,3.8,Aire de repos.,TRUE,osm
Aire de repos,aire_repos,autoroute,,,France,45.2547844,4.2581214,TRUE,FALSE,FALSE,FALSE,FALSE,,,,FALSE,3.8,Aire de repos.,TRUE,osm
Aire de repos,aire_repos,autoroute,,,France,45.2520602,4.2139901,TRUE,FALSE,FALSE,FALSE,FALSE,,,,FALSE,3.8,Aire de repos.,TRUE,osm
Aire du Rieu Sec,aire_repos,autoroute,,,France,45.2445396,6.4248281,TRUE,FALSE,FALSE,FALSE,FALSE,,,,FALSE,3.8,Aire de repos.,TRUE,osm
Aire de repos,aire_repos,autoroute,,,France,45.2442535,4.9602592,TRUE,FALSE,FALSE,FALSE,FALSE,,,,FALSE,3.8,Aire de repos.,TRUE,osm
Aire de Poliénas,aire_repos,autoroute,,,France,45.2426467,5.4986143,TRUE,FALSE,FALSE,FALSE,FALSE,TRUE,,,FALSE,3.8,Aire de repos.,TRUE,osm
Aire de repos,aire_repos,autoroute,,,France,45.2394914,3.4564486,TRUE,FALSE,FALSE,FALSE,FALSE,FALSE,,,FALSE,3.8,Aire de repos.,TRUE,osm
Aire de repos,aire_repos,autoroute,,,France,45.2367247,7.3859767,TRUE,FALSE,FALSE,FALSE,FALSE,,,,FALSE,3.8,Aire de repos.,TRUE,osm
Aire de repos,aire_repos,autoroute,,,France,45.2362257,3.8993509,TRUE,FALSE,FALSE,FALSE,FALSE,,,,FALSE,3.8,Aire de repos.,TRUE,osm
Aire de repos,aire_repos,autoroute,,,France,45.2343154,0.8119451,TRUE,FALSE,FALSE,FALSE,FALSE,FALSE,,,FALSE,3.8,Aire de repos.,TRUE,osm
Aire de repos,aire_repos,autoroute,,,France,45.2342986,4.1481475,TRUE,FALSE,FALSE,FALSE,FALSE,,,,FALSE,3.8,Aire de repos.,TRUE,osm
Aire de repos,aire_repos,autoroute,,,France,45.2331046,1.1306991,TRUE,FALSE,FALSE,FALSE,FALSE,,,,FALSE,3.8,Aire de repos.,TRUE,osm
Vigili del Fuoco Distaccamento Volontario di Sant'Angelo Lodigiano,aire_repos,autoroute,,Sant'Angelo Lodigiano,France,45.2324224,9.4117111,TRUE,FALSE,FALSE,FALSE,FALSE,,,,FALSE,3.8,Aire de repos. (Sant'Angelo Lodigiano),TRUE,osm
Aire de repos,aire_repos,autoroute,,,France,45.2280281,6.7696995,TRUE,FALSE,FALSE,FALSE,FALSE,,,,FALSE,3.8,Aire de repos.,TRUE,osm
Aire de Saint-Sauveur,aire_repos,autoroute,,,France,45.2248177,3.1152597,TRUE,FALSE,FALSE,FALSE,FALSE,FALSE,,,FALSE,3.8,Aire de repos.,TRUE,osm
Aire de repos,aire_repos,autoroute,,,France,45.2178437,5.4914488,TRUE,FALSE,FALSE,FALSE,FALSE,FALSE,,,FALSE,3.8,Aire de repos.,TRUE,osm
Aire de repos,aire_repos,autoroute,,,France,45.2156876,4.3395155,TRUE,FALSE,FALSE,FALSE,FALSE,,,,FALSE,3.8,Aire de repos.,TRUE,osm
Aire de Blacheronde,aire_repos,autoroute,,,France,45.2149089,4.8611626,TRUE,FALSE,FALSE,FALSE,FALSE,,,,FALSE,3.8,Aire de repos.,TRUE,osm
Aire de l'Albenc,aire_repos,autoroute,,,France,45.2076862,5.4551116,TRUE,FALSE,FALSE,FALSE,TRUE,TRUE,,,FALSE,3.8,Aire de repos.,TRUE,osm
Aire de repos,aire_repos,autoroute,,,France,45.2042208,4.0048985,TRUE,FALSE,FALSE,FALSE,FALSE,FALSE,,,FALSE,3.8,Aire de repos.,TRUE,osm
Place des Remparts,aire_repos,autoroute,,,France,45.2038527,0.1396271,TRUE,FALSE,FALSE,FALSE,FALSE,,,,FALSE,3.8,Aire de repos.,TRUE,osm
Aire de repos,aire_repos,autoroute,,,France,45.203485,3.9564232,TRUE,FALSE,FALSE,FALSE,FALSE,,,,FALSE,3.8,Aire de repos.,TRUE,osm
Aire de la Combe Tourmente,aire_repos,autoroute,,,France,45.2003355,4.8784238,TRUE,FALSE,FALSE,FALSE,FALSE,,,,FALSE,3.8,Aire de repos.,TRUE,osm
Aire de repos,aire_repos,autoroute,,,France,45.1980548,3.084529,TRUE,FALSE,FALSE,FALSE,FALSE,FALSE,,,FALSE,3.8,Aire de repos.,TRUE,osm
Aire de repos,aire_repos,autoroute,,,France,45.1972279,4.0453532,TRUE,FALSE,FALSE,FALSE,FALSE,,,,FALSE,3.8,Aire de repos.,TRUE,osm
Aire de repos,aire_repos,autoroute,,,France,45.1969404,3.9672882,TRUE,FALSE,FALSE,FALSE,FALSE,,,,FALSE,3.8,Aire de repos.,TRUE,osm
Aire de repos,aire_repos,autoroute,,,France,45.1912908,8.9399405,TRUE,FALSE,FALSE,FALSE,FALSE,,,,FALSE,3.8,Aire de repos.,TRUE,osm
Aire de repos,aire_repos,autoroute,,,France,45.1905348,4.0467332,TRUE,FALSE,FALSE,FALSE,FALSE,,,,FALSE,3.8,Aire de repos.,TRUE,osm
Aire de repos,aire_repos,autoroute,,,France,45.1829869,4.3067224,TRUE,FALSE,FALSE,FALSE,FALSE,,,,FALSE,3.8,Aire de repos.,TRUE,osm
Aire de repos,aire_repos,autoroute,,,France,45.1823713,4.0877972,TRUE,FALSE,FALSE,FALSE,FALSE,,,,FALSE,3.8,Aire de repos.,TRUE,osm
Aire de repos,aire_repos,autoroute,,,France,45.1802041,1.8505195,TRUE,FALSE,FALSE,FALSE,FALSE,,,,FALSE,3.8,Aire de repos.,TRUE,osm
Aire de repos,aire_repos,autoroute,,,France,45.18002,1.6323448,TRUE,FALSE,FALSE,FALSE,FALSE,FALSE,,,FALSE,3.8,Aire de repos.,TRUE,osm
Aire de repos,aire_repos,autoroute,,,France,45.1787011,4.8027673,TRUE,FALSE,FALSE,FALSE,FALSE,,,,FALSE,3.8,Aire de repos.,TRUE,osm
Aire de repos,aire_repos,autoroute,,,France,45.1780485,5.4171819,TRUE,FALSE,FALSE,FALSE,FALSE,,,,FALSE,3.8,Aire de repos.,TRUE,osm
Aire de repos,aire_repos,autoroute,,,France,45.1697733,4.1866547,TRUE,FALSE,FALSE,FALSE,FALSE,,,,FALSE,3.8,Aire de repos.,TRUE,osm
Aire de repos,aire_repos,autoroute,,,France,45.1624761,3.0314484,TRUE,FALSE,FALSE,FALSE,FALSE,FALSE,,,FALSE,3.8,Aire de repos.,TRUE,osm
Aire de Chambaran,aire_repos,autoroute,,,France,45.1598588,5.3634595,TRUE,FALSE,FALSE,FALSE,FALSE,TRUE,,,FALSE,3.8,Aire de repos.,TRUE,osm
Aire de Saint-Sauveur,aire_repos,autoroute,,,France,45.1590082,5.3611154,TRUE,FALSE,FALSE,FALSE,FALSE,TRUE,,,FALSE,3.8,Aire de repos.,TRUE,osm
Bivouac autorisé avec ruisseau,aire_repos,autoroute,,,France,45.1538962,2.6314794,TRUE,FALSE,FALSE,FALSE,FALSE,FALSE,,,FALSE,3.8,Aire de repos.,TRUE,osm
Bivouac,aire_repos,autoroute,,,France,45.1538782,2.6314492,TRUE,FALSE,FALSE,FALSE,FALSE,FALSE,,,FALSE,3.8,Aire de repos.,TRUE,osm
Aire du Bornaron,aire_repos,autoroute,,,France,45.1527108,4.8873701,TRUE,FALSE,FALSE,FALSE,FALSE,TRUE,,,FALSE,3.8,Aire de repos.,TRUE,osm
Aire de repos,aire_repos,autoroute,,,France,45.1521854,3.019191,TRUE,FALSE,FALSE,FALSE,FALSE,,,,FALSE,3.8,Aire de repos.,TRUE,osm
Aire de la Galaure,aire_repos,autoroute,,,France,45.1517477,4.8887616,TRUE,FALSE,FALSE,FALSE,FALSE,TRUE,,,FALSE,3.8,Aire de repos.,TRUE,osm
Aire de repos,aire_repos,autoroute,,,France,45.1483567,3.8148643,TRUE,FALSE,FALSE,FALSE,FALSE,,,,FALSE,3.8,Aire de repos.,TRUE,osm
area di parcheggio Brunetta,aire_repos,autoroute,,,France,45.1446669,7.0430814,TRUE,FALSE,FALSE,FALSE,FALSE,FALSE,,,FALSE,3.8,Aire de repos.,TRUE,osm
La Pesserme,aire_repos,autoroute,,,France,45.1445534,1.0849549,TRUE,FALSE,FALSE,FALSE,FALSE,,,,FALSE,3.8,Aire de repos.,TRUE,osm
Aire de repos,aire_repos,autoroute,,,France,45.144437,1.0848184,TRUE,FALSE,FALSE,FALSE,FALSE,FALSE,,,FALSE,3.8,Aire de repos.,TRUE,osm
Aire de repos,aire_repos,autoroute,,,France,45.143843,3.5561392,TRUE,FALSE,FALSE,FALSE,FALSE,,,,FALSE,3.8,Aire de repos.,TRUE,osm
Aire de repos,aire_repos,autoroute,,,France,45.1417558,4.0063385,TRUE,FALSE,FALSE,FALSE,FALSE,,,,FALSE,3.8,Aire de repos.,TRUE,osm
Aire de repos,aire_repos,autoroute,,,France,45.1276593,2.9578027,TRUE,FALSE,FALSE,FALSE,FALSE,,,,FALSE,3.8,Aire de repos.,TRUE,osm
Aire de repos,aire_repos,autoroute,,,France,45.1262385,2.947107,TRUE,FALSE,FALSE,FALSE,FALSE,,,,FALSE,3.8,Aire de repos.,TRUE,osm
Aire de repos,aire_repos,autoroute,,,France,45.1259487,3.0175994,TRUE,FALSE,FALSE,FALSE,FALSE,,,,FALSE,3.8,Aire de repos.,TRUE,osm
Aire de repos,aire_repos,autoroute,,,France,45.1254486,2.9432906,TRUE,FALSE,FALSE,FALSE,FALSE,,,,FALSE,3.8,Aire de repos.,TRUE,osm
Aire de repos,aire_repos,autoroute,,,France,45.1235022,7.5768061,TRUE,FALSE,FALSE,FALSE,FALSE,,,,FALSE,3.8,Aire de repos.,TRUE,osm
Aire des Lagune,aire_repos,autoroute,,,France,45.1153737,-0.3994901,TRUE,FALSE,FALSE,FALSE,FALSE,,,,FALSE,3.8,Aire de repos.,TRUE,osm
Aire de la Rochetaillée,aire_repos,autoroute,,,France,45.1144632,6.0032552,TRUE,FALSE,FALSE,FALSE,FALSE,TRUE,,,FALSE,3.8,Aire de repos.,TRUE,osm
Aire de Saint-Christoly,aire_repos,autoroute,,,France,45.1077813,-0.4834466,TRUE,FALSE,FALSE,FALSE,FALSE,TRUE,,,FALSE,3.8,Aire de repos.,TRUE,osm
Aire de repos,aire_repos,autoroute,,,France,45.0969548,4.0600105,TRUE,FALSE,FALSE,FALSE,FALSE,,,,FALSE,3.8,Aire de repos.,TRUE,osm
Aire de repos,aire_repos,autoroute,,,France,45.0929917,3.9049718,TRUE,FALSE,FALSE,FALSE,FALSE,,,,FALSE,3.8,Aire de repos.,TRUE,osm
Aire de repos,aire_repos,autoroute,,,France,45.0882694,6.0355648,TRUE,FALSE,FALSE,FALSE,FALSE,,,,FALSE,3.8,Aire de repos.,TRUE,osm
Aire de Montchauvet,aire_repos,autoroute,,,France,45.0869869,3.1185695,TRUE,FALSE,FALSE,FALSE,FALSE,TRUE,,,FALSE,3.8,Aire de repos.,TRUE,osm
Aire de repos,aire_repos,autoroute,,,France,45.0828018,3.7537106,TRUE,FALSE,FALSE,FALSE,FALSE,FALSE,,,FALSE,3.8,Aire de repos.,TRUE,osm
Aire de repos,aire_repos,autoroute,,,France,45.0807188,-1.1878756,TRUE,FALSE,FALSE,FALSE,FALSE,,,,FALSE,3.8,Aire de repos.,TRUE,osm
Aire de la Bouterne,aire_repos,autoroute,,,France,45.0789551,4.8730046,TRUE,FALSE,FALSE,FALSE,FALSE,,,,FALSE,3.8,Aire de repos.,TRUE,osm
Aire de repos,aire_repos,autoroute,,,France,45.0725877,4.1007502,TRUE,FALSE,FALSE,FALSE,FALSE,TRUE,,,FALSE,3.8,Aire de repos.,TRUE,osm
Aire de repos,aire_repos,autoroute,,,France,45.0716024,2.65984,TRUE,FALSE,FALSE,FALSE,FALSE,,,,FALSE,3.8,Aire de repos.,TRUE,osm
Aire de repos,aire_repos,autoroute,,,France,45.0703385,1.6449157,TRUE,FALSE,FALSE,FALSE,FALSE,,,,FALSE,3.8,Aire de repos.,TRUE,osm
Aire de repos,aire_repos,autoroute,,,France,45.0679183,4.0406553,TRUE,FALSE,FALSE,FALSE,FALSE,FALSE,,,FALSE,3.8,Aire de repos.,TRUE,osm
Aire de Cézac,aire_repos,autoroute,,,France,45.0666807,-0.4607468,TRUE,FALSE,FALSE,FALSE,FALSE,TRUE,,,FALSE,3.8,Aire de repos.,TRUE,osm
Aire du Péage de Mussidan Est,aire_repos,autoroute,,,France,45.0661791,0.4315506,TRUE,FALSE,FALSE,FALSE,FALSE,TRUE,,,FALSE,3.8,Aire de repos.,TRUE,osm
Aire de repos,aire_repos,autoroute,,,France,45.0657181,0.6859528,TRUE,FALSE,FALSE,FALSE,FALSE,,,,FALSE,3.8,Aire de repos.,TRUE,osm
Aire du Péage de Mussidan Est,aire_repos,autoroute,,,France,45.0642728,0.4278892,TRUE,FALSE,FALSE,FALSE,FALSE,TRUE,,,FALSE,3.8,Aire de repos.,TRUE,osm
Aire de repos,aire_repos,autoroute,,,France,45.062468,0.677668,TRUE,FALSE,FALSE,FALSE,FALSE,,,,FALSE,3.8,Aire de repos.,TRUE,osm
Aire de repos,aire_repos,autoroute,,,France,45.055696,3.0767512,TRUE,FALSE,FALSE,FALSE,FALSE,,,,FALSE,3.8,Aire de repos.,TRUE,osm
Aire de Gavet,aire_repos,autoroute,,,France,45.053734,5.8547003,TRUE,FALSE,FALSE,FALSE,FALSE,TRUE,,,FALSE,3.8,Aire de repos.,TRUE,osm
Aire de repos,aire_repos,autoroute,,,France,45.0485401,8.5219143,TRUE,FALSE,FALSE,FALSE,FALSE,,,,FALSE,3.8,Aire de repos.,TRUE,osm
Aire de repos,aire_repos,autoroute,,,France,45.0481508,4.025519,TRUE,FALSE,FALSE,FALSE,FALSE,,,,FALSE,3.8,Aire de repos.,TRUE,osm
Aire de repos,aire_repos,autoroute,,,France,45.0447041,4.4321243,TRUE,FALSE,FALSE,FALSE,FALSE,,,,FALSE,3.8,Aire de repos.,TRUE,osm
Aire de la Bayette,aire_repos,autoroute,,,France,45.0424138,6.0590631,TRUE,FALSE,FALSE,FALSE,FALSE,FALSE,,,FALSE,3.8,Aire de repos.,TRUE,osm
Area di sosta di Casteggio,aire_repos,autoroute,,,France,45.0394492,9.1325914,TRUE,FALSE,FALSE,FALSE,TRUE,TRUE,,,FALSE,3.8,Aire de repos.,TRUE,osm
Aire de repos,aire_repos,autoroute,,,France,45.0359691,4.0297776,TRUE,FALSE,FALSE,FALSE,FALSE,,,,FALSE,3.8,Aire de repos.,TRUE,osm
Col de Peyra Taillade,aire_repos,autoroute,,,France,45.0350029,3.650693,TRUE,FALSE,FALSE,FALSE,FALSE,,,,FALSE,3.8,Aire de repos.,TRUE,osm
Aire de repos,aire_repos,autoroute,,,France,45.0298234,4.0271927,TRUE,FALSE,FALSE,FALSE,FALSE,,,,FALSE,3.8,Aire de repos.,TRUE,osm
Aire de repos,aire_repos,autoroute,,,France,45.0286585,0.8780277,TRUE,FALSE,FALSE,FALSE,FALSE,,,,FALSE,3.8,Aire de repos.,TRUE,osm
Aire de repos,aire_repos,autoroute,,,France,45.0285405,4.0245789,TRUE,FALSE,FALSE,FALSE,FALSE,,,,FALSE,3.8,Aire de repos.,TRUE,osm
Aire de repos,aire_repos,autoroute,,,France,45.0284465,2.6942955,TRUE,FALSE,FALSE,FALSE,FALSE,,,,FALSE,3.8,Aire de repos.,TRUE,osm
Aire de repos,aire_repos,autoroute,,,France,45.0283377,6.0714389,TRUE,FALSE,FALSE,FALSE,FALSE,,,,FALSE,3.8,Aire de repos.,TRUE,osm
Aire de la Gare de Péage de Chatuzange-le-Goubet,aire_repos,autoroute,,,France,45.026106,5.094774,TRUE,FALSE,FALSE,FALSE,FALSE,,,,FALSE,3.8,Aire de repos.,TRUE,osm
Aire de repos,aire_repos,autoroute,,,France,45.0217062,7.7473583,TRUE,FALSE,FALSE,FALSE,FALSE,FALSE,,,FALSE,3.8,Aire de repos.,TRUE,osm
Aire de repos,aire_repos,autoroute,,,France,45.020326,1.0748424,TRUE,FALSE,FALSE,FALSE,FALSE,,,,FALSE,3.8,Aire de repos.,TRUE,osm
Aire de repos,aire_repos,autoroute,,,France,45.0196854,2.194587,TRUE,FALSE,FALSE,FALSE,FALSE,,,,FALSE,3.8,Aire de repos.,TRUE,osm
Area di Rio Anda Ovest,aire_repos,autoroute,,,France,45.0179473,8.5353207,TRUE,FALSE,FALSE,FALSE,FALSE,FALSE,,,FALSE,3.8,Aire de repos.,TRUE,osm
Aire de repos,aire_repos,autoroute,,,France,45.0178169,2.158164,TRUE,FALSE,FALSE,FALSE,FALSE,,,,FALSE,3.8,Aire de repos.,TRUE,osm
Aire de repos,aire_repos,autoroute,,,France,45.0176755,8.2571029,TRUE,FALSE,FALSE,FALSE,FALSE,FALSE,,,FALSE,3.8,Aire de repos.,TRUE,osm
Area di Rio Anda Est,aire_repos,autoroute,,,France,45.0176062,8.5360696,TRUE,FALSE,FALSE,FALSE,FALSE,FALSE,,,FALSE,3.8,Aire de repos.,TRUE,osm
Aire de repos,aire_repos,autoroute,,,France,45.0103113,0.3767328,TRUE,FALSE,FALSE,FALSE,FALSE,,,,FALSE,3.8,Aire de repos.,TRUE,osm
Aire de repos,aire_repos,autoroute,,,France,45.0102496,1.8663405,TRUE,FALSE,FALSE,FALSE,FALSE,,,,FALSE,3.8,Aire de repos.,TRUE,osm
Aire de repos,aire_repos,autoroute,,,France,45.0065623,7.8231604,TRUE,FALSE,FALSE,FALSE,FALSE,FALSE,,,FALSE,3.8,Aire de repos.,TRUE,osm
Aire de repos,aire_repos,autoroute,,,France,45.0001447,2.6472229,TRUE,FALSE,FALSE,FALSE,FALSE,TRUE,,,FALSE,3.8,Aire de repos.,TRUE,osm
Aire de repos,aire_repos,autoroute,,,France,44.998252,7.8096515,TRUE,FALSE,FALSE,FALSE,FALSE,FALSE,,,FALSE,3.8,Aire de repos.,TRUE,osm
Aire de repos,aire_repos,autoroute,,,France,44.99643,3.8187892,TRUE,FALSE,FALSE,FALSE,FALSE,,,,FALSE,3.8,Aire de repos.,TRUE,osm
Aire de repos,aire_repos,autoroute,,,France,44.9943406,0.6268144,TRUE,FALSE,FALSE,FALSE,FALSE,,,,FALSE,3.8,Aire de repos.,TRUE,osm
Aire de repos,aire_repos,autoroute,,,France,44.9917734,1.823938,TRUE,FALSE,FALSE,FALSE,FALSE,,,,FALSE,3.8,Aire de repos.,TRUE,osm
Aire de pique-nique,aire_repos,autoroute,,,France,44.9910327,4.2642517,TRUE,FALSE,FALSE,FALSE,FALSE,,,,FALSE,3.8,Aire de repos.,TRUE,osm
Aire de la Gare de Gignac,aire_repos,autoroute,,,France,44.9893986,1.5255831,TRUE,FALSE,FALSE,FALSE,FALSE,TRUE,,,FALSE,3.8,Aire de repos.,TRUE,osm
Aire de repos,aire_repos,autoroute,,,France,44.9861638,4.5391071,TRUE,FALSE,FALSE,FALSE,FALSE,FALSE,,,FALSE,3.8,Aire de repos.,TRUE,osm
Aire des Vignes Nord,aire_repos,autoroute,,,France,44.9807007,-0.1802032,TRUE,FALSE,FALSE,FALSE,FALSE,TRUE,,,FALSE,3.8,Aire de repos.,TRUE,osm
Aire des Vignes Sud,aire_repos,autoroute,,,France,44.9794884,-0.1794098,TRUE,FALSE,FALSE,FALSE,FALSE,TRUE,,,FALSE,3.8,Aire de repos.,TRUE,osm
Aire de repos,aire_repos,autoroute,,,France,44.9794819,3.8617761,TRUE,FALSE,FALSE,FALSE,FALSE,FALSE,,,FALSE,3.8,Aire de repos.,TRUE,osm
Aire de repos,aire_repos,autoroute,,,France,44.9773886,0.8886932,TRUE,FALSE,FALSE,FALSE,FALSE,,,,FALSE,3.8,Aire de repos.,TRUE,osm
Aire de Garabit Viaduc Eiffel,aire_repos,autoroute,,,France,44.9768828,3.184954,TRUE,FALSE,FALSE,FALSE,FALSE,TRUE,,,FALSE,3.8,Aire de repos.,TRUE,osm
Aire de repos,aire_repos,autoroute,,,France,44.9763749,1.0445529,TRUE,FALSE,FALSE,FALSE,FALSE,TRUE,,,FALSE,3.8,Aire de repos.,TRUE,osm
Aire des Marceaux,aire_repos,autoroute,,,France,44.9620983,5.6483258,TRUE,FALSE,FALSE,FALSE,FALSE,TRUE,,,FALSE,3.8,Aire de repos.,TRUE,osm
Aire des Fruitiers,aire_repos,autoroute,,,France,44.9618959,4.9509575,TRUE,FALSE,FALSE,FALSE,FALSE,TRUE,,,FALSE,3.8,Aire de repos.,TRUE,osm
Aire des Jaillets,aire_repos,autoroute,,,France,44.9618847,5.6477545,TRUE,FALSE,FALSE,FALSE,FALSE,TRUE,,,FALSE,3.8,Aire de repos.,TRUE,osm
Aire de Pierre-Châtel,aire_repos,autoroute,,,France,44.9595773,5.7798423,TRUE,FALSE,FALSE,FALSE,FALSE,TRUE,,,FALSE,3.8,Aire de repos.,TRUE,osm
Aire de repos,aire_repos,autoroute,,,France,44.9494675,8.5638968,TRUE,FALSE,FALSE,FALSE,FALSE,,,,FALSE,3.8,Aire de repos.,TRUE,osm
Aire de repos,aire_repos,autoroute,,,France,44.940495,7.8200966,TRUE,FALSE,FALSE,FALSE,FALSE,,,,FALSE,3.8,Aire de repos.,TRUE,osm
Aire de repos,aire_repos,autoroute,,,France,44.9390846,9.274876,TRUE,FALSE,FALSE,FALSE,FALSE,,,,FALSE,3.8,Aire de repos.,TRUE,osm
Aire de repos,aire_repos,autoroute,,,France,44.9378272,7.9883271,TRUE,FALSE,FALSE,FALSE,FALSE,,,,FALSE,3.8,Aire de repos.,TRUE,osm
Aire de repos,aire_repos,autoroute,,,France,44.9285228,6.8745904,TRUE,FALSE,FALSE,FALSE,FALSE,,,,FALSE,3.8,Aire de repos.,TRUE,osm
Aire de repos,aire_repos,autoroute,,,France,44.9222162,6.6149993,TRUE,FALSE,FALSE,FALSE,FALSE,FALSE,,,FALSE,3.8,Aire de repos.,TRUE,osm
Aire de repos,aire_repos,autoroute,,,France,44.916324,6.6760095,TRUE,FALSE,FALSE,FALSE,FALSE,,,,FALSE,3.8,Aire de repos.,TRUE,osm
Aire de repos,aire_repos,autoroute,,,France,44.9139873,7.8166504,TRUE,FALSE,FALSE,FALSE,FALSE,,,,FALSE,3.8,Aire de repos.,TRUE,osm
Aire de repos,aire_repos,autoroute,,,France,44.9120681,4.019197,TRUE,FALSE,FALSE,FALSE,FALSE,,,,FALSE,3.8,Aire de repos.,TRUE,osm
Parcheggio,aire_repos,autoroute,,,France,44.9106593,8.8698413,TRUE,FALSE,FALSE,FALSE,FALSE,,,,FALSE,3.8,Aire de repos.,TRUE,osm
Aire de repos,aire_repos,autoroute,,,France,44.9066422,8.6271586,TRUE,FALSE,FALSE,FALSE,FALSE,,,,FALSE,3.8,Aire de repos.,TRUE,osm
Aire de repos,aire_repos,autoroute,,,France,44.905881,8.0257774,TRUE,FALSE,FALSE,FALSE,FALSE,,,,FALSE,3.8,Aire de repos.,TRUE,osm
Aire de repos,aire_repos,autoroute,,,France,44.9029824,3.7947252,TRUE,FALSE,FALSE,FALSE,FALSE,,,,FALSE,3.8,Aire de repos.,TRUE,osm
Aire de repos,aire_repos,autoroute,,,France,44.9012323,8.2015899,TRUE,FALSE,FALSE,FALSE,FALSE,,,,FALSE,3.8,Aire de repos.,TRUE,osm
Aire de repos,aire_repos,autoroute,,,France,44.8983966,7.9636833,TRUE,FALSE,FALSE,FALSE,FALSE,,,,FALSE,3.8,Aire de repos.,TRUE,osm
Piazza Allende,aire_repos,autoroute,,,France,44.8967002,8.8607152,TRUE,FALSE,FALSE,FALSE,FALSE,,,,FALSE,3.8,Aire de repos.,TRUE,osm
Aire de la Gare de Péage d'Arveyres,aire_repos,autoroute,,,France,44.886536,-0.2680159,TRUE,FALSE,FALSE,FALSE,FALSE,TRUE,,,FALSE,3.8,Aire de repos.,TRUE,osm
Aire de repos,aire_repos,autoroute,,,France,44.8844019,1.4826586,TRUE,FALSE,FALSE,FALSE,FALSE,,,,FALSE,3.8,Aire de repos.,TRUE,osm
Aire de repos,aire_repos,autoroute,,,France,44.8841828,2.4504153,TRUE,FALSE,FALSE,FALSE,FALSE,,,,FALSE,3.8,Aire de repos.,TRUE,osm
Aire de la Gare de Péage d'Arveyres,aire_repos,autoroute,,,France,44.8837148,-0.2694,TRUE,FALSE,FALSE,FALSE,FALSE,,,,FALSE,3.8,Aire de repos.,TRUE,osm
Aire de repos,aire_repos,autoroute,,,France,44.8835345,4.5262997,TRUE,FALSE,FALSE,FALSE,FALSE,,,,FALSE,3.8,Aire de repos.,TRUE,osm
Aire de repos,aire_repos,autoroute,,,France,44.8786123,-0.5339002,TRUE,FALSE,FALSE,FALSE,FALSE,,,,FALSE,3.8,Aire de repos.,TRUE,osm
Aire de repos,aire_repos,autoroute,,,France,44.8774184,7.3130926,TRUE,FALSE,FALSE,FALSE,FALSE,,,,FALSE,3.8,Aire de repos.,TRUE,osm
Aire de repos,aire_repos,autoroute,,,France,44.8681407,3.0166284,TRUE,FALSE,FALSE,FALSE,FALSE,,,,FALSE,3.8,Aire de repos.,TRUE,osm
Aire de repos,aire_repos,autoroute,,,France,44.8645636,7.2691301,TRUE,FALSE,FALSE,FALSE,FALSE,,,,FALSE,3.8,Aire de repos.,TRUE,osm
Aire de repos,aire_repos,autoroute,,,France,44.8591018,1.201777,TRUE,FALSE,FALSE,FALSE,FALSE,,,,FALSE,3.8,Aire de repos.,TRUE,osm
Aire du Belvédère,aire_repos,autoroute,,,France,44.8580611,1.4829451,TRUE,FALSE,FALSE,FALSE,FALSE,,,,FALSE,3.8,Aire de repos.,TRUE,osm
Aire de repos,aire_repos,autoroute,,,France,44.8565065,3.4934228,TRUE,FALSE,FALSE,FALSE,FALSE,FALSE,,,FALSE,3.8,Aire de repos.,TRUE,osm
Aire de repos,aire_repos,autoroute,,,France,44.8534507,2.7674449,TRUE,FALSE,FALSE,FALSE,FALSE,,,,FALSE,3.8,Aire de repos.,TRUE,osm
Aire de repos,aire_repos,autoroute,,,France,44.8528652,1.2023525,TRUE,FALSE,FALSE,TRUE,FALSE,,,,FALSE,3.8,Aire de repos.,TRUE,osm
Aire de repos,aire_repos,autoroute,,,France,44.8514831,6.5816045,TRUE,FALSE,FALSE,FALSE,FALSE,FALSE,,,FALSE,3.8,Aire de repos.,TRUE,osm
Aire de repos,aire_repos,autoroute,,,France,44.8428138,0.3797178,TRUE,FALSE,FALSE,FALSE,FALSE,,,,FALSE,3.8,Aire de repos.,TRUE,osm
Aire de repos,aire_repos,autoroute,,,France,44.8414212,0.8786724,TRUE,FALSE,FALSE,FALSE,FALSE,,,,FALSE,3.8,Aire de repos.,TRUE,osm
Aire de repos,aire_repos,autoroute,,,France,44.8390541,6.4989792,TRUE,FALSE,FALSE,FALSE,FALSE,,,,FALSE,3.8,Aire de repos.,TRUE,osm
Aire de repos,aire_repos,autoroute,,,France,44.8323641,1.1330993,TRUE,FALSE,FALSE,FALSE,FALSE,,,,FALSE,3.8,Aire de repos.,TRUE,osm
Aire de repos,aire_repos,autoroute,,,France,44.8316155,6.5826184,TRUE,FALSE,FALSE,FALSE,FALSE,,,,FALSE,3.8,Aire de repos.,TRUE,osm
Aire de repos,aire_repos,autoroute,,,France,44.8307327,3.4584911,TRUE,FALSE,FALSE,FALSE,FALSE,FALSE,,,FALSE,3.8,Aire de repos.,TRUE,osm
Aire de repos,aire_repos,autoroute,,,France,44.8298313,4.650895,TRUE,FALSE,FALSE,FALSE,FALSE,,,,FALSE,3.8,Aire de repos.,TRUE,osm
Barrage de Sarrans,aire_repos,autoroute,,,France,44.8286397,2.7419851,TRUE,FALSE,FALSE,FALSE,TRUE,TRUE,,,FALSE,3.8,Aire de repos.,TRUE,osm
Aire de repos,aire_repos,autoroute,,,France,44.827498,4.576733,TRUE,FALSE,FALSE,FALSE,FALSE,,,,FALSE,3.8,Aire de repos.,TRUE,osm
Aire de repos,aire_repos,autoroute,,,France,44.8149166,5.726896,TRUE,FALSE,FALSE,FALSE,FALSE,FALSE,,,FALSE,3.8,Aire de repos.,TRUE,osm
Aire de repos,aire_repos,autoroute,,,France,44.8123667,5.7146674,TRUE,FALSE,FALSE,FALSE,FALSE,,,,FALSE,3.8,Aire de repos.,TRUE,osm
Aire du Savel,aire_repos,autoroute,,,France,44.8059277,5.1099953,TRUE,FALSE,FALSE,FALSE,FALSE,FALSE,,,FALSE,3.8,Aire de repos.,TRUE,osm
Aire de Bellevue,aire_repos,autoroute,,,France,44.7985695,4.8455045,TRUE,FALSE,FALSE,FALSE,FALSE,,,,FALSE,3.8,Aire de repos.,TRUE,osm
Aire de repos,aire_repos,autoroute,,,France,44.7937654,2.7598842,TRUE,FALSE,FALSE,FALSE,FALSE,,,,FALSE,3.8,Aire de repos.,TRUE,osm
Aire de la Rivière,aire_repos,autoroute,,,France,44.7919679,5.091049,TRUE,FALSE,FALSE,FALSE,FALSE,FALSE,,,FALSE,3.8,Aire de repos.,TRUE,osm
Aire de repos,aire_repos,autoroute,,,France,44.7889201,0.5258654,TRUE,FALSE,FALSE,FALSE,FALSE,FALSE,,,FALSE,3.8,Aire de repos.,TRUE,osm
Aire du Pont Neuf,aire_repos,autoroute,,,France,44.7880646,5.190355,TRUE,FALSE,FALSE,FALSE,FALSE,FALSE,,,FALSE,3.8,Aire de repos.,TRUE,osm
Aire de repos,aire_repos,autoroute,,,France,44.7864269,0.5237538,TRUE,FALSE,FALSE,FALSE,FALSE,FALSE,,,FALSE,3.8,Aire de repos.,TRUE,osm
Aire de Livron,aire_repos,autoroute,,,France,44.786294,4.8346451,TRUE,FALSE,FALSE,FALSE,FALSE,TRUE,,,FALSE,3.8,Aire de repos.,TRUE,osm
Aire de la Scie,aire_repos,autoroute,,,France,44.7845099,5.14905,TRUE,FALSE,FALSE,FALSE,FALSE,FALSE,,,FALSE,3.8,Aire de repos.,TRUE,osm
Aire de Repos de Leyme,aire_repos,autoroute,,,France,44.7784156,1.8984939,TRUE,FALSE,FALSE,FALSE,FALSE,FALSE,,,FALSE,3.8,Aire de repos.,TRUE,osm
Aire de repos,aire_repos,autoroute,,,France,44.7632716,-0.6459519,TRUE,FALSE,FALSE,FALSE,FALSE,FALSE,,,FALSE,3.8,Aire de repos.,TRUE,osm
Aire de repos,aire_repos,autoroute,,,France,44.7454746,3.3400515,TRUE,FALSE,FALSE,FALSE,FALSE,,,,FALSE,3.8,Aire de repos.,TRUE,osm
Aire de l'Aubrac,aire_repos,autoroute,,,France,44.745154,3.2870514,TRUE,FALSE,FALSE,FALSE,FALSE,TRUE,,,FALSE,3.8,Aire de repos.,TRUE,osm
Aire de l'Aubrac,aire_repos,autoroute,,,France,44.7439852,3.2893123,TRUE,FALSE,FALSE,FALSE,FALSE,TRUE,,,FALSE,3.8,Aire de repos.,TRUE,osm
Aire de repos,aire_repos,autoroute,,,France,44.7322829,6.5689287,TRUE,FALSE,FALSE,FALSE,FALSE,,,,FALSE,3.8,Aire de repos.,TRUE,osm
Aire de repos,aire_repos,autoroute,,,France,44.7300154,0.5493252,TRUE,FALSE,FALSE,FALSE,FALSE,FALSE,,,FALSE,3.8,Aire de repos.,TRUE,osm
Aire de Bras de Zil,aire_repos,autoroute,,,France,44.7297253,4.7877608,TRUE,FALSE,FALSE,FALSE,FALSE,TRUE,,,FALSE,3.8,Aire de repos.,TRUE,osm
Aire de repos,aire_repos,autoroute,,,France,44.7292055,0.4235929,TRUE,FALSE,FALSE,FALSE,FALSE,,,,FALSE,3.8,Aire de repos.,TRUE,osm
Aire du Pont de Romane,aire_repos,autoroute,,,France,44.7208193,5.0959366,TRUE,FALSE,FALSE,FALSE,FALSE,FALSE,,,FALSE,3.8,Aire de repos.,TRUE,osm
Aire de repos,aire_repos,autoroute,,,France,44.7052093,5.9117682,TRUE,FALSE,FALSE,FALSE,FALSE,,,,FALSE,3.8,Aire de repos.,TRUE,osm
Aire de repos,aire_repos,autoroute,,,France,44.7047709,4.4826866,TRUE,FALSE,FALSE,FALSE,FALSE,,,,FALSE,3.8,Aire de repos.,TRUE,osm
Area di Servizio Rio Coloré ovest,aire_repos,autoroute,,,France,44.7042806,7.7623289,TRUE,FALSE,FALSE,FALSE,TRUE,TRUE,,,FALSE,3.8,Aire de repos.,TRUE,osm
Aire de repos,aire_repos,autoroute,,,France,44.7024247,5.9017088,TRUE,FALSE,FALSE,FALSE,FALSE,FALSE,,,FALSE,3.8,Aire de repos.,TRUE,osm
Aire de repos,aire_repos,autoroute,,,France,44.7017777,5.9239957,TRUE,FALSE,FALSE,FALSE,FALSE,,,,FALSE,3.8,Aire de repos.,TRUE,osm
Aire de repos,aire_repos,autoroute,,,France,44.6992418,5.8945915,TRUE,FALSE,FALSE,FALSE,FALSE,FALSE,,,FALSE,3.8,Aire de repos.,TRUE,osm
Aire de repos,aire_repos,autoroute,,,France,44.6921643,5.8880201,TRUE,FALSE,FALSE,FALSE,FALSE,,,,FALSE,3.8,Aire de repos.,TRUE,osm
Aire de chainage,aire_repos,autoroute,,,France,44.6864277,6.2736315,TRUE,FALSE,FALSE,FALSE,FALSE,,,,FALSE,3.8,Aire de repos.,TRUE,osm
Aire de repos,aire_repos,autoroute,,,France,44.6855237,1.9336759,TRUE,FALSE,FALSE,FALSE,FALSE,,,,FALSE,3.8,Aire de repos.,TRUE,osm
Area parcheggio San Carlo,aire_repos,autoroute,,,France,44.6801732,8.6601114,TRUE,FALSE,FALSE,FALSE,FALSE,FALSE,,,FALSE,3.8,Aire de repos.,TRUE,osm
Aire de repos,aire_repos,autoroute,,,France,44.6774927,1.7188567,TRUE,FALSE,FALSE,FALSE,FALSE,FALSE,,,FALSE,3.8,Aire de repos.,TRUE,osm
Aire de repos,aire_repos,autoroute,,,France,44.6767003,1.7471699,TRUE,FALSE,FALSE,FALSE,FALSE,FALSE,,,FALSE,3.8,Aire de repos.,TRUE,osm
Aire des Gargails Ouest,aire_repos,autoroute,,,France,44.6756696,-0.8012574,TRUE,FALSE,FALSE,FALSE,FALSE,TRUE,,,FALSE,3.8,Aire de repos.,TRUE,osm
Aire de repos,aire_repos,autoroute,,,France,44.6755547,3.0699671,TRUE,FALSE,FALSE,FALSE,FALSE,,,,FALSE,3.8,Aire de repos.,TRUE,osm
Relais Information Services,aire_repos,autoroute,,,France,44.6753944,2.1799263,TRUE,FALSE,FALSE,FALSE,FALSE,,,,FALSE,3.8,Aire de repos.,TRUE,osm
Aire des Gargails Est,aire_repos,autoroute,,,France,44.6739327,-0.8029495,TRUE,FALSE,FALSE,FALSE,FALSE,TRUE,,,FALSE,3.8,Aire de repos.,TRUE,osm
Aire de repos,aire_repos,autoroute,,,France,44.6715297,0.0042936,TRUE,FALSE,FALSE,FALSE,FALSE,,,,FALSE,3.8,Aire de repos.,TRUE,osm
Aire de repos,aire_repos,autoroute,,,France,44.6708802,4.0955731,TRUE,FALSE,FALSE,FALSE,FALSE,,,,FALSE,3.8,Aire de repos.,TRUE,osm
Aire de repos,aire_repos,autoroute,,,France,44.6679099,5.8636133,TRUE,FALSE,FALSE,FALSE,FALSE,,,,FALSE,3.8,Aire de repos.,TRUE,osm
Aire de repos,aire_repos,autoroute,,,France,44.6662894,7.8059088,TRUE,FALSE,FALSE,FALSE,FALSE,,,,FALSE,3.8,Aire de repos.,TRUE,osm
Aire de repos,aire_repos,autoroute,,,France,44.6610013,7.6588155,TRUE,FALSE,FALSE,FALSE,FALSE,,,,FALSE,3.8,Aire de repos.,TRUE,osm
Cherasco Sud,aire_repos,autoroute,,,France,44.6604941,7.8458248,TRUE,FALSE,FALSE,FALSE,FALSE,,,,FALSE,3.8,Aire de repos.,TRUE,osm
Cherasco Nord,aire_repos,autoroute,,,France,44.6602579,7.8439188,TRUE,FALSE,FALSE,FALSE,FALSE,,,,FALSE,3.8,Aire de repos.,TRUE,osm
Aire de repos,aire_repos,autoroute,,,France,44.6472728,0.3414536,TRUE,FALSE,FALSE,FALSE,FALSE,,,,FALSE,3.8,Aire de repos.,TRUE,osm
Aire de la Coucourde,aire_repos,autoroute,,,France,44.6469577,4.7893263,TRUE,FALSE,FALSE,FALSE,FALSE,TRUE,,,FALSE,3.8,Aire de repos.,TRUE,osm
Aire du Logis Neuf,aire_repos,autoroute,,,France,44.6427509,4.7932728,TRUE,FALSE,FALSE,FALSE,FALSE,TRUE,,,FALSE,3.8,Aire de repos.,TRUE,osm
Tagliolo Ovest,aire_repos,autoroute,,,France,44.6417972,8.6601693,TRUE,FALSE,FALSE,FALSE,FALSE,FALSE,,,FALSE,3.8,Aire de repos.,TRUE,osm
Tagliolo Est,aire_repos,autoroute,,,France,44.6417929,8.6609049,TRUE,FALSE,FALSE,FALSE,FALSE,FALSE,,,FALSE,3.8,Aire de repos.,TRUE,osm
Parcheggio piscina,aire_repos,autoroute,,,France,44.6401363,7.6490692,TRUE,FALSE,FALSE,FALSE,FALSE,FALSE,,,FALSE,3.8,Aire de repos.,TRUE,osm
Aire de repos,aire_repos,autoroute,,,France,44.6393278,0.3480517,TRUE,FALSE,FALSE,FALSE,FALSE,,,,FALSE,3.8,Aire de repos.,TRUE,osm
Aire de repos,aire_repos,autoroute,,,France,44.638192,6.5675412,TRUE,FALSE,FALSE,FALSE,FALSE,,,,FALSE,3.8,Aire de repos.,TRUE,osm
Aire de repos,aire_repos,autoroute,,,France,44.6202711,8.132035,TRUE,FALSE,FALSE,FALSE,FALSE,,,,FALSE,3.8,Aire de repos.,TRUE,osm
Aire de repos,aire_repos,autoroute,,,France,44.6195844,2.9515976,TRUE,FALSE,FALSE,FALSE,FALSE,,,,FALSE,3.8,Aire de repos.,TRUE,osm
Aire de repos,aire_repos,autoroute,,,France,44.6163212,2.0493603,TRUE,FALSE,FALSE,FALSE,FALSE,,,,FALSE,3.8,Aire de repos.,TRUE,osm
Aire de Ste Catherine,aire_repos,autoroute,,,France,44.6162544,6.5325475,TRUE,FALSE,FALSE,FALSE,FALSE,,,,FALSE,3.8,Aire de repos.,TRUE,osm
Aire de repos,aire_repos,autoroute,,,France,44.6162304,8.9470086,TRUE,FALSE,FALSE,FALSE,FALSE,,,,FALSE,3.8,Aire de repos.,TRUE,osm
Aire de repos,aire_repos,autoroute,,,France,44.6159047,2.2072054,TRUE,FALSE,FALSE,FALSE,FALSE,FALSE,,,FALSE,3.8,Aire de repos.,TRUE,osm
Area Betulle est,aire_repos,autoroute,,,France,44.6137995,8.6576571,TRUE,FALSE,FALSE,FALSE,FALSE,FALSE,,,FALSE,3.8,Aire de repos.,TRUE,osm
Area Betulle ovest,aire_repos,autoroute,,,France,44.6127233,8.6577288,TRUE,FALSE,FALSE,FALSE,FALSE,FALSE,,,FALSE,3.8,Aire de repos.,TRUE,osm
Aire de repos,aire_repos,autoroute,,,France,44.6066119,0.604957,TRUE,FALSE,FALSE,FALSE,FALSE,FALSE,,,FALSE,3.8,Aire de repos.,TRUE,osm
Aire de repos,aire_repos,autoroute,,,France,44.6053366,3.6746695,TRUE,FALSE,FALSE,FALSE,FALSE,,,,FALSE,3.8,Aire de repos.,TRUE,osm
Aire de repos,aire_repos,autoroute,,,France,44.6009118,8.3534297,TRUE,FALSE,FALSE,FALSE,FALSE,,,,FALSE,3.8,Aire de repos.,TRUE,osm
Aire de Savasse,aire_repos,autoroute,,,France,44.5993177,4.7951314,TRUE,FALSE,FALSE,FALSE,FALSE,TRUE,,,FALSE,3.8,Aire de repos.,TRUE,osm
Aire de Pré Buisson,aire_repos,autoroute,,,France,44.5969325,6.5234856,TRUE,FALSE,FALSE,FALSE,FALSE,,,,FALSE,3.8,Aire de repos.,TRUE,osm
Aire du Roubion,aire_repos,autoroute,,,France,44.5915891,4.8004817,TRUE,FALSE,FALSE,FALSE,FALSE,TRUE,,,FALSE,3.8,Aire de repos.,TRUE,osm
Aire de repos,aire_repos,autoroute,,,France,44.5893154,9.2833874,TRUE,FALSE,FALSE,FALSE,FALSE,,,,FALSE,3.8,Aire de repos.,TRUE,osm
Aire de repos,aire_repos,autoroute,,,France,44.583248,0.622794,TRUE,FALSE,FALSE,FALSE,FALSE,,,,FALSE,3.8,Aire de repos.,TRUE,osm
Aire de repos,aire_repos,autoroute,,,France,44.5788801,4.1546105,TRUE,FALSE,FALSE,FALSE,FALSE,,,,FALSE,3.8,Aire de repos.,TRUE,osm
Aire de repos,aire_repos,autoroute,,,France,44.5737971,0.6262709,TRUE,FALSE,FALSE,FALSE,FALSE,FALSE,,,FALSE,3.8,Aire de repos.,TRUE,osm
Aire de repos,aire_repos,autoroute,,,France,44.5730135,2.1573963,TRUE,FALSE,FALSE,FALSE,FALSE,,,,FALSE,3.8,Aire de repos.,TRUE,osm
Aire de repos,aire_repos,autoroute,,,France,44.5703282,4.5019522,TRUE,FALSE,FALSE,FALSE,FALSE,,,,FALSE,3.8,Aire de repos.,TRUE,osm
Aire de La Bête du Gévaudan,aire_repos,autoroute,,,France,44.5660622,3.2520014,TRUE,FALSE,FALSE,FALSE,FALSE,,,,FALSE,3.8,Aire de repos.,TRUE,osm
Aire de Marvejols,aire_repos,autoroute,,,France,44.5572006,3.2556325,TRUE,FALSE,FALSE,FALSE,FALSE,TRUE,,,FALSE,3.8,Aire de repos.,TRUE,osm
Aire de repos,aire_repos,autoroute,,,France,44.5516446,9.2761937,TRUE,FALSE,FALSE,FALSE,FALSE,,,,FALSE,3.8,Aire de repos.,TRUE,osm
Aire de repos,aire_repos,autoroute,,,France,44.5496399,8.9443122,TRUE,FALSE,FALSE,FALSE,FALSE,,,,FALSE,3.8,Aire de repos.,TRUE,osm
Aire de repos,aire_repos,autoroute,,,France,44.5435633,7.7220258,TRUE,FALSE,FALSE,FALSE,FALSE,,,,FALSE,3.8,Aire de repos.,TRUE,osm
Aire de repos,aire_repos,autoroute,,,France,44.5390156,2.6527223,TRUE,FALSE,FALSE,FALSE,FALSE,FALSE,,,FALSE,3.8,Aire de repos.,TRUE,osm
Aire d'Aiguebelle,aire_repos,autoroute,,,France,44.5383905,6.2916492,TRUE,FALSE,FALSE,FALSE,FALSE,,,,FALSE,3.8,Aire de repos.,TRUE,osm
Aire de repos,aire_repos,autoroute,,,France,44.5356554,6.3821672,TRUE,FALSE,FALSE,FALSE,FALSE,FALSE,,,FALSE,3.8,Aire de repos.,TRUE,osm
Aire de repos,aire_repos,autoroute,,,France,44.5299574,6.3326377,TRUE,FALSE,FALSE,FALSE,FALSE,,,,FALSE,3.8,Aire de repos.,TRUE,osm
Aire de repos,aire_repos,autoroute,,,France,44.5284305,6.4242798,TRUE,FALSE,FALSE,FALSE,FALSE,FALSE,,,FALSE,3.8,Aire de repos.,TRUE,osm
aire de repos,aire_repos,autoroute,,,France,44.5264096,0.62667,TRUE,FALSE,FALSE,FALSE,FALSE,,,,FALSE,3.8,Aire de repos.,TRUE,osm
Aire de repos,aire_repos,autoroute,,,France,44.5247904,6.3504854,TRUE,FALSE,FALSE,FALSE,FALSE,FALSE,,,FALSE,3.8,Aire de repos.,TRUE,osm
Aire de repos,aire_repos,autoroute,,,France,44.5241472,5.803953,TRUE,FALSE,FALSE,FALSE,FALSE,,,,FALSE,3.8,Aire de repos.,TRUE,osm
Aire de repos,aire_repos,autoroute,,,France,44.5209474,0.6202689,TRUE,FALSE,FALSE,FALSE,FALSE,FALSE,,,FALSE,3.8,Aire de repos.,TRUE,osm
Aire du Bazadais,aire_repos,autoroute,,,France,44.518715,-0.0805431,TRUE,FALSE,FALSE,FALSE,FALSE,TRUE,,,FALSE,3.8,Aire de repos.,TRUE,osm
Aire de repos,aire_repos,autoroute,,,France,44.5184653,1.719685,TRUE,FALSE,FALSE,FALSE,FALSE,,,,FALSE,3.8,Aire de repos.,TRUE,osm
Aire de repos,aire_repos,autoroute,,,France,44.5162238,9.2261067,TRUE,FALSE,FALSE,FALSE,FALSE,,,,FALSE,3.8,Aire de repos.,TRUE,osm
Aire de repos,aire_repos,autoroute,,,France,44.5159097,5.7556028,TRUE,FALSE,FALSE,FALSE,FALSE,,,,FALSE,3.8,Aire de repos.,TRUE,osm
Aire de repos,aire_repos,autoroute,,,France,44.5060908,0.218337,TRUE,FALSE,FALSE,FALSE,FALSE,,,,FALSE,3.8,Aire de repos.,TRUE,osm
Aire de repos,aire_repos,autoroute,,,France,44.5030417,8.9191616,TRUE,FALSE,FALSE,FALSE,FALSE,,,,FALSE,3.8,Aire de repos.,TRUE,osm
Aire de Lugos-Est,aire_repos,autoroute,,,France,44.5017835,-0.8397312,TRUE,FALSE,FALSE,FALSE,FALSE,,,,FALSE,3.8,Aire de repos.,TRUE,osm
Aire de Lugos-Ouest,aire_repos,autoroute,,,France,44.5013178,-0.8424978,TRUE,FALSE,FALSE,FALSE,FALSE,,,,FALSE,3.8,Aire de repos.,TRUE,osm
Aire de repos,aire_repos,autoroute,,,France,44.4879546,1.0253683,TRUE,FALSE,FALSE,FALSE,FALSE,,,,FALSE,3.8,Aire de repos.,TRUE,osm
Aire de repos,aire_repos,autoroute,,,France,44.4817782,0.6729911,TRUE,FALSE,FALSE,FALSE,FALSE,FALSE,,,FALSE,3.8,Aire de repos.,TRUE,osm
Aire de Cocumont,aire_repos,autoroute,,,France,44.4753824,0.0379275,TRUE,FALSE,FALSE,FALSE,FALSE,,,,FALSE,3.8,Aire de repos.,TRUE,osm
Aire de Cocumont,aire_repos,autoroute,,,France,44.4749265,0.0368938,TRUE,FALSE,FALSE,FALSE,FALSE,,,,FALSE,3.8,Aire de repos.,TRUE,osm
Aire de repos,aire_repos,autoroute,,,France,44.468944,0.6892593,TRUE,FALSE,FALSE,FALSE,FALSE,FALSE,,,FALSE,3.8,Aire de repos.,TRUE,osm
Aire de repos,aire_repos,autoroute,,,France,44.4677601,9.3551179,TRUE,FALSE,FALSE,FALSE,FALSE,,,,FALSE,3.8,Aire de repos.,TRUE,osm
Aire de repos,aire_repos,autoroute,,,France,44.4609762,4.224389,TRUE,FALSE,FALSE,FALSE,FALSE,,,,FALSE,3.8,Aire de repos.,TRUE,osm
Aire de Donzère,aire_repos,autoroute,,,France,44.4549404,4.7569288,TRUE,FALSE,FALSE,FALSE,FALSE,TRUE,,,FALSE,3.8,Aire de repos.,TRUE,osm
Aire de repos,aire_repos,autoroute,,,France,44.4518903,4.7002312,TRUE,FALSE,FALSE,FALSE,FALSE,,,,FALSE,3.8,Aire de repos.,TRUE,osm
Aire de repos,aire_repos,autoroute,,,France,44.4481474,2.387308,TRUE,FALSE,FALSE,FALSE,FALSE,,,,FALSE,3.8,Aire de repos.,TRUE,osm
Aire de Bazas,aire_repos,autoroute,,,France,44.4455976,-0.2444389,TRUE,FALSE,FALSE,FALSE,TRUE,,,,FALSE,3.8,Aire de repos.,TRUE,osm
Aire de repos,aire_repos,autoroute,,,France,44.44256,5.3893682,TRUE,FALSE,FALSE,FALSE,FALSE,,,,FALSE,3.8,Aire de repos.,TRUE,osm
Aire de repos,aire_repos,autoroute,,,France,44.4421077,6.3723152,TRUE,FALSE,FALSE,FALSE,FALSE,FALSE,,,FALSE,3.8,Aire de repos.,TRUE,osm
Aire de repos,aire_repos,autoroute,,,France,44.4419498,5.7138696,TRUE,FALSE,FALSE,FALSE,FALSE,TRUE,,,FALSE,3.8,Aire de repos.,TRUE,osm
Aire de repos,aire_repos,autoroute,,,France,44.4378034,6.417477,TRUE,FALSE,FALSE,FALSE,FALSE,,,,FALSE,3.8,Aire de repos.,TRUE,osm
Aire de repos,aire_repos,autoroute,,,France,44.4364346,8.4484248,TRUE,FALSE,FALSE,FALSE,FALSE,,,,FALSE,3.8,Aire de repos.,TRUE,osm
Aire de repos,aire_repos,autoroute,,,France,44.4356897,0.9751862,TRUE,FALSE,FALSE,FALSE,FALSE,,,,FALSE,3.8,Aire de repos.,TRUE,osm
Aire de repos,aire_repos,autoroute,,,France,44.4335779,6.7420986,TRUE,FALSE,FALSE,FALSE,FALSE,,,,FALSE,3.8,Aire de repos.,TRUE,osm
Aire de repos,aire_repos,autoroute,,,France,44.4303865,2.4445744,TRUE,FALSE,FALSE,FALSE,FALSE,FALSE,,,FALSE,3.8,Aire de repos.,TRUE,osm
Area di parcheggio Mondovì Ovest,aire_repos,autoroute,,,France,44.4239151,7.8552302,TRUE,FALSE,FALSE,FALSE,TRUE,,,,FALSE,3.8,Aire de repos.,TRUE,osm
Aire de repos,aire_repos,autoroute,,,France,44.4164156,9.0443714,TRUE,FALSE,FALSE,FALSE,FALSE,,,,FALSE,3.8,Aire de repos.,TRUE,osm
Aire de repos,aire_repos,autoroute,,,France,44.4138062,9.0576281,TRUE,FALSE,FALSE,FALSE,FALSE,,,,FALSE,3.8,Aire de repos.,TRUE,osm
Aire de repos,aire_repos,autoroute,,,France,44.411955,9.0691534,TRUE,FALSE,FALSE,FALSE,FALSE,FALSE,,,FALSE,3.8,Aire de repos.,TRUE,osm
Aire de repos,aire_repos,autoroute,,,France,44.4062039,9.0791453,TRUE,FALSE,FALSE,FALSE,FALSE,,,,FALSE,3.8,Aire de repos.,TRUE,osm
Aire de Pierrelatte,aire_repos,autoroute,,,France,44.4030311,4.7285068,TRUE,FALSE,FALSE,FALSE,FALSE,TRUE,,,FALSE,3.8,Aire de repos.,TRUE,osm
Aire de la Combe du Tréboulou-Est,aire_repos,autoroute,,,France,44.4018296,1.5232031,TRUE,FALSE,FALSE,FALSE,FALSE,TRUE,,,FALSE,3.8,Aire de repos.,TRUE,osm
Aire de repos,aire_repos,autoroute,,,France,44.4013202,2.3432226,TRUE,FALSE,FALSE,FALSE,FALSE,,,,FALSE,3.8,Aire de repos.,TRUE,osm
Aire de repos,aire_repos,autoroute,,,France,44.3971522,4.921519,TRUE,FALSE,FALSE,FALSE,FALSE,,,,FALSE,3.8,Aire de repos.,TRUE,osm
Aire de repos,aire_repos,autoroute,,,France,44.3915162,5.0288472,TRUE,FALSE,FALSE,FALSE,FALSE,FALSE,,,FALSE,3.8,Aire de repos.,TRUE,osm
Aire de repos,aire_repos,autoroute,,,France,44.3803852,1.3133618,TRUE,FALSE,FALSE,FALSE,FALSE,,,,FALSE,3.8,Aire de repos.,TRUE,osm
Aire de repos,aire_repos,autoroute,,,France,44.3731546,4.9174438,TRUE,FALSE,FALSE,FALSE,FALSE,FALSE,,,FALSE,3.8,Aire de repos.,TRUE,osm
Aire de repos,aire_repos,autoroute,,,France,44.3717755,7.6542209,TRUE,FALSE,FALSE,FALSE,FALSE,FALSE,,,FALSE,3.8,Aire de repos.,TRUE,osm
Aire de repos,aire_repos,autoroute,,,France,44.3706514,7.6428902,TRUE,FALSE,FALSE,FALSE,FALSE,FALSE,,,FALSE,3.8,Aire de repos.,TRUE,osm
Aire de repos,aire_repos,autoroute,,,France,44.3653628,4.693214,TRUE,FALSE,FALSE,FALSE,FALSE,,,,FALSE,3.8,Aire de repos.,TRUE,osm
Aire du Queyran,aire_repos,autoroute,,,France,44.3437462,0.2517123,TRUE,FALSE,FALSE,FALSE,FALSE,TRUE,,,FALSE,3.8,Aire de repos.,TRUE,osm
Aire de repos,aire_repos,autoroute,,,France,44.341033,9.2029823,TRUE,FALSE,FALSE,FALSE,FALSE,,,,FALSE,3.8,Aire de repos.,TRUE,osm
Aire d'Olemps,aire_repos,autoroute,,,France,44.3386084,2.5614483,TRUE,FALSE,FALSE,FALSE,FALSE,TRUE,,,FALSE,3.8,Aire de repos.,TRUE,osm
Area Parcheggio Campodonico Nord,aire_repos,autoroute,,,France,44.3335644,9.293155,TRUE,FALSE,FALSE,FALSE,FALSE,,,,FALSE,3.8,Aire de repos.,TRUE,osm
Aire de repos,aire_repos,autoroute,,,France,44.330844,5.7890914,TRUE,FALSE,FALSE,FALSE,FALSE,FALSE,,,FALSE,3.8,Aire de repos.,TRUE,osm
Aire de repos,aire_repos,autoroute,,,France,44.3266607,4.9456383,TRUE,FALSE,FALSE,FALSE,FALSE,FALSE,,,FALSE,3.8,Aire de repos.,TRUE,osm
Aire de Tricastin,aire_repos,autoroute,,,France,44.3264104,4.7400177,TRUE,FALSE,FALSE,FALSE,FALSE,TRUE,,,FALSE,3.8,Aire de repos.,TRUE,osm
Aire de repos,aire_repos,autoroute,,,France,44.3235484,8.4992516,TRUE,FALSE,FALSE,FALSE,FALSE,FALSE,,,FALSE,3.8,Aire de repos.,TRUE,osm
Aire de Repos Pique-Nique,aire_repos,autoroute,,,France,44.3110722,-0.2493954,TRUE,FALSE,FALSE,FALSE,FALSE,FALSE,,,FALSE,3.8,Aire de repos.,TRUE,osm
Aire de repos,aire_repos,autoroute,,,France,44.3102008,4.9582521,TRUE,FALSE,FALSE,FALSE,FALSE,,,,FALSE,3.8,Aire de repos.,TRUE,osm
Aire de repos,aire_repos,autoroute,,,France,44.2990036,7.6703313,TRUE,FALSE,FALSE,FALSE,FALSE,,,,FALSE,3.8,Aire de repos.,TRUE,osm
Aire de repos,aire_repos,autoroute,,,France,44.2948632,7.6740317,TRUE,FALSE,FALSE,FALSE,FALSE,,,,FALSE,3.8,Aire de repos.,TRUE,osm
Aire de repos,aire_repos,autoroute,,,France,44.2808616,4.9925283,TRUE,FALSE,FALSE,FALSE,FALSE,,,,FALSE,3.8,Aire de repos.,TRUE,osm
Aire de repos,aire_repos,autoroute,,,France,44.2755069,0.3352395,TRUE,FALSE,FALSE,FALSE,FALSE,TRUE,,,FALSE,3.8,Aire de repos.,TRUE,osm
Aire de repos,aire_repos,autoroute,,,France,44.273201,5.1050601,TRUE,FALSE,FALSE,FALSE,FALSE,FALSE,,,FALSE,3.8,Aire de repos.,TRUE,osm
Area di Sosta Tangoni ovest,aire_repos,autoroute,,,France,44.2708418,9.4667198,TRUE,FALSE,FALSE,FALSE,FALSE,,,,FALSE,3.8,Aire de repos.,TRUE,osm
Aire de repos,aire_repos,autoroute,,,France,44.2705152,3.8578867,TRUE,FALSE,FALSE,FALSE,FALSE,,,,FALSE,3.8,Aire de repos.,TRUE,osm
Aire de repos,aire_repos,autoroute,,,France,44.2684417,9.4369754,TRUE,FALSE,FALSE,FALSE,FALSE,,,,FALSE,3.8,Aire de repos.,TRUE,osm
Aire de Repos,aire_repos,autoroute,,,France,44.2668171,1.9986792,TRUE,FALSE,FALSE,FALSE,FALSE,,,,FALSE,3.8,Aire de repos.,TRUE,osm
Aire de Jean Sango,aire_repos,autoroute,,,France,44.2627052,-0.2617075,TRUE,FALSE,FALSE,FALSE,FALSE,,,,FALSE,3.8,Aire de repos.,TRUE,osm
Aire de repos,aire_repos,autoroute,,,France,44.2610179,5.1156204,TRUE,FALSE,FALSE,FALSE,FALSE,FALSE,,,FALSE,3.8,Aire de repos.,TRUE,osm
Aire de repos,aire_repos,autoroute,,,France,44.2556187,4.9428547,TRUE,FALSE,FALSE,FALSE,FALSE,,,,FALSE,3.8,Aire de repos.,TRUE,osm
Aire de Labouheyre-Ouest,aire_repos,autoroute,,,France,44.2532064,-0.9043335,TRUE,FALSE,FALSE,FALSE,FALSE,TRUE,,,FALSE,3.8,Aire de repos.,TRUE,osm
Aire de Labouheyre-Est,aire_repos,autoroute,,,France,44.2529772,-0.9015917,TRUE,FALSE,FALSE,FALSE,FALSE,TRUE,,,FALSE,3.8,Aire de repos.,TRUE,osm
Aire de repos,aire_repos,autoroute,,,France,44.2520397,7.6604556,TRUE,FALSE,FALSE,FALSE,FALSE,,,,FALSE,3.8,Aire de repos.,TRUE,osm
Aire de repos,aire_repos,autoroute,,,France,44.2506649,3.9573793,TRUE,FALSE,FALSE,FALSE,FALSE,,,,FALSE,3.8,Aire de repos.,TRUE,osm
Aire de repos,aire_repos,autoroute,,,France,44.2498714,3.9528852,TRUE,FALSE,FALSE,FALSE,FALSE,FALSE,,,FALSE,3.8,Aire de repos.,TRUE,osm
Aire de Buzet sur Baïse,aire_repos,autoroute,,,France,44.2498165,0.300312,TRUE,FALSE,FALSE,FALSE,FALSE,,,,FALSE,3.8,Aire de repos.,TRUE,osm
Aire de repos,aire_repos,autoroute,,,France,44.2403223,9.5699435,TRUE,FALSE,FALSE,FALSE,FALSE,,,,FALSE,3.8,Aire de repos.,TRUE,osm
La Banaste Zone Asuerros,aire_repos,autoroute,,,France,44.2325826,6.9534354,TRUE,FALSE,FALSE,FALSE,FALSE,TRUE,,,FALSE,3.8,Aire de repos.,TRUE,osm
Aire de repos,aire_repos,autoroute,,,France,44.232,4.8514322,TRUE,FALSE,FALSE,FALSE,FALSE,FALSE,,,FALSE,3.8,Aire de repos.,TRUE,osm
Aire de repos,aire_repos,autoroute,,,France,44.2301145,4.9172554,TRUE,FALSE,FALSE,FALSE,FALSE,FALSE,,,FALSE,3.8,Aire de repos.,TRUE,osm
Area di Feglino sud,aire_repos,autoroute,,,France,44.2218084,8.330153,TRUE,FALSE,FALSE,FALSE,TRUE,TRUE,,,FALSE,3.8,Aire de repos.,TRUE,osm
Parking Public du Mas de Lafon,aire_repos,autoroute,,,France,44.2216045,3.2227411,TRUE,FALSE,FALSE,FALSE,FALSE,,,,FALSE,3.8,Aire de repos.,TRUE,osm
Aire de repos,aire_repos,autoroute,,,France,44.2213879,8.3180233,TRUE,FALSE,FALSE,FALSE,FALSE,FALSE,,,FALSE,3.8,Aire de repos.,TRUE,osm
Aire de repos,aire_repos,autoroute,,,France,44.2213078,1.9671945,TRUE,FALSE,FALSE,FALSE,FALSE,,,,FALSE,3.8,Aire de repos.,TRUE,osm
Aire de repos,aire_repos,autoroute,,,France,44.2178614,5.097876,TRUE,FALSE,FALSE,FALSE,FALSE,,,,FALSE,3.8,Aire de repos.,TRUE,osm
Aire de Bruch,aire_repos,autoroute,,,France,44.2144738,0.3957696,TRUE,FALSE,FALSE,FALSE,FALSE,TRUE,,,FALSE,3.8,Aire de repos.,TRUE,osm
Area di parcheggio Aquila,aire_repos,autoroute,,,France,44.2127981,8.3214827,TRUE,FALSE,FALSE,FALSE,FALSE,,,,FALSE,3.8,Aire de repos.,TRUE,osm
Aire de repos,aire_repos,autoroute,,,France,44.2076,0.162864,TRUE,FALSE,FALSE,FALSE,FALSE,,,,FALSE,3.8,Aire de repos.,TRUE,osm
Aire de repos,aire_repos,autoroute,,,France,44.2056975,1.1545979,TRUE,FALSE,FALSE,FALSE,FALSE,FALSE,,,FALSE,3.8,Aire de repos.,TRUE,osm
Aire de repos,aire_repos,autoroute,,,France,44.1990834,3.2552438,TRUE,FALSE,FALSE,FALSE,FALSE,,,,FALSE,3.8,Aire de repos.,TRUE,osm
Aire du Tableau,aire_repos,autoroute,,,France,44.1974567,3.6420013,TRUE,FALSE,FALSE,FALSE,FALSE,,,,FALSE,3.8,Aire de repos.,TRUE,osm
Aire de repos,aire_repos,autoroute,,,France,44.1954894,4.979401,TRUE,FALSE,FALSE,FALSE,FALSE,,,,FALSE,3.8,Aire de repos.,TRUE,osm
Aire de repos,aire_repos,autoroute,,,France,44.1889155,4.7461221,TRUE,FALSE,FALSE,FALSE,FALSE,FALSE,,,FALSE,3.8,Aire de repos.,TRUE,osm
Aire de repos,aire_repos,autoroute,,,France,44.187024,0.5470352,TRUE,FALSE,FALSE,FALSE,FALSE,FALSE,,,FALSE,3.8,Aire de repos.,TRUE,osm
Aire de repos,aire_repos,autoroute,,,France,44.1860617,5.1872499,TRUE,FALSE,FALSE,FALSE,FALSE,FALSE,,,FALSE,3.8,Aire de repos.,TRUE,osm
Aire de repos,aire_repos,autoroute,,,France,44.1831929,5.0075881,TRUE,FALSE,FALSE,FALSE,FALSE,,,,FALSE,3.8,Aire de repos.,TRUE,osm
Aire Ventouse,aire_repos,autoroute,,,France,44.1824838,3.6850749,TRUE,FALSE,FALSE,FALSE,FALSE,,,,FALSE,3.8,Aire de repos.,TRUE,osm
Aire de repos,aire_repos,autoroute,,,France,44.1815868,5.3734443,TRUE,FALSE,FALSE,FALSE,FALSE,,,,FALSE,3.8,Aire de repos.,TRUE,osm
Aire de repos,aire_repos,autoroute,,,France,44.1794533,1.1263884,TRUE,FALSE,FALSE,FALSE,FALSE,FALSE,,,FALSE,3.8,Aire de repos.,TRUE,osm
Aire d'Estillac,aire_repos,autoroute,,,France,44.1699371,0.579941,TRUE,FALSE,FALSE,FALSE,FALSE,TRUE,,,FALSE,3.8,Aire de repos.,TRUE,osm
Aire de la Garrigue,aire_repos,autoroute,,,France,44.168967,3.0312835,TRUE,FALSE,FALSE,FALSE,FALSE,,,,FALSE,3.8,Aire de repos.,TRUE,osm
CD84,aire_repos,autoroute,,,France,44.1681368,5.065641,TRUE,FALSE,FALSE,FALSE,FALSE,FALSE,,,FALSE,3.8,Aire de repos.,TRUE,osm
Aire de Moirax,aire_repos,autoroute,,,France,44.1573324,0.6154094,TRUE,FALSE,FALSE,FALSE,TRUE,TRUE,,,FALSE,3.8,Aire de repos.,TRUE,osm
Aire de repos,aire_repos,autoroute,,,France,44.1519814,5.0548318,TRUE,FALSE,FALSE,FALSE,FALSE,FALSE,,,FALSE,3.8,Aire de repos.,TRUE,osm
Aire de repos,aire_repos,autoroute,,,France,44.1484309,4.8869278,TRUE,FALSE,FALSE,FALSE,FALSE,,,,FALSE,3.8,Aire de repos.,TRUE,osm
Aire de repos,aire_repos,autoroute,,,France,44.1474319,8.2809687,TRUE,FALSE,FALSE,FALSE,FALSE,,,,FALSE,3.8,Aire de repos.,TRUE,osm
Aire de repos,aire_repos,autoroute,,,France,44.1458684,5.3664301,TRUE,FALSE,FALSE,FALSE,FALSE,,,,FALSE,3.8,Aire de repos.,TRUE,osm
Aire de repos,aire_repos,autoroute,,,France,44.1457282,5.3638661,TRUE,FALSE,FALSE,FALSE,FALSE,,,,FALSE,3.8,Aire de repos.,TRUE,osm
Aire de repos,aire_repos,autoroute,,,France,44.1419428,5.3704064,TRUE,FALSE,FALSE,FALSE,FALSE,,,,FALSE,3.8,Aire de repos.,TRUE,osm
Parking Roques Altes,aire_repos,autoroute,,,France,44.1416301,3.2351915,TRUE,FALSE,FALSE,FALSE,FALSE,,,,FALSE,3.8,Aire de repos.,TRUE,osm
Aire de Repos d'Orsan,aire_repos,autoroute,,,France,44.1362484,4.6703948,TRUE,FALSE,FALSE,FALSE,FALSE,,,,FALSE,3.8,Aire de repos.,TRUE,osm
Aire de repos,aire_repos,autoroute,,,France,44.1335369,5.9721293,TRUE,FALSE,FALSE,FALSE,FALSE,,,,FALSE,3.8,Aire de repos.,TRUE,osm
Aire de repos,aire_repos,autoroute,,,France,44.1335024,5.0442572,TRUE,FALSE,FALSE,FALSE,FALSE,FALSE,,,FALSE,3.8,Aire de repos.,TRUE,osm
Aire de repos,aire_repos,autoroute,,,France,44.1287684,4.9961823,TRUE,FALSE,FALSE,FALSE,FALSE,FALSE,,,FALSE,3.8,Aire de repos.,TRUE,osm
Aire de Layrac,aire_repos,autoroute,,,France,44.1267774,0.6984512,TRUE,FALSE,FALSE,FALSE,FALSE,TRUE,,,FALSE,3.8,Aire de repos.,TRUE,osm
Aire de Layrac,aire_repos,autoroute,,,France,44.1262969,0.6937231,TRUE,FALSE,FALSE,FALSE,FALSE,,,,FALSE,3.8,Aire de repos.,TRUE,osm
Aire de repos,aire_repos,autoroute,,,France,44.1256661,3.4393084,TRUE,FALSE,FALSE,FALSE,FALSE,,,,FALSE,3.8,Aire de repos.,TRUE,osm
Aire de repos,aire_repos,autoroute,,,France,44.1237437,5.0013384,TRUE,FALSE,FALSE,FALSE,FALSE,,,,FALSE,3.8,Aire de repos.,TRUE,osm
Aire de repos,aire_repos,autoroute,,,France,44.1233166,0.2800122,TRUE,FALSE,FALSE,FALSE,FALSE,,,,FALSE,3.8,Aire de repos.,TRUE,osm
Aire de repos,aire_repos,autoroute,,,France,44.1196311,7.8586745,TRUE,FALSE,FALSE,FALSE,FALSE,,,,FALSE,3.8,Aire de repos.,TRUE,osm
Aire du Bourdoux,aire_repos,autoroute,,,France,44.1185268,6.7982229,TRUE,FALSE,FALSE,FALSE,FALSE,,,,FALSE,3.8,Aire de repos.,TRUE,osm
Aire de repos,aire_repos,autoroute,,,France,44.1143096,3.5530622,TRUE,FALSE,FALSE,FALSE,FALSE,,,,FALSE,3.8,Aire de repos.,TRUE,osm
Aire d'Orange le Coudoulet,aire_repos,autoroute,,,France,44.112369,4.8291339,TRUE,FALSE,FALSE,FALSE,FALSE,TRUE,,,FALSE,3.8,Aire de repos.,TRUE,osm
Aire d'Orange-le Grès,aire_repos,autoroute,,,France,44.1107761,4.8299106,TRUE,FALSE,FALSE,FALSE,FALSE,TRUE,,,FALSE,3.8,Aire de repos.,TRUE,osm
Aire de repos,aire_repos,autoroute,,,France,44.1047619,5.3016584,TRUE,FALSE,FALSE,FALSE,FALSE,,,,FALSE,3.8,Aire de repos.,TRUE,osm
Aire de repos,aire_repos,autoroute,,,France,44.1039399,5.1515163,TRUE,FALSE,FALSE,FALSE,FALSE,FALSE,,,FALSE,3.8,Aire de repos.,TRUE,osm
Aire de repos,aire_repos,autoroute,,,France,44.1037908,5.2770953,TRUE,FALSE,FALSE,FALSE,FALSE,FALSE,,,FALSE,3.8,Aire de repos.,TRUE,osm
Area di Piccaro Nord,aire_repos,autoroute,,,France,44.1008083,8.2245234,TRUE,FALSE,FALSE,FALSE,TRUE,TRUE,,,FALSE,3.8,Aire de repos.,TRUE,osm
Aire de repos,aire_repos,autoroute,,,France,44.1001848,5.0704345,TRUE,FALSE,FALSE,FALSE,FALSE,FALSE,,,FALSE,3.8,Aire de repos.,TRUE,osm
Aire de repos,aire_repos,autoroute,,,France,44.098564,4.8685067,TRUE,FALSE,FALSE,FALSE,FALSE,FALSE,,,FALSE,3.8,Aire de repos.,TRUE,osm
Aire de repos,aire_repos,autoroute,,,France,44.097578,3.9545959,TRUE,FALSE,FALSE,FALSE,FALSE,,,,FALSE,3.8,Aire de repos.,TRUE,osm
Aire de repos,aire_repos,autoroute,,,France,44.0952827,1.053322,TRUE,FALSE,FALSE,FALSE,FALSE,,,,FALSE,3.8,Aire de repos.,TRUE,osm
Aire du Viaduc de Millau,aire_repos,autoroute,,,France,44.0947711,3.0252857,TRUE,FALSE,FALSE,FALSE,FALSE,TRUE,,,FALSE,3.8,Aire de repos.,TRUE,osm
Aire d'Onesse-et-Laharie-Est,aire_repos,autoroute,,,France,44.0933873,-0.9961186,TRUE,FALSE,FALSE,FALSE,FALSE,TRUE,,,FALSE,3.8,Aire de repos.,TRUE,osm
Aire de repos,aire_repos,autoroute,,,France,44.0883866,0.9885148,TRUE,FALSE,FALSE,FALSE,FALSE,FALSE,,,FALSE,3.8,Aire de repos.,TRUE,osm
Aire de repos,aire_repos,autoroute,,,France,44.0876581,5.0937602,TRUE,FALSE,FALSE,FALSE,FALSE,FALSE,,,FALSE,3.8,Aire de repos.,TRUE,osm
Aire de Dunes,aire_repos,autoroute,,,France,44.0853085,0.7943528,TRUE,FALSE,FALSE,FALSE,FALSE,,,,FALSE,3.8,Aire de repos.,TRUE,osm
Aire de repos,aire_repos,autoroute,,,France,44.0848094,5.0346952,TRUE,FALSE,FALSE,FALSE,FALSE,,,,FALSE,3.8,Aire de repos.,TRUE,osm
Aire de Dunes,aire_repos,autoroute,,,France,44.0802353,0.8003235,TRUE,FALSE,FALSE,FALSE,FALSE,TRUE,,,FALSE,3.8,Aire de repos.,TRUE,osm
Aire de repos,aire_repos,autoroute,,,France,44.0801959,5.0855734,TRUE,FALSE,FALSE,FALSE,FALSE,FALSE,,,FALSE,3.8,Aire de repos.,TRUE,osm
Aire du Pont des Roberts,aire_repos,autoroute,,,France,44.0763049,6.8578166,TRUE,FALSE,FALSE,FALSE,FALSE,,,,FALSE,3.8,Aire de repos.,TRUE,osm
Aire de repos – Mormoiron,aire_repos,autoroute,,Mormoiron,France,44.0761232,5.1746998,TRUE,FALSE,FALSE,FALSE,FALSE,FALSE,,,FALSE,3.8,Aire de repos. (Mormoiron),TRUE,osm
Aire de repos,aire_repos,autoroute,,,France,44.0708969,5.3553179,TRUE,FALSE,FALSE,FALSE,FALSE,,,,FALSE,3.8,Aire de repos.,TRUE,osm
Aire de repos,aire_repos,autoroute,,,France,44.0655549,0.9078718,TRUE,FALSE,FALSE,FALSE,FALSE,,,,FALSE,3.8,Aire de repos.,TRUE,osm
Aire de repos,aire_repos,autoroute,,,France,44.0641562,5.2513879,TRUE,FALSE,FALSE,FALSE,FALSE,FALSE,,,FALSE,3.8,Aire de repos.,TRUE,osm
Aire de repos,aire_repos,autoroute,,,France,44.0600846,3.121796,TRUE,FALSE,FALSE,FALSE,FALSE,FALSE,,,FALSE,3.8,Aire de repos.,TRUE,osm
Aire du Belvédère de Peyruis-Les Mées,aire_repos,autoroute,,,France,44.0571697,5.962623,TRUE,FALSE,FALSE,FALSE,FALSE,TRUE,,,FALSE,3.8,Aire de repos.,TRUE,osm
Aire de Roquemaure-Nord,aire_repos,autoroute,,,France,44.0490681,4.7643377,TRUE,FALSE,FALSE,FALSE,FALSE,TRUE,,,FALSE,3.8,Aire de repos.,TRUE,osm
Aire de repos,aire_repos,autoroute,,,France,44.0488649,2.7596024,TRUE,FALSE,FALSE,FALSE,FALSE,,,,FALSE,3.8,Aire de repos.,TRUE,osm
Aire de Roquemaure-Sud,aire_repos,autoroute,,,France,44.0487976,4.7652424,TRUE,FALSE,FALSE,FALSE,FALSE,TRUE,,,FALSE,3.8,Aire de repos.,TRUE,osm
Aire de repos,aire_repos,autoroute,,,France,44.0479231,2.7532755,TRUE,FALSE,FALSE,FALSE,FALSE,,,,FALSE,3.8,Aire de repos.,TRUE,osm
Parking Halte Larzac,aire_repos,autoroute,,,France,44.0469929,3.1359835,TRUE,FALSE,FALSE,FALSE,FALSE,FALSE,,,FALSE,3.8,Aire de repos.,TRUE,osm
Aire de repos,aire_repos,autoroute,,,France,44.0467766,5.1477936,TRUE,FALSE,FALSE,FALSE,FALSE,FALSE,,,FALSE,3.8,Aire de repos.,TRUE,osm
Aire de la Porte d'Armagnac,aire_repos,autoroute,,,France,44.0457456,-0.3397193,TRUE,FALSE,FALSE,FALSE,FALSE,TRUE,,,FALSE,3.8,Aire de repos.,TRUE,osm
Aire de Roua,aire_repos,autoroute,,,France,44.0386589,6.8317784,TRUE,FALSE,FALSE,FALSE,FALSE,,,,FALSE,3.8,Aire de repos.,TRUE,osm
Aire de repos,aire_repos,autoroute,,,France,44.0327076,3.315388,TRUE,FALSE,FALSE,FALSE,FALSE,,,,FALSE,3.8,Aire de repos.,TRUE,osm
Aire de Rocciaia,aire_repos,autoroute,,,France,44.0292318,6.819736,TRUE,FALSE,FALSE,FALSE,FALSE,,,,FALSE,3.8,Aire de repos.,TRUE,osm
Aire de repos,aire_repos,autoroute,,,France,44.0287392,6.2055348,TRUE,FALSE,FALSE,FALSE,FALSE,FALSE,,,FALSE,3.8,Aire de repos.,TRUE,osm
Aire de repos,aire_repos,autoroute,,,France,44.0276543,8.1992494,TRUE,FALSE,FALSE,FALSE,FALSE,FALSE,,,FALSE,3.8,Aire de repos.,TRUE,osm
Aire du Fournalet,aire_repos,autoroute,,,France,44.022286,4.888234,TRUE,FALSE,FALSE,FALSE,FALSE,,,,FALSE,3.8,Aire de repos.,TRUE,osm
Larzac,aire_repos,autoroute,,,France,44.0187496,3.1481525,TRUE,FALSE,FALSE,FALSE,FALSE,FALSE,,,FALSE,3.8,Aire de repos.,TRUE,osm
Aire de repos,aire_repos,autoroute,,,France,44.016951,6.2481763,TRUE,FALSE,FALSE,FALSE,FALSE,FALSE,,,FALSE,3.8,Aire de repos.,TRUE,osm
Aire de la Forêt de Saint-Porquier,aire_repos,autoroute,,,France,44.0136493,1.2045021,TRUE,FALSE,FALSE,FALSE,FALSE,TRUE,,,FALSE,3.8,Aire de repos.,TRUE,osm
Aire de repos,aire_repos,autoroute,,,France,44.0128304,6.2221583,TRUE,FALSE,FALSE,FALSE,FALSE,FALSE,,,FALSE,3.8,Aire de repos.,TRUE,osm
Aire de repos,aire_repos,autoroute,,,France,44.0111894,5.0718108,TRUE,FALSE,FALSE,FALSE,FALSE,FALSE,,,FALSE,3.8,Aire de repos.,TRUE,osm
Aire d'Escatalens,aire_repos,autoroute,,,France,44.0073244,1.217222,TRUE,FALSE,FALSE,FALSE,FALSE,TRUE,,,FALSE,3.8,Aire de repos.,TRUE,osm
Aire de repos,aire_repos,autoroute,,,France,44.0050356,5.9225812,TRUE,FALSE,FALSE,FALSE,FALSE,FALSE,,,FALSE,3.8,Aire de repos.,TRUE,osm
Aire de repos,aire_repos,autoroute,,,France,44.0047497,5.0636085,TRUE,FALSE,FALSE,FALSE,FALSE,,,,FALSE,3.8,Aire de repos.,TRUE,osm
Aire de Ganagobie-Ouest,aire_repos,autoroute,,,France,44.0014073,5.9233893,TRUE,FALSE,FALSE,FALSE,FALSE,TRUE,,,FALSE,3.8,Aire de repos.,TRUE,osm
Aire de Ganagobie-Est,aire_repos,autoroute,,,France,44.0000777,5.9224827,TRUE,FALSE,FALSE,FALSE,FALSE,TRUE,,,FALSE,3.8,Aire de repos.,TRUE,osm
Aire de repos,aire_repos,autoroute,,,France,43.9988659,5.1555471,TRUE,FALSE,FALSE,FALSE,FALSE,,,,FALSE,3.8,Aire de repos.,TRUE,osm
Aire de repos,aire_repos,autoroute,,,France,43.9894388,4.5768473,TRUE,FALSE,FALSE,FALSE,FALSE,FALSE,,,FALSE,3.8,Aire de repos.,TRUE,osm
Arboretum de Saint Lambert,aire_repos,autoroute,,,France,43.9887054,5.3181196,TRUE,FALSE,FALSE,FALSE,FALSE,,,,FALSE,3.8,Aire de repos.,TRUE,osm
Aire de repos,aire_repos,autoroute,,,France,43.9861925,5.0273039,TRUE,FALSE,FALSE,FALSE,FALSE,FALSE,,,FALSE,3.8,Aire de repos.,TRUE,osm
Aire de la Dorgane,aire_repos,autoroute,,,France,43.985164,7.3200538,TRUE,FALSE,FALSE,FALSE,FALSE,,,,FALSE,3.8,Aire de repos.,TRUE,osm
Aire de repos – Venasque,aire_repos,autoroute,,Venasque,France,43.9843058,5.1847516,TRUE,FALSE,FALSE,FALSE,FALSE,FALSE,,,FALSE,3.8,Aire de repos. (Venasque),TRUE,osm
Aire de repos,aire_repos,autoroute,,,France,43.9826202,2.9737717,TRUE,FALSE,FALSE,FALSE,FALSE,,,,FALSE,3.8,Aire de repos.,TRUE,osm
Aire du Larzac,aire_repos,autoroute,,,France,43.9816279,3.1847569,TRUE,FALSE,FALSE,FALSE,FALSE,TRUE,,,FALSE,3.8,Aire de repos.,TRUE,osm
Aire de repos,aire_repos,autoroute,,,France,43.9799517,4.229727,TRUE,FALSE,FALSE,FALSE,FALSE,,,,FALSE,3.8,Aire de repos.,TRUE,osm
Aire de repos,aire_repos,autoroute,,,France,43.97873,5.0008332,TRUE,FALSE,FALSE,FALSE,FALSE,FALSE,,,FALSE,3.8,Aire de repos.,TRUE,osm
Aire de repos,aire_repos,autoroute,,,France,43.9727528,4.4966637,TRUE,FALSE,FALSE,FALSE,FALSE,FALSE,,,FALSE,3.8,Aire de repos.,TRUE,osm
Aire de repos,aire_repos,autoroute,,,France,43.9721375,4.9890371,TRUE,FALSE,FALSE,FALSE,FALSE,FALSE,,,FALSE,3.8,Aire de repos.,TRUE,osm
Aire de repos,aire_repos,autoroute,,,France,43.965834,4.9661767,TRUE,FALSE,FALSE,FALSE,FALSE,FALSE,,,FALSE,3.8,Aire de repos.,TRUE,osm
Aire d'Estézargues-Nord,aire_repos,autoroute,,,France,43.9652261,4.6382676,TRUE,FALSE,FALSE,FALSE,FALSE,TRUE,,,FALSE,3.8,Aire de repos.,TRUE,osm
Aire des Quatre Routes,aire_repos,autoroute,,,France,43.9636831,3.158574,TRUE,FALSE,FALSE,FALSE,FALSE,FALSE,,,FALSE,3.8,Aire de repos.,TRUE,osm
Aire d'Estézargues-Sud,aire_repos,autoroute,,,France,43.9626694,4.6367061,TRUE,FALSE,FALSE,FALSE,FALSE,,,,FALSE,3.8,Aire de repos.,TRUE,osm
Aire de Lacourt Saint-Pierre,aire_repos,autoroute,,,France,43.9624013,1.2779432,TRUE,FALSE,FALSE,FALSE,FALSE,TRUE,,,FALSE,3.8,Aire de repos.,TRUE,osm
Aire de repos,aire_repos,autoroute,,,France,43.9608875,5.0417433,TRUE,FALSE,FALSE,FALSE,FALSE,FALSE,,,FALSE,3.8,Aire de repos.,TRUE,osm
Aire de repos,aire_repos,autoroute,,,France,43.960247,6.3394957,TRUE,FALSE,FALSE,FALSE,FALSE,FALSE,,,FALSE,3.8,Aire de repos.,TRUE,osm
Aire de repos,aire_repos,autoroute,,,France,43.9590647,6.509985,TRUE,FALSE,FALSE,FALSE,FALSE,,,,FALSE,3.8,Aire de repos.,TRUE,osm
Aire de repos,aire_repos,autoroute,,,France,43.9528549,1.1807411,TRUE,FALSE,FALSE,FALSE,FALSE,,,,FALSE,3.8,Aire de repos.,TRUE,osm
Aire de Reichard,aire_repos,autoroute,,,France,43.9519753,6.4174134,TRUE,FALSE,FALSE,FALSE,FALSE,FALSE,,,FALSE,3.8,Aire de repos.,TRUE,osm
Aire de repos,aire_repos,autoroute,,,France,43.9507341,5.0269839,TRUE,FALSE,FALSE,FALSE,FALSE,,,,FALSE,3.8,Aire de repos.,TRUE,osm
Aire du Marsan,aire_repos,autoroute,,,France,43.9477043,-0.3946911,TRUE,FALSE,FALSE,FALSE,FALSE,TRUE,,,FALSE,3.8,Aire de repos.,TRUE,osm
Aire de repos,aire_repos,autoroute,,,France,43.9474005,5.0502845,TRUE,FALSE,FALSE,FALSE,FALSE,,,,FALSE,3.8,Aire de repos.,TRUE,osm
Aire de repos,aire_repos,autoroute,,,France,43.9435876,4.6217816,TRUE,FALSE,FALSE,FALSE,FALSE,,,,FALSE,3.8,Aire de repos.,TRUE,osm
Aire de la Forêt de Montech,aire_repos,autoroute,,,France,43.941868,1.2938752,TRUE,FALSE,FALSE,FALSE,FALSE,TRUE,,,FALSE,3.8,Aire de repos.,TRUE,osm
Aire de repos,aire_repos,autoroute,,,France,43.9351318,5.282216,TRUE,FALSE,FALSE,FALSE,FALSE,FALSE,,,FALSE,3.8,Aire de repos.,TRUE,osm
Aire de repos,aire_repos,autoroute,,,France,43.9329367,2.3942147,TRUE,FALSE,FALSE,FALSE,FALSE,,,,FALSE,3.8,Aire de repos.,TRUE,osm
Aire de repos,aire_repos,autoroute,,,France,43.9301946,1.087331,TRUE,FALSE,FALSE,FALSE,FALSE,,,,FALSE,3.8,Aire de repos.,TRUE,osm
Aire de repos,aire_repos,autoroute,,,France,43.9280472,5.2081132,TRUE,FALSE,FALSE,FALSE,FALSE,FALSE,,,FALSE,3.8,Aire de repos.,TRUE,osm
Aire de repos,aire_repos,autoroute,,,France,43.9278884,5.083996,TRUE,FALSE,FALSE,FALSE,FALSE,FALSE,,,FALSE,3.8,Aire de repos.,TRUE,osm
Aire de repos,aire_repos,autoroute,,,France,43.9211708,5.192315,TRUE,FALSE,FALSE,FALSE,FALSE,FALSE,,,FALSE,3.8,Aire de repos.,TRUE,osm
Aire de repos,aire_repos,autoroute,,,France,43.9189715,5.0954913,TRUE,FALSE,FALSE,FALSE,FALSE,,,,FALSE,3.8,Aire de repos.,TRUE,osm
Aire de repos,aire_repos,autoroute,,,France,43.9187514,4.9479614,TRUE,FALSE,FALSE,FALSE,FALSE,FALSE,,,FALSE,3.8,Aire de repos.,TRUE,osm
Aire de repos,aire_repos,autoroute,,,France,43.9181806,5.0014342,TRUE,FALSE,FALSE,FALSE,FALSE,,,,FALSE,3.8,Aire de repos.,TRUE,osm
Aire de repos RD1,aire_repos,autoroute,,,France,43.9180859,4.9787294,TRUE,FALSE,FALSE,FALSE,FALSE,FALSE,,,FALSE,3.8,Aire de repos.,TRUE,osm
Aire de repos,aire_repos,autoroute,,,France,43.9153938,6.4110656,TRUE,FALSE,FALSE,FALSE,FALSE,,,,FALSE,3.8,Aire de repos.,TRUE,osm
Aire du Sage,aire_repos,autoroute,,,France,43.9111977,5.299884,TRUE,FALSE,FALSE,FALSE,FALSE,,,,FALSE,3.8,Aire de repos.,TRUE,osm
"Rocade Est, Saint-Avit",aire_repos,autoroute,,,France,43.9093472,-0.4486776,TRUE,FALSE,FALSE,FALSE,FALSE,FALSE,,,FALSE,3.8,Aire de repos.,TRUE,osm
Area di Gorleri,aire_repos,autoroute,,,France,43.9062823,8.0652194,TRUE,FALSE,FALSE,FALSE,TRUE,TRUE,,,FALSE,3.8,Aire de repos.,TRUE,osm
Aire de Ledenon,aire_repos,autoroute,,,France,43.9012419,4.5302438,TRUE,FALSE,FALSE,FALSE,FALSE,TRUE,,,FALSE,3.8,Aire de repos.,TRUE,osm
Aire de repos,aire_repos,autoroute,,,France,43.8940723,5.0440388,TRUE,FALSE,FALSE,FALSE,FALSE,FALSE,,,FALSE,3.8,Aire de repos.,TRUE,osm
Aire de repos,aire_repos,autoroute,,,France,43.8892596,4.9274917,TRUE,FALSE,FALSE,FALSE,FALSE,FALSE,,,FALSE,3.8,Aire de repos.,TRUE,osm
Aire de repos,aire_repos,autoroute,,,France,43.888416,5.1811865,TRUE,FALSE,FALSE,FALSE,FALSE,FALSE,,,FALSE,3.8,Aire de repos.,TRUE,osm
Aire de Campsas,aire_repos,autoroute,,,France,43.8880043,1.318417,TRUE,FALSE,FALSE,FALSE,FALSE,TRUE,,,FALSE,3.8,Aire de repos.,TRUE,osm
Aire de repos,aire_repos,autoroute,,,France,43.8873178,6.4334263,TRUE,FALSE,FALSE,FALSE,FALSE,,,,FALSE,3.8,Aire de repos.,TRUE,osm
Aire de Naudy,aire_repos,autoroute,,,France,43.8871763,1.3162204,TRUE,FALSE,FALSE,FALSE,FALSE,TRUE,,,FALSE,3.8,Aire de repos.,TRUE,osm
Aire de repos,aire_repos,autoroute,,,France,43.8848158,5.3623848,TRUE,FALSE,FALSE,FALSE,FALSE,,,,FALSE,3.8,Aire de repos.,TRUE,osm
Aire de Noves,aire_repos,autoroute,,,France,43.8799279,4.9285588,TRUE,FALSE,FALSE,FALSE,FALSE,,,,FALSE,3.8,Aire de repos.,TRUE,osm
Aire de repos,aire_repos,autoroute,,,France,43.8797112,7.9059598,TRUE,FALSE,FALSE,FALSE,FALSE,,,,FALSE,3.8,Aire de repos.,TRUE,osm
Canevà,aire_repos,autoroute,,,France,43.8796826,7.9059898,TRUE,FALSE,FALSE,FALSE,FALSE,,,,FALSE,3.8,Aire de repos.,TRUE,osm
Aire de repos,aire_repos,autoroute,,,France,43.8791929,5.4285168,TRUE,FALSE,FALSE,FALSE,FALSE,FALSE,,,FALSE,3.8,Aire de repos.,TRUE,osm
Aire de repos,aire_repos,autoroute,,,France,43.87891,7.2303351,TRUE,FALSE,FALSE,FALSE,FALSE,,,,FALSE,3.8,Aire de repos.,TRUE,osm
Aire de Cabannes,aire_repos,autoroute,,,France,43.8767069,4.9394871,TRUE,FALSE,FALSE,FALSE,FALSE,TRUE,,,FALSE,3.8,Aire de repos.,TRUE,osm
Aire de repos,aire_repos,autoroute,,,France,43.8734044,7.1939201,TRUE,FALSE,FALSE,FALSE,FALSE,FALSE,,,FALSE,3.8,Aire de repos.,TRUE,osm
Aire de repos,aire_repos,autoroute,,,France,43.8722155,3.2180951,TRUE,FALSE,FALSE,FALSE,FALSE,,,,FALSE,3.8,Aire de repos.,TRUE,osm
Pont Julien,aire_repos,autoroute,,,France,43.86449,5.3057267,TRUE,FALSE,FALSE,FALSE,FALSE,,,,FALSE,3.8,Aire de repos.,TRUE,osm
Aire des Issarts,aire_repos,autoroute,,,France,43.8634871,1.8969113,TRUE,FALSE,FALSE,FALSE,FALSE,TRUE,,,FALSE,3.8,Aire de repos.,TRUE,osm
Aire de repos,aire_repos,autoroute,,,France,43.8612638,5.2203364,TRUE,FALSE,FALSE,FALSE,FALSE,FALSE,,,FALSE,3.8,Aire de repos.,TRUE,osm
Aire de repos,aire_repos,autoroute,,,France,43.8600486,5.2136301,TRUE,FALSE,FALSE,FALSE,FALSE,FALSE,,,FALSE,3.8,Aire de repos.,TRUE,osm
Aire de repos,aire_repos,autoroute,,,France,43.8596444,5.6352231,TRUE,FALSE,FALSE,FALSE,FALSE,,,,FALSE,3.8,Aire de repos.,TRUE,osm
Aire de repos,aire_repos,autoroute,,,France,43.8591863,5.229838,TRUE,FALSE,FALSE,FALSE,FALSE,,,,FALSE,3.8,Aire de repos.,TRUE,osm
Aire de repos,aire_repos,autoroute,,,France,43.8591486,5.4728845,TRUE,FALSE,FALSE,FALSE,FALSE,FALSE,,,FALSE,3.8,Aire de repos.,TRUE,osm
Aire de repos,aire_repos,autoroute,,,France,43.8565095,3.9312069,TRUE,FALSE,FALSE,FALSE,FALSE,,,,FALSE,3.8,Aire de repos.,TRUE,osm
Camper,aire_repos,autoroute,,,France,43.8542683,4.6090243,TRUE,FALSE,FALSE,FALSE,FALSE,,,,FALSE,3.8,Aire de repos.,TRUE,osm
Aire de repos,aire_repos,autoroute,,,France,43.8539391,7.1976823,TRUE,FALSE,FALSE,FALSE,FALSE,,,,FALSE,3.8,Aire de repos.,TRUE,osm
Aire de repos,aire_repos,autoroute,,,France,43.85386,5.5433394,TRUE,FALSE,FALSE,FALSE,FALSE,FALSE,,,FALSE,3.8,Aire de repos.,TRUE,osm
Aire de Sanbatan,aire_repos,autoroute,,,France,43.8517608,1.8811235,TRUE,FALSE,FALSE,FALSE,FALSE,TRUE,,,FALSE,3.8,Aire de repos.,TRUE,osm
Aire de repos,aire_repos,autoroute,,,France,43.8427452,5.4555817,TRUE,FALSE,FALSE,FALSE,FALSE,FALSE,,,FALSE,3.8,Aire de repos.,TRUE,osm
Aire de repos,aire_repos,autoroute,,,France,43.8418906,5.1647273,TRUE,FALSE,FALSE,FALSE,FALSE,,,,FALSE,3.8,Aire de repos.,TRUE,osm
Aire de repos,aire_repos,autoroute,,,France,43.84126,7.9132038,TRUE,FALSE,FALSE,FALSE,FALSE,,,,FALSE,3.8,Aire de repos.,TRUE,osm
Aire de repos,aire_repos,autoroute,,,France,43.8351483,7.8674137,TRUE,FALSE,FALSE,FALSE,FALSE,,,,FALSE,3.8,Aire de repos.,TRUE,osm
Aire de repos,aire_repos,autoroute,,,France,43.8348006,7.8658065,TRUE,FALSE,FALSE,FALSE,FALSE,,,,FALSE,3.8,Aire de repos.,TRUE,osm
Aire de repos,aire_repos,autoroute,,,France,43.8333561,7.8590943,TRUE,FALSE,FALSE,FALSE,FALSE,,,,FALSE,3.8,Aire de repos.,TRUE,osm
Aire de Cavaillon,aire_repos,autoroute,,,France,43.8320116,5.0095371,TRUE,FALSE,FALSE,FALSE,FALSE,TRUE,,,FALSE,3.8,Aire de repos.,TRUE,osm
Aire de Cavaillon - Plan d'Orgon,aire_repos,autoroute,,,France,43.8292198,5.017075,TRUE,FALSE,FALSE,FALSE,FALSE,TRUE,,,FALSE,3.8,Aire de repos.,TRUE,osm
Aire de repos,aire_repos,autoroute,,,France,43.8267297,5.3149877,TRUE,FALSE,FALSE,FALSE,FALSE,,,,FALSE,3.8,Aire de repos.,TRUE,osm
Aire de repos,aire_repos,autoroute,,,France,43.8261797,7.8414572,TRUE,FALSE,FALSE,FALSE,FALSE,FALSE,,,FALSE,3.8,Aire de repos.,TRUE,osm
Aire de repos,aire_repos,autoroute,,,France,43.8252557,1.526349,TRUE,FALSE,FALSE,FALSE,FALSE,,,,FALSE,3.8,Aire de repos.,TRUE,osm
Aire de repos,aire_repos,autoroute,,,France,43.823915,7.4817384,TRUE,FALSE,FALSE,FALSE,FALSE,FALSE,,,FALSE,3.8,Aire de repos.,TRUE,osm
Aire de repos,aire_repos,autoroute,,,France,43.8211601,3.6156028,TRUE,FALSE,FALSE,FALSE,FALSE,,,,FALSE,3.8,Aire de repos.,TRUE,osm
Aire de repos,aire_repos,autoroute,,,France,43.8201481,7.8211704,TRUE,FALSE,FALSE,FALSE,FALSE,,,,FALSE,3.8,Aire de repos.,TRUE,osm
Aire de repos,aire_repos,autoroute,,,France,43.8197028,1.245888,TRUE,FALSE,FALSE,FALSE,FALSE,,,,FALSE,3.8,Aire de repos.,TRUE,osm
Aire de repos,aire_repos,autoroute,,,France,43.8194876,7.8359784,TRUE,FALSE,FALSE,FALSE,FALSE,,,,FALSE,3.8,Aire de repos.,TRUE,osm
Aire de repos,aire_repos,autoroute,,,France,43.8183574,7.8255613,TRUE,FALSE,FALSE,FALSE,FALSE,,,,FALSE,3.8,Aire de repos.,TRUE,osm
Aire du Belvédère de l'Escalette,aire_repos,autoroute,,,France,43.8158509,3.3185668,TRUE,FALSE,FALSE,FALSE,FALSE,,,,FALSE,3.8,Aire de repos.,TRUE,osm
Aire de repos,aire_repos,autoroute,,,France,43.8143773,5.2815219,TRUE,FALSE,FALSE,FALSE,FALSE,,,,FALSE,3.8,Aire de repos.,TRUE,osm
Aire de repos,aire_repos,autoroute,,,France,43.8073417,-0.8980485,TRUE,FALSE,FALSE,FALSE,FALSE,,,,FALSE,3.8,Aire de repos.,TRUE,osm
Aire de Magescq-Ouest,aire_repos,autoroute,,,France,43.8049269,-1.2016132,TRUE,FALSE,FALSE,FALSE,FALSE,TRUE,,,FALSE,3.8,Aire de repos.,TRUE,osm
Aire de Magescq-Est,aire_repos,autoroute,,,France,43.8008866,-1.2024449,TRUE,FALSE,FALSE,FALSE,FALSE,TRUE,,,FALSE,3.8,Aire de repos.,TRUE,osm
Aire de Milhaud Nord,aire_repos,autoroute,,,France,43.7884502,4.2984132,TRUE,FALSE,FALSE,FALSE,FALSE,,,,FALSE,3.8,Aire de repos.,TRUE,osm
Aire de Caissargues,aire_repos,autoroute,,,France,43.7881434,4.4021432,TRUE,FALSE,FALSE,FALSE,FALSE,TRUE,,,FALSE,3.8,Aire de repos.,TRUE,osm
Aire de Milhaud Sud,aire_repos,autoroute,,,France,43.78701,4.2982821,TRUE,FALSE,FALSE,FALSE,FALSE,TRUE,,,FALSE,3.8,Aire de repos.,TRUE,osm
Aire de repos,aire_repos,autoroute,,,France,43.7834138,7.5467332,TRUE,FALSE,FALSE,FALSE,FALSE,FALSE,,,FALSE,3.8,Aire de repos.,TRUE,osm
Aire de repos,aire_repos,autoroute,,,France,43.7766086,6.6432536,TRUE,FALSE,FALSE,FALSE,FALSE,,,,FALSE,3.8,Aire de repos.,TRUE,osm
Aire de repos,aire_repos,autoroute,,,France,43.7698633,0.8850088,TRUE,FALSE,FALSE,FALSE,FALSE,,,,FALSE,3.8,Aire de repos.,TRUE,osm
Aire de repos de vaugines,aire_repos,autoroute,,,France,43.7668972,5.406321,TRUE,FALSE,FALSE,FALSE,FALSE,,,,FALSE,3.8,Aire de repos.,TRUE,osm
Aire de repos,aire_repos,autoroute,,,France,43.7665226,4.9450895,TRUE,FALSE,FALSE,FALSE,FALSE,,,,FALSE,3.8,Aire de repos.,TRUE,osm
Aire de repos,aire_repos,autoroute,,,France,43.762325,5.5444434,TRUE,FALSE,FALSE,FALSE,FALSE,,,,FALSE,3.8,Aire de repos.,TRUE,osm
Aire de Sénas,aire_repos,autoroute,,,France,43.7594343,5.0797023,TRUE,FALSE,FALSE,FALSE,FALSE,TRUE,,,FALSE,3.8,Aire de repos.,TRUE,osm
Aire des truites,aire_repos,autoroute,,,France,43.7548484,5.2312399,TRUE,FALSE,FALSE,FALSE,FALSE,FALSE,,,FALSE,3.8,Aire de repos.,TRUE,osm
Aire de repos,aire_repos,autoroute,,,France,43.7535423,5.2252444,TRUE,FALSE,FALSE,FALSE,FALSE,FALSE,,,FALSE,3.8,Aire de repos.,TRUE,osm
Aire de Vergèze,aire_repos,autoroute,,,France,43.7514746,4.2261089,TRUE,FALSE,FALSE,FALSE,FALSE,TRUE,,,FALSE,3.8,Aire de repos.,TRUE,osm
Aire de Vergèze,aire_repos,autoroute,,,France,43.7494269,4.2121806,TRUE,FALSE,FALSE,FALSE,FALSE,TRUE,,,FALSE,3.8,Aire de repos.,TRUE,osm
Aire de repos,aire_repos,autoroute,,,France,43.7471941,5.2974246,TRUE,FALSE,FALSE,FALSE,FALSE,FALSE,,,FALSE,3.8,Aire de repos.,TRUE,osm
Aire du Rec Daïs Cerieïs,aire_repos,autoroute,,,France,43.7465783,2.8233483,TRUE,FALSE,FALSE,FALSE,FALSE,,,,FALSE,3.8,Aire de repos.,TRUE,osm
Aire de repos,aire_repos,autoroute,,,France,43.7415892,5.1767592,TRUE,FALSE,FALSE,FALSE,FALSE,FALSE,,,FALSE,3.8,Aire de repos.,TRUE,osm
Aire de repos,aire_repos,autoroute,,,France,43.7364106,0.3600824,TRUE,FALSE,FALSE,FALSE,FALSE,,,,FALSE,3.8,Aire de repos.,TRUE,osm
Aire de repos,aire_repos,autoroute,,,France,43.7332246,5.7362977,TRUE,FALSE,FALSE,FALSE,FALSE,FALSE,,,FALSE,3.8,Aire de repos.,TRUE,osm
Aire de Gémil,aire_repos,autoroute,,,France,43.7323559,1.5908128,TRUE,FALSE,FALSE,FALSE,FALSE,,,,FALSE,3.8,Aire de repos.,TRUE,osm
Aire de repos,aire_repos,autoroute,,,France,43.7176047,5.496694,TRUE,FALSE,FALSE,FALSE,FALSE,FALSE,,,FALSE,3.8,Aire de repos.,TRUE,osm
Aire de repos,aire_repos,autoroute,,,France,43.7157994,0.4234537,TRUE,FALSE,FALSE,FALSE,FALSE,,,,FALSE,3.8,Aire de repos.,TRUE,osm
Aire de repos,aire_repos,autoroute,,,France,43.7132874,5.7169667,TRUE,FALSE,FALSE,FALSE,FALSE,FALSE,,,FALSE,3.8,Aire de repos.,TRUE,osm
Aire de repos,aire_repos,autoroute,,,France,43.7121014,5.6964284,TRUE,FALSE,FALSE,FALSE,FALSE,FALSE,,,FALSE,3.8,Aire de repos.,TRUE,osm
Aire de repos,aire_repos,autoroute,,,France,43.7104953,5.5218037,TRUE,FALSE,FALSE,FALSE,FALSE,FALSE,,,FALSE,3.8,Aire de repos.,TRUE,osm
Aire de repos,aire_repos,autoroute,,,France,43.706688,5.6415719,TRUE,FALSE,FALSE,FALSE,FALSE,FALSE,,,FALSE,3.8,Aire de repos.,TRUE,osm
Aire de repos,aire_repos,autoroute,,,France,43.7052519,5.6319551,TRUE,FALSE,FALSE,FALSE,FALSE,FALSE,,,FALSE,3.8,Aire de repos.,TRUE,osm
picnic area,aire_repos,autoroute,,,France,43.7046667,5.7658883,TRUE,FALSE,FALSE,FALSE,FALSE,,,,FALSE,3.8,Aire de repos.,TRUE,osm
Aire de Lunel,aire_repos,autoroute,,,France,43.7036265,4.1192982,TRUE,FALSE,FALSE,FALSE,FALSE,,,,FALSE,3.8,Aire de repos.,TRUE,osm
Aire de repos,aire_repos,autoroute,,,France,43.7017336,5.7185776,TRUE,FALSE,FALSE,FALSE,FALSE,FALSE,,,FALSE,3.8,Aire de repos.,TRUE,osm
Aire de repos,aire_repos,autoroute,,,France,43.6971118,0.0730178,TRUE,FALSE,FALSE,FALSE,FALSE,,,,FALSE,3.8,Aire de repos.,TRUE,osm
"Barbecue, eau, éclairage, sous abri.",aire_repos,autoroute,,,France,43.6921082,2.426473,TRUE,FALSE,FALSE,FALSE,FALSE,,,,FALSE,3.8,Aire de repos.,TRUE,osm
Aire de Jouques,aire_repos,autoroute,,,France,43.6911818,5.6831533,TRUE,FALSE,FALSE,FALSE,FALSE,TRUE,,,FALSE,3.8,Aire de repos.,TRUE,osm
Aire de Nabrigas,aire_repos,autoroute,,,France,43.6895062,4.0611427,TRUE,FALSE,FALSE,FALSE,FALSE,TRUE,,,FALSE,3.8,Aire de repos.,TRUE,osm
Aire de Lamanon,aire_repos,autoroute,,,France,43.6873675,5.0967358,TRUE,FALSE,FALSE,FALSE,FALSE,TRUE,,,FALSE,3.8,Aire de repos.,TRUE,osm
Aire du Pont de Mirabeau,aire_repos,autoroute,,,France,43.685271,5.6597283,TRUE,FALSE,FALSE,FALSE,FALSE,TRUE,,,FALSE,3.8,Aire de repos.,TRUE,osm
Aire de Saubion,aire_repos,autoroute,,,France,43.679981,-1.3054794,TRUE,FALSE,FALSE,FALSE,FALSE,,,,FALSE,3.8,Aire de repos.,TRUE,osm
Aire de repos,aire_repos,autoroute,,,France,43.6770245,5.2243837,TRUE,FALSE,FALSE,FALSE,FALSE,,,,FALSE,3.8,Aire de repos.,TRUE,osm
Aire de repos,aire_repos,autoroute,,,France,43.6740806,6.2250168,TRUE,FALSE,FALSE,FALSE,FALSE,,,,FALSE,3.8,Aire de repos.,TRUE,osm
Aire de repos,aire_repos,autoroute,,,France,43.672945,6.7726892,TRUE,FALSE,FALSE,FALSE,FALSE,,,,FALSE,3.8,Aire de repos.,TRUE,osm
Aire de repos,aire_repos,autoroute,,,France,43.6724569,-0.275624,TRUE,FALSE,FALSE,FALSE,FALSE,,,,FALSE,3.8,Aire de repos.,TRUE,osm
Aire du Chêne de l'Empereur,aire_repos,autoroute,,,France,43.6667763,6.9194083,TRUE,FALSE,FALSE,FALSE,FALSE,,,,FALSE,3.8,Aire de repos.,TRUE,osm
Aire de la gare de péage Pertuis Sud,aire_repos,autoroute,,,France,43.6612995,5.5056658,TRUE,FALSE,FALSE,FALSE,FALSE,,,,FALSE,3.8,Aire de repos.,TRUE,osm
Aire de repos,aire_repos,autoroute,,,France,43.6611604,5.5013918,TRUE,FALSE,FALSE,FALSE,FALSE,,,,FALSE,3.8,Aire de repos.,TRUE,osm
Aire de repos,aire_repos,autoroute,,,France,43.6596112,1.4269559,TRUE,FALSE,FALSE,FALSE,FALSE,,,,FALSE,3.8,Aire de repos.,TRUE,osm
Aire de repos,aire_repos,autoroute,,,France,43.657663,-0.2736551,TRUE,FALSE,FALSE,FALSE,FALSE,FALSE,,,FALSE,3.8,Aire de repos.,TRUE,osm
Les Chataigniers,aire_repos,autoroute,,,France,43.6493686,3.958404,TRUE,FALSE,FALSE,FALSE,FALSE,,,,FALSE,3.8,Aire de repos.,TRUE,osm
Aire de repos D112,aire_repos,autoroute,,,France,43.6426472,2.0273512,TRUE,FALSE,FALSE,FALSE,FALSE,,,,FALSE,3.8,Aire de repos.,TRUE,osm
Aire du Merle Nord,aire_repos,autoroute,,,France,43.6394033,4.9870909,TRUE,FALSE,FALSE,FALSE,FALSE,TRUE,,,FALSE,3.8,Aire de repos.,TRUE,osm
Aire du péage de Saint-Martin-De-Crau,aire_repos,autoroute,,,France,43.637595,4.8596304,TRUE,FALSE,FALSE,FALSE,FALSE,TRUE,,,FALSE,3.8,Aire de repos.,TRUE,osm
Aire du Merle Sud,aire_repos,autoroute,,,France,43.6375426,4.9839976,TRUE,FALSE,FALSE,FALSE,FALSE,TRUE,,,FALSE,3.8,Aire de repos.,TRUE,osm
Aire de Meyrargues,aire_repos,autoroute,,,France,43.6322198,5.4951862,TRUE,FALSE,FALSE,FALSE,FALSE,TRUE,,,FALSE,3.8,Aire de repos.,TRUE,osm
Aire de repos,aire_repos,autoroute,,,France,43.6291397,6.8705623,TRUE,FALSE,FALSE,FALSE,FALSE,,,,FALSE,3.8,Aire de repos.,TRUE,osm
Aire de repos,aire_repos,autoroute,,,France,43.6187357,-0.333333,TRUE,FALSE,FALSE,FALSE,FALSE,,,,FALSE,3.8,Aire de repos.,TRUE,osm
Lançon-Provence,aire_repos,autoroute,,,France,43.5930388,5.1743669,TRUE,FALSE,FALSE,FALSE,FALSE,TRUE,,,FALSE,3.8,Aire de repos.,TRUE,osm
Aire de L'Isle Jourdain en Gascogne,aire_repos,autoroute,,,France,43.5904791,1.1274581,TRUE,FALSE,FALSE,FALSE,FALSE,,,,FALSE,3.8,Aire de repos.,TRUE,osm
Aire de repos,aire_repos,autoroute,,,France,43.589415,6.5292566,TRUE,FALSE,FALSE,FALSE,FALSE,,,,FALSE,3.8,Aire de repos.,TRUE,osm
Aire de Rudelle,aire_repos,autoroute,,,France,43.5884834,1.1262129,TRUE,FALSE,FALSE,FALSE,FALSE,,,,FALSE,3.8,Aire de repos.,TRUE,osm
Aire de repos,aire_repos,autoroute,,,France,43.5856365,1.5760023,TRUE,FALSE,FALSE,FALSE,FALSE,FALSE,,,FALSE,3.8,Aire de repos.,TRUE,osm
Aire du Picolaret,aire_repos,autoroute,,,France,43.5812787,7.0162395,TRUE,FALSE,FALSE,FALSE,FALSE,TRUE,,,FALSE,3.8,Aire de repos.,TRUE,osm
Aire de repos,aire_repos,autoroute,,,France,43.5771566,6.6213045,TRUE,FALSE,FALSE,FALSE,FALSE,,,,FALSE,3.8,Aire de repos.,TRUE,osm
Aire de repos,aire_repos,autoroute,,,France,43.5713922,6.5073225,TRUE,FALSE,FALSE,FALSE,FALSE,,,,FALSE,3.8,Aire de repos.,TRUE,osm
Aire du Château d'Avignon,aire_repos,autoroute,,,France,43.5524322,4.4065422,TRUE,FALSE,FALSE,FALSE,FALSE,FALSE,,,FALSE,3.8,Aire de repos.,TRUE,osm
Aire de Ventabren Nord,aire_repos,autoroute,,,France,43.5512233,5.3198419,TRUE,FALSE,FALSE,FALSE,FALSE,TRUE,,,FALSE,3.8,Aire de repos.,TRUE,osm
Aire de repos,aire_repos,autoroute,,,France,43.5509863,0.4913507,TRUE,FALSE,FALSE,FALSE,FALSE,FALSE,,,FALSE,3.8,Aire de repos.,TRUE,osm
Aire de Ventabren Sud,aire_repos,autoroute,,,France,43.5504063,5.3192567,TRUE,FALSE,FALSE,FALSE,FALSE,TRUE,,,FALSE,3.8,Aire de repos.,TRUE,osm
Aire de repos,aire_repos,autoroute,,,France,43.5481915,1.498511,TRUE,FALSE,FALSE,FALSE,FALSE,TRUE,,,FALSE,3.8,Aire de repos.,TRUE,osm
Aire de repos,aire_repos,autoroute,,,France,43.5433089,-1.1008748,TRUE,FALSE,FALSE,FALSE,FALSE,,,,FALSE,3.8,Aire de repos.,TRUE,osm
Aire de Paulhan,aire_repos,autoroute,,,France,43.5431662,3.4445849,TRUE,FALSE,FALSE,FALSE,FALSE,TRUE,,,FALSE,3.8,Aire de repos.,TRUE,osm
Aire de Paulhan,aire_repos,autoroute,,,France,43.541251,3.4460015,TRUE,FALSE,FALSE,FALSE,FALSE,TRUE,,,FALSE,3.8,Aire de repos.,TRUE,osm
Aire d'Observation,aire_repos,autoroute,,,France,43.537294,3.9492839,TRUE,FALSE,FALSE,FALSE,FALSE,FALSE,,,FALSE,3.8,Aire de repos.,TRUE,osm
Péage de Sames,aire_repos,autoroute,,,France,43.5296181,-1.1889879,TRUE,FALSE,FALSE,FALSE,FALSE,,,,FALSE,3.8,Aire de repos.,TRUE,osm
Aire de repos,aire_repos,autoroute,,,France,43.5176344,4.3675718,TRUE,FALSE,FALSE,FALSE,FALSE,,,,FALSE,3.8,Aire de repos.,TRUE,osm
Aire de repos,aire_repos,autoroute,,,France,43.5116585,-0.4435552,TRUE,FALSE,FALSE,FALSE,FALSE,,,,FALSE,3.8,Aire de repos.,TRUE,osm
Total Access - Relais Pont de l'Arc,aire_repos,autoroute,,,France,43.5086281,5.4391317,TRUE,FALSE,FALSE,FALSE,FALSE,,,,FALSE,3.8,Aire de repos.,TRUE,osm
Aire du Reyran,aire_repos,autoroute,,,France,43.5010991,6.7571644,TRUE,FALSE,FALSE,FALSE,TRUE,TRUE,,,FALSE,3.8,Aire de repos.,TRUE,osm
Aire de la Gardiole,aire_repos,autoroute,,,France,43.5008766,3.7852851,TRUE,FALSE,FALSE,FALSE,FALSE,FALSE,,,FALSE,3.8,Aire de repos.,TRUE,osm
Aire de Gigean,aire_repos,autoroute,,,France,43.4932527,3.718587,TRUE,FALSE,FALSE,FALSE,FALSE,,,,FALSE,3.8,Aire de repos.,TRUE,osm
Aire de repos,aire_repos,autoroute,,,France,43.4902729,-0.514026,TRUE,FALSE,FALSE,FALSE,FALSE,,,,FALSE,3.8,Aire de repos.,TRUE,osm
Aire de repos,aire_repos,autoroute,,,France,43.4861601,5.6751705,TRUE,FALSE,FALSE,FALSE,FALSE,FALSE,,,FALSE,3.8,Aire de repos.,TRUE,osm
Aire du Haut de Départ,aire_repos,autoroute,,,France,43.4795493,-0.7760995,TRUE,FALSE,FALSE,FALSE,FALSE,,,,FALSE,3.8,Aire de repos.,TRUE,osm
Aire de repos,aire_repos,autoroute,,,France,43.4778281,5.7576946,TRUE,FALSE,FALSE,FALSE,FALSE,,,,FALSE,3.8,Aire de repos.,TRUE,osm
Aire de Magret,aire_repos,autoroute,,,France,43.4775937,-0.7852009,TRUE,FALSE,FALSE,FALSE,FALSE,TRUE,,,FALSE,3.8,Aire de repos.,TRUE,osm
Aire de repos,aire_repos,autoroute,,,France,43.4723809,-3.9161601,TRUE,FALSE,FALSE,FALSE,FALSE,,,,FALSE,3.8,Aire de repos.,TRUE,osm
Aire de Saint-Hilaire,aire_repos,autoroute,,,France,43.4718857,5.8150937,TRUE,FALSE,FALSE,FALSE,FALSE,,,,FALSE,3.8,Aire de repos.,TRUE,osm
Aire de repos,aire_repos,autoroute,,,France,43.47119,2.8357053,TRUE,FALSE,FALSE,FALSE,FALSE,,,,FALSE,3.8,Aire de repos.,TRUE,osm
Aire de repos,aire_repos,autoroute,,,France,43.4694672,5.7786518,TRUE,FALSE,FALSE,FALSE,FALSE,FALSE,,,FALSE,3.8,Aire de repos.,TRUE,osm
Aire de repos,aire_repos,autoroute,,,France,43.4688567,6.7275942,TRUE,FALSE,FALSE,FALSE,FALSE,,,,FALSE,3.8,Aire de repos.,TRUE,osm
Aire du Béarn Vert et Or,aire_repos,autoroute,,,France,43.4686569,-0.3204573,TRUE,FALSE,FALSE,FALSE,FALSE,TRUE,,,FALSE,3.8,Aire de repos.,TRUE,osm
Aire de Barcelone,aire_repos,autoroute,,,France,43.46857,5.8339073,TRUE,FALSE,FALSE,FALSE,TRUE,TRUE,,,FALSE,3.8,Aire de repos.,TRUE,osm
Aire de repos,aire_repos,autoroute,,,France,43.4650378,2.8016757,TRUE,FALSE,FALSE,FALSE,FALSE,,,,FALSE,3.8,Aire de repos.,TRUE,osm
Aire de Jas Pellicot,aire_repos,autoroute,,,France,43.4644294,6.6764107,TRUE,FALSE,FALSE,FALSE,TRUE,TRUE,,,FALSE,3.8,Aire de repos.,TRUE,osm
Aire de repos,aire_repos,autoroute,,,France,43.46358,-1.5746822,TRUE,FALSE,FALSE,FALSE,FALSE,FALSE,,,FALSE,3.8,Aire de repos.,TRUE,osm
Aire de repos,aire_repos,autoroute,,,France,43.463091,1.3254236,TRUE,FALSE,FALSE,FALSE,FALSE,,,,FALSE,3.8,Aire de repos.,TRUE,osm
Aire de Loupian Georges Brassens,aire_repos,autoroute,,,France,43.4628709,3.6302192,TRUE,FALSE,FALSE,FALSE,FALSE,TRUE,,,FALSE,3.8,Aire de repos.,TRUE,osm
Aire de repos,aire_repos,autoroute,,,France,43.4513611,-3.9434193,TRUE,FALSE,FALSE,FALSE,FALSE,,,,FALSE,3.8,Aire de repos.,TRUE,osm
Aire de Mèze,aire_repos,autoroute,,,France,43.4510032,3.5878084,TRUE,FALSE,FALSE,FALSE,FALSE,,,,FALSE,3.8,Aire de repos.,TRUE,osm
Aire de la Louisiane,aire_repos,autoroute,,,France,43.4467487,4.7266968,TRUE,FALSE,FALSE,FALSE,FALSE,,,,FALSE,3.8,Aire de repos.,TRUE,osm
Aire de Constantin,aire_repos,autoroute,,,France,43.4433174,4.7245999,TRUE,FALSE,FALSE,FALSE,FALSE,,,,FALSE,3.8,Aire de repos.,TRUE,osm
Aire de repos,aire_repos,autoroute,,,France,43.4407995,-2.7708194,TRUE,FALSE,FALSE,FALSE,FALSE,,,,FALSE,3.8,Aire de repos.,TRUE,osm
Aire d'Ayguesvives,aire_repos,autoroute,,,France,43.4380235,1.6149326,TRUE,FALSE,FALSE,FALSE,FALSE,TRUE,,,FALSE,3.8,Aire de repos.,TRUE,osm
Aire de Baziège,aire_repos,autoroute,,,France,43.436888,1.6186006,TRUE,FALSE,FALSE,FALSE,FALSE,TRUE,,,FALSE,3.8,Aire de repos.,TRUE,osm
Aire de repos,aire_repos,autoroute,,,France,43.4321513,5.0454486,TRUE,FALSE,FALSE,FALSE,FALSE,FALSE,,,FALSE,3.8,Aire de repos.,TRUE,osm
Aire de repos,aire_repos,autoroute,,,France,43.4233631,5.9063154,TRUE,FALSE,FALSE,FALSE,FALSE,FALSE,,,FALSE,3.8,Aire de repos.,TRUE,osm
Aire de repos,aire_repos,autoroute,,,France,43.4178135,-2.709789,TRUE,FALSE,FALSE,FALSE,FALSE,,,,FALSE,3.8,Aire de repos.,TRUE,osm
Aire de repos,aire_repos,autoroute,,,France,43.4104477,-0.8512712,TRUE,FALSE,FALSE,FALSE,FALSE,,,,FALSE,3.8,Aire de repos.,TRUE,osm
Aire de repos,aire_repos,autoroute,,,France,43.4061829,-1.6284954,TRUE,FALSE,FALSE,FALSE,FALSE,FALSE,,,FALSE,3.8,Aire de repos.,TRUE,osm
Aire de Candumy,aire_repos,autoroute,,,France,43.405145,6.1991488,TRUE,FALSE,FALSE,FALSE,FALSE,TRUE,,,FALSE,3.8,Aire de repos.,TRUE,osm
Aire de repos,aire_repos,autoroute,,,France,43.4046483,-3.6233897,TRUE,FALSE,FALSE,FALSE,FALSE,TRUE,,,FALSE,3.8,Aire de repos.,TRUE,osm
Aire du Roudaï,aire_repos,autoroute,,,France,43.4043532,6.2013384,TRUE,FALSE,FALSE,FALSE,FALSE,,,,FALSE,3.8,Aire de repos.,TRUE,osm
Aire de repos,aire_repos,autoroute,,,France,43.4035442,-3.3098914,TRUE,FALSE,FALSE,FALSE,FALSE,,,,FALSE,3.8,Aire de repos.,TRUE,osm
Aire de repos,aire_repos,autoroute,,,France,43.4024639,1.9579113,TRUE,FALSE,FALSE,FALSE,FALSE,FALSE,,,FALSE,3.8,Aire de repos.,TRUE,osm
Aire de repos,aire_repos,autoroute,,,France,43.3969604,-3.3577737,TRUE,FALSE,FALSE,FALSE,FALSE,,,,FALSE,3.8,Aire de repos.,TRUE,osm
Aire de Florensac,aire_repos,autoroute,,,France,43.3963801,3.4694087,TRUE,FALSE,FALSE,FALSE,FALSE,TRUE,,,FALSE,3.8,Aire de repos.,TRUE,osm
Aire de repos,aire_repos,autoroute,,,France,43.3919261,-4.5810979,TRUE,FALSE,FALSE,FALSE,FALSE,,,,FALSE,3.8,Aire de repos.,TRUE,osm
Aire de Villefranche,aire_repos,autoroute,,,France,43.3913406,1.7164781,TRUE,FALSE,FALSE,FALSE,FALSE,TRUE,,,FALSE,3.8,Aire de repos.,TRUE,osm
Aire de Renneville,aire_repos,autoroute,,,France,43.3910697,1.712039,TRUE,FALSE,FALSE,FALSE,FALSE,TRUE,,,FALSE,3.8,Aire de repos.,TRUE,osm
Aire de repos,aire_repos,autoroute,,,France,43.3880651,-3.4481067,TRUE,FALSE,FALSE,FALSE,FALSE,,,,FALSE,3.8,Aire de repos.,TRUE,osm
Aire de repos,aire_repos,autoroute,,,France,43.3830858,-4.3850124,TRUE,FALSE,FALSE,FALSE,FALSE,,,,FALSE,3.8,Aire de repos.,TRUE,osm
Aire de repos,aire_repos,autoroute,,,France,43.372667,-1.3880349,TRUE,FALSE,FALSE,FALSE,FALSE,,,,FALSE,3.8,Aire de repos.,TRUE,osm
Aire de repos,aire_repos,autoroute,,,France,43.3687372,-4.4837871,TRUE,FALSE,FALSE,FALSE,FALSE,FALSE,,,FALSE,3.8,Aire de repos.,TRUE,osm
Aire de repos,aire_repos,autoroute,,,France,43.3627581,-3.1939953,TRUE,FALSE,FALSE,FALSE,FALSE,,,,FALSE,3.8,Aire de repos.,TRUE,osm
Aire de repos,aire_repos,autoroute,,,France,43.3600795,-0.765881,TRUE,FALSE,FALSE,FALSE,FALSE,,,,FALSE,3.8,Aire de repos.,TRUE,osm
Aire d'Urrugne,aire_repos,autoroute,,,France,43.3593223,-1.6956532,TRUE,FALSE,FALSE,FALSE,FALSE,,,,FALSE,3.8,Aire de repos.,TRUE,osm
Aire de repos,aire_repos,autoroute,,,France,43.3572442,-1.734923,TRUE,FALSE,FALSE,FALSE,FALSE,FALSE,,,FALSE,3.8,Aire de repos.,TRUE,osm
Aire de repos,aire_repos,autoroute,,,France,43.3537773,-4.0932224,TRUE,FALSE,FALSE,FALSE,FALSE,,,,FALSE,3.8,Aire de repos.,TRUE,osm
Aire de repos,aire_repos,autoroute,,,France,43.3485868,-3.8471931,TRUE,FALSE,FALSE,FALSE,FALSE,TRUE,,,FALSE,3.8,Aire de repos.,TRUE,osm
Aire de la gare de péage de Béziers Cabrials,aire_repos,autoroute,,,France,43.3445819,3.2876163,TRUE,FALSE,FALSE,FALSE,FALSE,,,,FALSE,3.8,Aire de repos.,TRUE,osm
Aire des Sigues,aire_repos,autoroute,,,France,43.3433531,6.3235577,TRUE,FALSE,FALSE,FALSE,FALSE,TRUE,,,FALSE,3.8,Aire de repos.,TRUE,osm
Aire de Gonfaron,aire_repos,autoroute,,,France,43.3423112,6.3212804,TRUE,FALSE,FALSE,FALSE,FALSE,TRUE,,,FALSE,3.8,Aire de repos.,TRUE,osm
Aire de repos,aire_repos,autoroute,,,France,43.3351192,-1.7098666,TRUE,FALSE,FALSE,FALSE,FALSE,,,,FALSE,3.8,Aire de repos.,TRUE,osm
Aire de repos,aire_repos,autoroute,,,France,43.3340032,-1.8969872,TRUE,FALSE,FALSE,FALSE,FALSE,,,,FALSE,3.8,Aire de repos.,TRUE,osm
Aire de repos,aire_repos,autoroute,,,France,43.3329387,1.9845677,TRUE,FALSE,FALSE,FALSE,FALSE,,,,FALSE,3.8,Aire de repos.,TRUE,osm
Aire de repos,aire_repos,autoroute,,,France,43.3289786,-4.26273,TRUE,FALSE,FALSE,FALSE,FALSE,,,,FALSE,3.8,Aire de repos.,TRUE,osm
Aire de repos,aire_repos,autoroute,,,France,43.3283747,3.1099999,TRUE,FALSE,FALSE,FALSE,FALSE,,,,FALSE,3.8,Aire de repos.,TRUE,osm
Aire de repos,aire_repos,autoroute,,,France,43.3217357,-4.2276424,TRUE,FALSE,FALSE,FALSE,FALSE,,,,FALSE,3.8,Aire de repos.,TRUE,osm
Aire de repos,aire_repos,autoroute,,,France,43.3203979,-4.3894211,TRUE,FALSE,FALSE,FALSE,FALSE,,,,FALSE,3.8,Aire de repos.,TRUE,osm
Aire de repos,aire_repos,autoroute,,,France,43.3199057,-2.4120192,TRUE,FALSE,FALSE,FALSE,FALSE,FALSE,,,FALSE,3.8,Aire de repos.,TRUE,osm
Aire de repos,aire_repos,autoroute,,,France,43.3177211,3.0129905,TRUE,FALSE,FALSE,FALSE,FALSE,FALSE,,,FALSE,3.8,Aire de repos.,TRUE,osm
Aire de repos,aire_repos,autoroute,,,France,43.3173147,0.683282,TRUE,FALSE,FALSE,FALSE,FALSE,TRUE,,,FALSE,3.8,Aire de repos.,TRUE,osm
Aire de repos,aire_repos,autoroute,,,France,43.3164649,3.3085243,TRUE,FALSE,FALSE,FALSE,FALSE,FALSE,,,FALSE,3.8,Aire de repos.,TRUE,osm
Aire de Serres-Morlaàs Nord,aire_repos,autoroute,,,France,43.314211,-0.2668896,TRUE,FALSE,FALSE,FALSE,FALSE,,,,FALSE,3.8,Aire de repos.,TRUE,osm
Aire de l'Estambigou,aire_repos,autoroute,,,France,43.3134251,1.9700899,TRUE,FALSE,FALSE,FALSE,FALSE,,,,FALSE,3.8,Aire de repos.,TRUE,osm
Aires de Serres-Morlaàs,aire_repos,autoroute,,,France,43.3132877,-0.2651712,TRUE,FALSE,FALSE,FALSE,FALSE,,,,FALSE,3.8,Aire de repos.,TRUE,osm
Aire de repos,aire_repos,autoroute,,,France,43.3127238,2.503078,TRUE,FALSE,FALSE,FALSE,FALSE,,,,FALSE,3.8,Aire de repos.,TRUE,osm
Aire de Serres-Morlaàs Sud,aire_repos,autoroute,,,France,43.3125057,-0.2633064,TRUE,FALSE,FALSE,FALSE,FALSE,,,,FALSE,3.8,Aire de repos.,TRUE,osm
Aire de repos,aire_repos,autoroute,,,France,43.3102524,-0.8560954,TRUE,FALSE,FALSE,FALSE,FALSE,,,,FALSE,3.8,Aire de repos.,TRUE,osm
Aire de repos,aire_repos,autoroute,,,France,43.310231,-4.2432868,TRUE,FALSE,FALSE,FALSE,FALSE,,,,FALSE,3.8,Aire de repos.,TRUE,osm
Aire de repos,aire_repos,autoroute,,,France,43.3100817,-2.008532,TRUE,FALSE,FALSE,FALSE,FALSE,,,,FALSE,3.8,Aire de repos.,TRUE,osm
Aire de repos,aire_repos,autoroute,,,France,43.3067222,-3.6429671,TRUE,FALSE,FALSE,FALSE,FALSE,,,,FALSE,3.8,Aire de repos.,TRUE,osm
Aire de repos,aire_repos,autoroute,,,France,43.3065592,-2.239243,TRUE,FALSE,FALSE,FALSE,FALSE,FALSE,,,FALSE,3.8,Aire de repos.,TRUE,osm
Aire de repos,aire_repos,autoroute,,,France,43.305235,-3.0297375,TRUE,FALSE,FALSE,FALSE,FALSE,FALSE,,,FALSE,3.8,Aire de repos.,TRUE,osm
Aire de repos,aire_repos,autoroute,,,France,43.3011252,-2.3403475,TRUE,FALSE,FALSE,FALSE,FALSE,,,,FALSE,3.8,Aire de repos.,TRUE,osm
Aire de repos,aire_repos,autoroute,,,France,43.2987966,1.9913799,TRUE,FALSE,FALSE,FALSE,FALSE,,,,FALSE,3.8,Aire de repos.,TRUE,osm
Les 4 Chemins,aire_repos,autoroute,,,France,43.2958676,5.3814274,TRUE,FALSE,FALSE,FALSE,FALSE,FALSE,,,FALSE,3.8,Aire de repos.,TRUE,osm
Aire de repos,aire_repos,autoroute,,,France,43.2908853,1.7862037,TRUE,FALSE,FALSE,FALSE,FALSE,FALSE,,,FALSE,3.8,Aire de repos.,TRUE,osm
Aire des Lauvets,aire_repos,autoroute,,,France,43.2830236,6.1874971,TRUE,FALSE,FALSE,FALSE,FALSE,,,,FALSE,3.8,Aire de repos.,TRUE,osm
Aire de Castelnaudary,aire_repos,autoroute,,,France,43.2770849,1.9936558,TRUE,FALSE,FALSE,FALSE,FALSE,TRUE,,,FALSE,3.8,Aire de repos.,TRUE,osm
Aire de Mireval,aire_repos,autoroute,,,France,43.276846,1.9891663,TRUE,FALSE,FALSE,FALSE,FALSE,,,,FALSE,3.8,Aire de repos.,TRUE,osm
Aire de repos,aire_repos,autoroute,,,France,43.2748649,2.7866213,TRUE,FALSE,FALSE,FALSE,FALSE,,,,FALSE,3.8,Aire de repos.,TRUE,osm
Aire du Suvé du Vent,aire_repos,autoroute,,,France,43.2724161,6.1839588,TRUE,FALSE,FALSE,FALSE,FALSE,,,,FALSE,3.8,Aire de repos.,TRUE,osm
Aire de Lespignan,aire_repos,autoroute,,,France,43.2652771,3.1742413,TRUE,FALSE,FALSE,FALSE,FALSE,,,,FALSE,3.8,Aire de repos.,TRUE,osm
Aire de Lespignan,aire_repos,autoroute,,,France,43.2645124,3.17521,TRUE,FALSE,FALSE,FALSE,FALSE,,,,FALSE,3.8,Aire de repos.,TRUE,osm
Aire de Mazères,aire_repos,autoroute,,,France,43.2545208,1.6562315,TRUE,FALSE,FALSE,FALSE,FALSE,TRUE,,,FALSE,3.8,Aire de repos.,TRUE,osm
Aire de Rosefond,aire_repos,autoroute,,,France,43.2542555,1.6576209,TRUE,FALSE,FALSE,FALSE,FALSE,,,,FALSE,3.8,Aire de repos.,TRUE,osm
Aire de repos,aire_repos,autoroute,,,France,43.2391564,-1.4856374,TRUE,FALSE,FALSE,FALSE,FALSE,,,,FALSE,3.8,Aire de repos.,TRUE,osm
Aire du Pas d'Ouillier,aire_repos,autoroute,,,France,43.2372376,5.5894316,TRUE,FALSE,FALSE,FALSE,FALSE,,,,FALSE,3.8,Aire de repos.,TRUE,osm
Aire de Bram,aire_repos,autoroute,,,France,43.2290811,2.1153288,TRUE,FALSE,FALSE,FALSE,FALSE,TRUE,,,FALSE,3.8,Aire de repos.,TRUE,osm
Aire de Montréal,aire_repos,autoroute,,,France,43.228351,2.1140324,TRUE,FALSE,FALSE,FALSE,FALSE,TRUE,,,FALSE,3.8,Aire de repos.,TRUE,osm
Aire Touristique de Périès,aire_repos,autoroute,,,France,43.2256412,1.6047479,TRUE,FALSE,FALSE,FALSE,FALSE,,,,FALSE,3.8,Aire de repos.,TRUE,osm
Aire de repos,aire_repos,autoroute,,,France,43.2181559,-1.4926928,TRUE,FALSE,FALSE,FALSE,FALSE,FALSE,,,FALSE,3.8,Aire de repos.,TRUE,osm
Aire de repos,aire_repos,autoroute,,,France,43.2129374,2.4716047,TRUE,FALSE,FALSE,FALSE,FALSE,,,,FALSE,3.8,Aire de repos.,TRUE,osm
Aire de repos,aire_repos,autoroute,,,France,43.2118063,3.0300507,TRUE,FALSE,FALSE,FALSE,FALSE,,,,FALSE,3.8,Aire de repos.,TRUE,osm
Aire de repos,aire_repos,autoroute,,,France,43.2069496,-1.4430529,TRUE,FALSE,FALSE,FALSE,FALSE,,,,FALSE,3.8,Aire de repos.,TRUE,osm
Aire de repos,aire_repos,autoroute,,,France,43.2039744,2.5289838,TRUE,FALSE,FALSE,FALSE,FALSE,FALSE,,,FALSE,3.8,Aire de repos.,TRUE,osm
Aire de repos,aire_repos,autoroute,,,France,43.2006265,-1.4497061,TRUE,FALSE,FALSE,FALSE,FALSE,,,,FALSE,3.8,Aire de repos.,TRUE,osm
Aire de repos,aire_repos,autoroute,,,France,43.1977597,2.7441899,TRUE,FALSE,FALSE,FALSE,FALSE,,,,FALSE,3.8,Aire de repos.,TRUE,osm
Aire du Belvédère d'Auriac,aire_repos,autoroute,,,France,43.1933445,2.3443002,TRUE,FALSE,FALSE,FALSE,FALSE,,,,FALSE,3.8,Aire de repos.,TRUE,osm
Aire du Belvédère de la Cité,aire_repos,autoroute,,,France,43.1915476,2.3687796,TRUE,FALSE,FALSE,FALSE,FALSE,TRUE,,,FALSE,3.8,Aire de repos.,TRUE,osm
Aire de Repos de Barbaira-Est,aire_repos,autoroute,,,France,43.1863629,2.5196913,TRUE,FALSE,FALSE,FALSE,FALSE,FALSE,,,FALSE,3.8,Aire de repos.,TRUE,osm
Aire de repos,aire_repos,autoroute,,,France,43.185671,2.4978114,TRUE,FALSE,FALSE,FALSE,FALSE,,,,FALSE,3.8,Aire de repos.,TRUE,osm
Aire de Repos de Barbaira-Ouest,aire_repos,autoroute,,,France,43.1847966,2.5041157,TRUE,FALSE,FALSE,FALSE,FALSE,FALSE,,,FALSE,3.8,Aire de repos.,TRUE,osm
Aire de Bordes Nord,aire_repos,autoroute,,,France,43.1838083,0.224144,TRUE,FALSE,FALSE,FALSE,FALSE,TRUE,,,FALSE,3.8,Aire de repos.,TRUE,osm
Aire de repos,aire_repos,autoroute,,,France,43.1739671,0.9668094,TRUE,FALSE,FALSE,FALSE,FALSE,,,,FALSE,3.8,Aire de repos.,TRUE,osm
Aire de Fontcouverte,aire_repos,autoroute,,,France,43.1698666,2.7031348,TRUE,FALSE,FALSE,FALSE,FALSE,TRUE,,,FALSE,3.8,Aire de repos.,TRUE,osm
Aire de la Peyrière,aire_repos,autoroute,,,France,43.1694663,2.707387,TRUE,FALSE,FALSE,FALSE,FALSE,TRUE,,,FALSE,3.8,Aire de repos.,TRUE,osm
Aire de Baretous,aire_repos,autoroute,,,France,43.163187,-0.6828161,TRUE,FALSE,FALSE,FALSE,FALSE,,,,FALSE,3.8,Aire de repos.,TRUE,osm
Aire de Bizanet,aire_repos,autoroute,,,France,43.1629728,2.8470691,TRUE,FALSE,FALSE,FALSE,FALSE,TRUE,,,FALSE,3.8,Aire de repos.,TRUE,osm
Aire de repos,aire_repos,autoroute,,,France,43.1598339,2.2937053,TRUE,FALSE,FALSE,FALSE,FALSE,FALSE,,,FALSE,3.8,Aire de repos.,TRUE,osm
Aire de repos,aire_repos,autoroute,,,France,43.1584402,2.87853,TRUE,FALSE,FALSE,FALSE,FALSE,FALSE,,,FALSE,3.8,Aire de repos.,TRUE,osm
Aire de Pamiers,aire_repos,autoroute,,,France,43.1555328,1.6162645,TRUE,FALSE,FALSE,FALSE,FALSE,TRUE,,,FALSE,3.8,Aire de repos.,TRUE,osm
Aire de Narbonne-Jonquières,aire_repos,autoroute,,,France,43.1545151,2.9564303,TRUE,FALSE,FALSE,FALSE,FALSE,TRUE,,,FALSE,3.8,Aire de repos.,TRUE,osm
Aire de Pech Loubat,aire_repos,autoroute,,,France,43.1542036,2.9633614,TRUE,FALSE,FALSE,FALSE,FALSE,TRUE,,,FALSE,3.8,Aire de repos.,TRUE,osm
Aire de Pamiers,aire_repos,autoroute,,,France,43.1527121,1.6155766,TRUE,FALSE,FALSE,FALSE,FALSE,TRUE,,,FALSE,3.8,Aire de repos.,TRUE,osm
Aire de repos,aire_repos,autoroute,,,France,43.1462953,5.9596445,TRUE,FALSE,FALSE,FALSE,FALSE,,,,FALSE,3.8,Aire de repos.,TRUE,osm
Aire de repos,aire_repos,autoroute,,,France,43.1460505,5.7736092,TRUE,FALSE,FALSE,FALSE,FALSE,,,,FALSE,3.8,Aire de repos.,TRUE,osm
Aire de Sanary-Nord,aire_repos,autoroute,,,France,43.1438875,5.7875014,TRUE,FALSE,FALSE,FALSE,FALSE,TRUE,,,FALSE,3.8,Aire de repos.,TRUE,osm
Aire de Sanary-Sud,aire_repos,autoroute,,,France,43.1416903,5.7914898,TRUE,FALSE,FALSE,FALSE,FALSE,TRUE,,,FALSE,3.8,Aire de repos.,TRUE,osm
Aire de repos,aire_repos,autoroute,,,France,43.1304088,3.0550558,TRUE,FALSE,FALSE,FALSE,FALSE,,,,FALSE,3.8,Aire de repos.,TRUE,osm
Aire de repos,aire_repos,autoroute,,,France,43.1278893,3.0974303,TRUE,FALSE,FALSE,FALSE,FALSE,,,,FALSE,3.8,Aire de repos.,TRUE,osm
Aire de repos,aire_repos,autoroute,,,France,43.1226633,2.6624026,TRUE,FALSE,FALSE,FALSE,FALSE,FALSE,,,FALSE,3.8,Aire de repos.,TRUE,osm
Aire du péage de Lestelle Nord,aire_repos,autoroute,,,France,43.121719,0.8944013,TRUE,FALSE,FALSE,FALSE,FALSE,,,,FALSE,3.8,Aire de repos.,TRUE,osm
Aire du péage de Lestelle Sud,aire_repos,autoroute,,,France,43.1192738,0.8969286,TRUE,FALSE,FALSE,FALSE,FALSE,,,,FALSE,3.8,Aire de repos.,TRUE,osm
Aire de Prat-de-Cest,aire_repos,autoroute,,,France,43.1146191,2.9537626,TRUE,FALSE,FALSE,FALSE,FALSE,TRUE,,,FALSE,3.8,Aire de repos.,TRUE,osm
Aire de Bages,aire_repos,autoroute,,,France,43.1139865,2.9543066,TRUE,FALSE,FALSE,FALSE,FALSE,,,,FALSE,3.8,Aire de repos.,TRUE,osm
Aire de repos,aire_repos,autoroute,,,France,43.1137296,-0.7411666,TRUE,FALSE,FALSE,FALSE,FALSE,,,,FALSE,3.8,Aire de repos.,TRUE,osm
Aire du Pic du Midi,aire_repos,autoroute,,,France,43.104784,0.4721895,TRUE,FALSE,FALSE,FALSE,FALSE,TRUE,,,FALSE,3.8,Aire de repos.,TRUE,osm
Aire du Lac Saint-Martin,aire_repos,autoroute,,,France,43.0998935,0.3554948,TRUE,FALSE,FALSE,FALSE,FALSE,,,,FALSE,3.8,Aire de repos.,TRUE,osm
Aire des Bandouliers,aire_repos,autoroute,,,France,43.0988625,0.3564022,TRUE,FALSE,FALSE,FALSE,FALSE,,,,FALSE,3.8,Aire de repos.,TRUE,osm
Ariège Pyrénées,aire_repos,autoroute,,,France,43.0933255,1.6830016,TRUE,FALSE,FALSE,FALSE,FALSE,,,,FALSE,3.8,Aire de repos.,TRUE,osm
Aire de repos,aire_repos,autoroute,,,France,43.0824852,0.5388716,TRUE,FALSE,FALSE,FALSE,FALSE,,,,FALSE,3.8,Aire de repos.,TRUE,osm
Aire du Viaduc D'Escot,aire_repos,autoroute,,,France,43.0691623,-0.6059218,TRUE,FALSE,FALSE,FALSE,FALSE,,,,FALSE,3.8,Aire de repos.,TRUE,osm
Aire des Fontaines d'Escot,aire_repos,autoroute,,,France,43.0643197,-0.5998259,TRUE,FALSE,FALSE,FALSE,FALSE,,,,FALSE,3.8,Aire de repos.,TRUE,osm
Aire de repos,aire_repos,autoroute,,,France,43.042807,0.5942118,TRUE,FALSE,FALSE,FALSE,FALSE,,,,FALSE,3.8,Aire de repos.,TRUE,osm
Aire du Mail du Couret,aire_repos,autoroute,,,France,43.0400607,-0.6039832,TRUE,FALSE,FALSE,FALSE,FALSE,,,,FALSE,3.8,Aire de repos.,TRUE,osm
Aire de repos,aire_repos,autoroute,,,France,43.0300748,-1.3416063,TRUE,FALSE,FALSE,FALSE,FALSE,FALSE,,,FALSE,3.8,Aire de repos.,TRUE,osm
Aire de repos,aire_repos,autoroute,,,France,43.0271679,-1.333775,TRUE,FALSE,FALSE,FALSE,FALSE,,,,FALSE,3.8,Aire de repos.,TRUE,osm
Aire de repos,aire_repos,autoroute,,,France,43.0229813,-1.3280241,TRUE,FALSE,FALSE,FALSE,FALSE,FALSE,,,FALSE,3.8,Aire de repos.,TRUE,osm
Aire de Gasparets,aire_repos,autoroute,,,France,43.0229238,2.9514213,TRUE,FALSE,FALSE,FALSE,FALSE,,,,FALSE,3.8,Aire de repos.,TRUE,osm
Aire de Sigean,aire_repos,autoroute,,,France,43.0217818,2.9528279,TRUE,FALSE,FALSE,FALSE,FALSE,,,,FALSE,3.8,Aire de repos.,TRUE,osm
Aire de repos,aire_repos,autoroute,,,France,43.0006568,0.6271669,TRUE,FALSE,FALSE,FALSE,FALSE,,,,FALSE,3.8,Aire de repos.,TRUE,osm
Aire de repos,aire_repos,autoroute,,,France,42.9921596,0.6298401,TRUE,FALSE,FALSE,FALSE,FALSE,,,,FALSE,3.8,Aire de repos.,TRUE,osm
Aire de repos,aire_repos,autoroute,,,France,42.9871617,2.2628061,TRUE,FALSE,FALSE,FALSE,FALSE,,,,FALSE,3.8,Aire de repos.,TRUE,osm
Aire de repos,aire_repos,autoroute,,,France,42.9769499,2.2630559,TRUE,FALSE,FALSE,FALSE,FALSE,FALSE,,,FALSE,3.8,Aire de repos.,TRUE,osm
Aire de Fronsac,aire_repos,autoroute,,,France,42.9582151,0.6451484,TRUE,FALSE,FALSE,FALSE,FALSE,,,,FALSE,3.8,Aire de repos.,TRUE,osm
Aire de repos,aire_repos,autoroute,,,France,42.9494508,-0.8272486,TRUE,FALSE,FALSE,FALSE,FALSE,,,,FALSE,3.8,Aire de repos.,TRUE,osm
Aire de repos,aire_repos,autoroute,,,France,42.9421565,-0.8498126,TRUE,FALSE,FALSE,FALSE,FALSE,,,,FALSE,3.8,Aire de repos.,TRUE,osm
Aire de Repos,aire_repos,autoroute,,,France,42.9366792,-0.5906427,TRUE,FALSE,FALSE,FALSE,FALSE,,,,FALSE,3.8,Aire de repos.,TRUE,osm
Aire de Repos d'Etsaut,aire_repos,autoroute,,,France,42.9000085,-0.5680316,TRUE,FALSE,FALSE,FALSE,FALSE,,,,FALSE,3.8,Aire de repos.,TRUE,osm
Aire de repos,aire_repos,autoroute,,,France,42.8946931,1.3236903,TRUE,FALSE,FALSE,FALSE,FALSE,,,,FALSE,3.8,Aire de repos.,TRUE,osm
Aire de repos,aire_repos,autoroute,,,France,42.8891606,1.6330117,TRUE,FALSE,FALSE,FALSE,FALSE,,,,FALSE,3.8,Aire de repos.,TRUE,osm
Aire de repos de la Gare d'Urdos,aire_repos,autoroute,,,France,42.8816211,-0.5600885,TRUE,FALSE,FALSE,FALSE,FALSE,,,,FALSE,3.8,Aire de repos.,TRUE,osm
Aire de repos,aire_repos,autoroute,,,France,42.8773391,2.1519498,TRUE,FALSE,FALSE,FALSE,FALSE,,,,FALSE,3.8,Aire de repos.,TRUE,osm
Aire de repos,aire_repos,autoroute,,,France,42.8758263,2.0614115,TRUE,FALSE,FALSE,FALSE,FALSE,,,,FALSE,3.8,Aire de repos.,TRUE,osm
Aire de repos,aire_repos,autoroute,,,France,42.8756944,1.6188741,TRUE,FALSE,FALSE,FALSE,FALSE,,,,FALSE,3.8,Aire de repos.,TRUE,osm
Aire de Fitou,aire_repos,autoroute,,,France,42.8750393,2.9879982,TRUE,FALSE,FALSE,FALSE,FALSE,,,,FALSE,3.8,Aire de repos.,TRUE,osm
Aire de repos,aire_repos,autoroute,,,France,42.8744676,0.7267097,TRUE,FALSE,FALSE,FALSE,FALSE,,,,FALSE,3.8,Aire de repos.,TRUE,osm
Aire de Fitou,aire_repos,autoroute,,,France,42.8735731,2.9885693,TRUE,FALSE,FALSE,FALSE,FALSE,TRUE,,,FALSE,3.8,Aire de repos.,TRUE,osm
Aire de repos,aire_repos,autoroute,,,France,42.8625605,2.462109,TRUE,FALSE,FALSE,FALSE,FALSE,,,,FALSE,3.8,Aire de repos.,TRUE,osm
Aire de repos,aire_repos,autoroute,,,France,42.8517015,0.7357974,TRUE,FALSE,FALSE,FALSE,FALSE,,,,FALSE,3.8,Aire de repos.,TRUE,osm
Aire du Château de Salses,aire_repos,autoroute,,,France,42.8397806,2.9121501,TRUE,FALSE,FALSE,FALSE,FALSE,,,,FALSE,3.8,Aire de repos.,TRUE,osm
Aire de repos,aire_repos,autoroute,,,France,42.8385464,2.325954,TRUE,FALSE,FALSE,FALSE,FALSE,,,,FALSE,3.8,Aire de repos.,TRUE,osm
Aire de repos,aire_repos,autoroute,,,France,42.8362173,1.6060437,TRUE,FALSE,FALSE,FALSE,FALSE,FALSE,,,FALSE,3.8,Aire de repos.,TRUE,osm
Aire de repos,aire_repos,autoroute,,,France,42.8244225,1.57417,TRUE,FALSE,FALSE,FALSE,FALSE,,,,FALSE,3.8,Aire de repos.,TRUE,osm
Aire de repos,aire_repos,autoroute,,,France,42.8207412,0.7136448,TRUE,FALSE,FALSE,FALSE,FALSE,,,,FALSE,3.8,Aire de repos.,TRUE,osm
Aire de repos,aire_repos,autoroute,,,France,42.8014381,0.7031547,TRUE,FALSE,FALSE,FALSE,FALSE,,,,FALSE,3.8,Aire de repos.,TRUE,osm
Aire de repos – Sallent de Gállego,aire_repos,autoroute,,Sallent de Gállego,France,42.7590517,-0.3282706,TRUE,FALSE,FALSE,FALSE,FALSE,,,,FALSE,3.8,Aire de repos. (Sallent de Gállego),TRUE,osm
Aire de repos,aire_repos,autoroute,,,France,42.7566374,0.695489,TRUE,FALSE,FALSE,FALSE,FALSE,,,,FALSE,3.8,Aire de repos.,TRUE,osm
Aire de repos,aire_repos,autoroute,,,France,42.7565476,-0.8310372,TRUE,FALSE,FALSE,FALSE,FALSE,FALSE,,,FALSE,3.8,Aire de repos.,TRUE,osm
Aire de Pia,aire_repos,autoroute,,,France,42.7536283,2.8933167,TRUE,FALSE,FALSE,FALSE,FALSE,TRUE,,,FALSE,3.8,Aire de repos.,TRUE,osm
Aire de Rivesaltes,aire_repos,autoroute,,,France,42.7509434,2.8918555,TRUE,FALSE,FALSE,FALSE,FALSE,TRUE,,,FALSE,3.8,Aire de repos.,TRUE,osm
Aire de Perles et Castelet,aire_repos,autoroute,,,France,42.7377554,1.7895759,TRUE,FALSE,FALSE,FALSE,FALSE,,,,FALSE,3.8,Aire de repos.,TRUE,osm
Aire de repos,aire_repos,autoroute,,,France,42.7336821,-0.7897876,TRUE,FALSE,FALSE,FALSE,FALSE,,,,FALSE,3.8,Aire de repos.,TRUE,osm
Aire de repos,aire_repos,autoroute,,,France,42.7057149,-0.3156421,TRUE,FALSE,FALSE,FALSE,FALSE,,,,FALSE,3.8,Aire de repos.,TRUE,osm
Aire de repos,aire_repos,autoroute,,,France,42.682326,-0.5324728,TRUE,FALSE,FALSE,FALSE,FALSE,,,,FALSE,3.8,Aire de repos.,TRUE,osm
Aire de repos,aire_repos,autoroute,,,France,42.6670119,-1.4358888,TRUE,FALSE,FALSE,FALSE,FALSE,,,,FALSE,3.8,Aire de repos.,TRUE,osm
Aire des Pavillons,aire_repos,autoroute,,,France,42.6550426,2.862604,TRUE,FALSE,FALSE,FALSE,FALSE,,,,FALSE,3.8,Aire de repos.,TRUE,osm
Aire des Pavillons,aire_repos,autoroute,,,France,42.652225,2.8606156,TRUE,FALSE,FALSE,FALSE,FALSE,,,,FALSE,3.8,Aire de repos.,TRUE,osm
Aire de repos,aire_repos,autoroute,,,France,42.6181025,-0.1994838,TRUE,FALSE,FALSE,FALSE,FALSE,,,,FALSE,3.8,Aire de repos.,TRUE,osm
Aire de repos,aire_repos,autoroute,,,France,42.6114488,2.0530633,TRUE,FALSE,FALSE,FALSE,FALSE,,,,FALSE,3.8,Aire de repos.,TRUE,osm
Aire de repos,aire_repos,autoroute,,,France,42.6114062,-0.1535665,TRUE,FALSE,FALSE,FALSE,FALSE,,,,FALSE,3.8,Aire de repos.,TRUE,osm
Aire de repos,aire_repos,autoroute,,,France,42.6108521,-1.0473634,TRUE,FALSE,FALSE,FALSE,FALSE,,,,FALSE,3.8,Aire de repos.,TRUE,osm
Aire de repos,aire_repos,autoroute,,,France,42.5995792,2.8589465,TRUE,FALSE,FALSE,FALSE,FALSE,,,,FALSE,3.8,Aire de repos.,TRUE,osm
Aire de repos,aire_repos,autoroute,,,France,42.5914825,-0.9370586,TRUE,FALSE,FALSE,FALSE,FALSE,,,,FALSE,3.8,Aire de repos.,TRUE,osm
Aire de repos,aire_repos,autoroute,,,France,42.5701817,9.3054901,TRUE,FALSE,FALSE,FALSE,FALSE,,,,FALSE,3.8,Aire de repos.,TRUE,osm
Eslava,aire_repos,autoroute,,,France,42.5609068,-1.4599032,TRUE,FALSE,FALSE,FALSE,FALSE,,,,FALSE,3.8,Aire de repos.,TRUE,osm
Aire de repos,aire_repos,autoroute,,,France,42.5554774,-0.6322094,TRUE,FALSE,FALSE,FALSE,FALSE,,,,FALSE,3.8,Aire de repos.,TRUE,osm
Aire de repos,aire_repos,autoroute,,,France,42.5546975,1.8145627,TRUE,FALSE,FALSE,FALSE,FALSE,,,,FALSE,3.8,Aire de repos.,TRUE,osm
Àrea de descans,aire_repos,autoroute,,,France,42.546816,1.5918861,TRUE,FALSE,FALSE,FALSE,FALSE,FALSE,,,FALSE,3.8,Aire de repos.,TRUE,osm
Aire de repos,aire_repos,autoroute,,,France,42.5399692,1.5916378,TRUE,FALSE,FALSE,FALSE,FALSE,,,,FALSE,3.8,Aire de repos.,TRUE,osm
Aire de Thuès,aire_repos,autoroute,,,France,42.5252556,2.2260642,TRUE,FALSE,FALSE,FALSE,FALSE,FALSE,,,FALSE,3.8,Aire de repos.,TRUE,osm
Aire de Fontpédrouse,aire_repos,autoroute,,,France,42.5150614,2.1931402,TRUE,FALSE,FALSE,FALSE,FALSE,FALSE,,,FALSE,3.8,Aire de repos.,TRUE,osm
Mont-Louis,aire_repos,autoroute,,,France,42.5086469,2.1251141,TRUE,FALSE,FALSE,FALSE,FALSE,FALSE,,,FALSE,3.8,Aire de repos.,TRUE,osm
Aire du Pallat,aire_repos,autoroute,,,France,42.5070415,2.1681329,TRUE,FALSE,FALSE,FALSE,FALSE,FALSE,,,FALSE,3.8,Aire de repos.,TRUE,osm
Aire Gisclard,aire_repos,autoroute,,,France,42.5065613,2.1446309,TRUE,FALSE,FALSE,FALSE,FALSE,FALSE,,,FALSE,3.8,Aire de repos.,TRUE,osm
Aire de la Cassagne,aire_repos,autoroute,,,France,42.5061396,2.1516044,TRUE,FALSE,FALSE,FALSE,FALSE,FALSE,,,FALSE,3.8,Aire de repos.,TRUE,osm
Aire de repos,aire_repos,autoroute,,,France,42.5027285,1.8360944,TRUE,FALSE,FALSE,FALSE,FALSE,,,,FALSE,3.8,Aire de repos.,TRUE,osm
Aire de repos,aire_repos,autoroute,,,France,42.4727696,2.0542985,TRUE,FALSE,FALSE,FALSE,FALSE,,,,FALSE,3.8,Aire de repos.,TRUE,osm
Aire de repos,aire_repos,autoroute,,,France,42.4478776,3.1636891,TRUE,FALSE,FALSE,FALSE,FALSE,FALSE,,,FALSE,3.8,Aire de repos.,TRUE,osm
Aire de repos,aire_repos,autoroute,,,France,42.438047,1.9446184,TRUE,FALSE,FALSE,FALSE,FALSE,FALSE,,,FALSE,3.8,Aire de repos.,TRUE,osm
Aire de repos,aire_repos,autoroute,,,France,42.4350242,1.9657559,TRUE,FALSE,FALSE,FALSE,FALSE,FALSE,,,FALSE,3.8,Aire de repos.,TRUE,osm
Aire de repos,aire_repos,autoroute,,,France,42.4336028,-1.3156286,TRUE,FALSE,FALSE,FALSE,FALSE,,,,FALSE,3.8,Aire de repos.,TRUE,osm
Nou Fonts,aire_repos,autoroute,,,France,42.4225967,1.1329712,TRUE,FALSE,FALSE,FALSE,FALSE,FALSE,,,FALSE,3.8,Aire de repos.,TRUE,osm
Aire de repos,aire_repos,autoroute,,,France,42.4192521,0.1348174,TRUE,FALSE,FALSE,FALSE,FALSE,,,,FALSE,3.8,Aire de repos.,TRUE,osm
Aire de repos,aire_repos,autoroute,,,France,42.4108107,0.3494609,TRUE,FALSE,FALSE,FALSE,FALSE,,,,FALSE,3.8,Aire de repos.,TRUE,osm
Pantalon murvereccia,aire_repos,autoroute,,,France,42.4095289,8.6111365,TRUE,FALSE,FALSE,FALSE,FALSE,,,,FALSE,3.8,Aire de repos.,TRUE,osm
Aire de repos,aire_repos,autoroute,,,France,42.4084197,-0.3896062,TRUE,FALSE,FALSE,FALSE,FALSE,,,,FALSE,3.8,Aire de repos.,TRUE,osm
Aire de repos,aire_repos,autoroute,,,France,42.3685455,3.096181,TRUE,FALSE,FALSE,FALSE,FALSE,FALSE,,,FALSE,3.8,Aire de repos.,TRUE,osm
Àrea de descans de Campmany,aire_repos,autoroute,,,France,42.365076,2.8931786,TRUE,FALSE,FALSE,FALSE,FALSE,,,,FALSE,3.8,Aire de repos.,TRUE,osm
Àrea de descans de Campmany,aire_repos,autoroute,,,France,42.3649329,2.8922855,TRUE,FALSE,FALSE,FALSE,FALSE,,,,FALSE,3.8,Aire de repos.,TRUE,osm
Aire de repos,aire_repos,autoroute,,,France,42.3607471,-0.3813135,TRUE,FALSE,FALSE,FALSE,FALSE,,,,FALSE,3.8,Aire de repos.,TRUE,osm
Aire de repos,aire_repos,autoroute,,,France,42.3473274,1.9781829,TRUE,FALSE,FALSE,FALSE,FALSE,FALSE,,,FALSE,3.8,Aire de repos.,TRUE,osm
Aire de repos,aire_repos,autoroute,,,France,42.3303778,3.1174991,TRUE,FALSE,FALSE,FALSE,FALSE,FALSE,,,FALSE,3.8,Aire de repos.,TRUE,osm
Aire de repos,aire_repos,autoroute,,,France,42.3297917,3.1074405,TRUE,FALSE,FALSE,FALSE,FALSE,,,,FALSE,3.8,Aire de repos.,TRUE,osm
Aire de repos,aire_repos,autoroute,,,France,42.3279873,3.1015906,TRUE,FALSE,FALSE,FALSE,FALSE,,,,FALSE,3.8,Aire de repos.,TRUE,osm
